<?xml version="1.0"?>
<!DOCTYPE hibernate-mapping PUBLIC "-//Hibernate/Hibernate Mapping DTD 3.0//EN"
	"http://www.hibernate.org/dtd/hibernate-mapping-3.0.dtd">
   
<hibernate-mapping package="com.nec.biomatcher.comp.lobstream.dataAccess">
	<class name="BioLobDataInfo" table="BIO_LOB_DATA_INFO">
		<id name="lobId" type="java.lang.String" column="LOB_ID">
			<generator class="assigned" />
		</id>
		<property name="lobType" type="java.lang.String" column="LOB_TYPE" not-null="true"/>
		<property name="lobData" type="byte[]" column="LOB_DATA" />
		<property name="createDateTime" type="java.util.Date" column="CREATE_DATETIME" not-null="true"/>		
	</class>
</hibernate-mapping>
