<?xml version="1.0"?>
<!DOCTYPE hibernate-mapping PUBLIC "-//Hibernate/Hibernate Mapping DTD 3.0//EN"
	"http://www.hibernate.org/dtd/hibernate-mapping-3.0.dtd">
<hibernate-mapping package="com.nec.biomatcher.comp.entities.dataAccess">
	<class name="BiometricIdDetailInfo" table="BIO_IDENTIFIER_DETAIL_INFO">
		<id name="biometricId" type="java.lang.Long" column="BIOMETRIC_ID">
			<generator class="assigned" />
		</id>
		<property name="binId" type="java.lang.Integer" column="BIN_ID" not-null="true"/>
		<property name="segmentId" type="java.lang.Integer" column="SEGMENT_ID" not-null="true"/>
		<property name="reuseFlag" type="yes_no" column="REUSE_FLAG" not-null="true"/>
		<property name="acquireHost" type="java.lang.String" column="ACQUIRED_HOST" not-null="false"/>
		<property name="acquireDateTime" type="java.util.Date" column="ACQUIRED_DATETIME" not-null="false"/>
	</class>
</hibernate-mapping>
