<?xml version="1.0"?>
<!DOCTYPE hibernate-mapping PUBLIC
	"-//Hibernate/Hibernate Mapping DTD 3.0//EN"
	"http://www.hibernate.org/dtd/hibernate-mapping-3.0.dtd">

<hibernate-mapping package="com.ranga.mapping">
	<class name="Person" table="Persons">
		<id name="id" column="Person_ID" type="long">
			<generator class="native"/>                       
		</id>
		<property name="firstName" column="FirstName" type="string"/>
		<property name="lastName" column="LastName" type="string"/>
		<property name="age" column="Age" type="integer"/>		
	</class>
</hibernate-mapping>
