<?xml version="1.0"?>
<!DOCTYPE hibernate-mapping PUBLIC "-//Hibernate/Hibernate Mapping DTD 3.0//EN"
	"http://www.hibernate.org/dtd/hibernate-mapping-3.0.dtd">
	
<hibernate-mapping package="com.nec.biomatcher.comp.common.errorlog.dataAccess">
	<class name="BioMatcherErrorLogInfo" table="BIO_MATCHER_ERROR_LOG">
		<id name="errorLogId" type="java.lang.String" column="ERROR_LOG_ID">
			<generator class="assigned" />
		</id>
		<property name="errorHost" type="java.lang.String" column="ERROR_HOST" not-null="true" />
		<property name="errorSource" type="java.lang.String" column="ERROR_SOURCE" not-null="false" />
		<property name="errorCode" type="java.lang.String" column="ERROR_CODE" not-null="false" />
		<property name="errorMessage" type="java.lang.String" column="ERROR_MESSAGE" not-null="false" />
		<property name="exceptionDetail" type="org.hibernate.type.MaterializedClobType" column="EXCEPTION_DETAIL" not-null="false" />
		<property name="referenceKey1" type="java.lang.String" column="REFERENCE_KEY1" not-null="false" />
		<property name="referenceKey2" type="java.lang.String" column="REFERENCE_KEY2" not-null="false" />
		<property name="createDateTime" type="java.util.Date" column="CREATE_DATETIME" not-null="true" />
	</class>
</hibernate-mapping>
