<?xml version="1.0"?>
<!DOCTYPE hibernate-mapping PUBLIC "-//Hibernate/Hibernate Mapping DTD 3.0//EN"
	"http://www.hibernate.org/dtd/hibernate-mapping-3.0.dtd">
	
<hibernate-mapping package="com.nec.biomatcher.comp.common.parameter.dataAccess">

	<class name="BioParameter" table="BIO_PARAMETERS">
		<composite-id>
			<key-property name="name" column="NAME"
				type="java.lang.String">
			</key-property>
			<key-property name="scope" column="SCOPE"
				type="java.lang.String">
			</key-property>
		</composite-id>	
		
		<property name="value" type="java.lang.String" column="VALUE" />
	   <!--<property name="value" type="org.hibernate.type.MaterializedClobType" column="VALUE" />-->
		
		<property name="description" type="java.lang.String"
			column="DESCRIPTION" not-null="false">
		</property>
		<property name="dataType" type="java.lang.String"
			column="DATATYPE" not-null="false">
		</property>
		<property name="createDateTime" type="java.util.Date"
			column="CREATE_DATETIME" not-null="true" update="false">
		</property>
		<property name="updateDateTime" type="java.util.Date"
			column="UPDATE_DATETIME" not-null="false">
		</property>
		<property name="createdBy" type="java.lang.String"
			column="CREATEBY" not-null="false">
		</property>
		<property name="updatedBy" type="java.lang.String"
			column="UPDATEBY" not-null="false">
		</property>
	
	</class>
	
</hibernate-mapping>
