<?xml version="1.0"?>
<!DOCTYPE hibernate-mapping PUBLIC "-//Hibernate/Hibernate Mapping DTD 3.0//EN"
	"http://www.hibernate.org/dtd/hibernate-mapping-3.0.dtd">

<hibernate-mapping package="com.nec.biomatcher.comp.common.sequence.dataAccess">

	<class name="BioSequenceNumber" table="BIO_SEQUENCES" lazy="false">
		<composite-id>
			<key-property name="name" column="SEQUENCE_NAME"
				type="java.lang.String"/>
			<key-property name="group" column="SEQUENCE_GROUP"
				type="java.lang.String"/>
		</composite-id>

		<property name="value" type="java.lang.Long"
			column="SEQUENCE_VALUE" not-null="true">
		</property>
		<property name="resetPolicy" type="java.lang.Integer"
			column="RESET_POLICY" not-null="false">
		</property>
<!-- 		<property name="maximum" type="java.lang.Long" -->
<!-- 			column="MAX_NUMBER" not-null="true"> -->
<!-- 		</property> -->
		<property name="minimum" type="java.lang.Long"
			column="MIN_NUMBER" not-null="true">
		</property>
		<property name="createDateTime" type="java.util.Date"
			column="DATETIME_CREATE" not-null="true" update="false" length="7">
		</property>
		<property name="resetDateTime" type="java.util.Date"
			column="DATETIME_LAST_RESET" not-null="false" length="7">
		</property>
	</class>

</hibernate-mapping>
