<?xml version="1.0"?>
<!DOCTYPE hibernate-mapping PUBLIC "-//Hibernate/Hibernate Mapping DTD 3.0//EN"
	"http://www.hibernate.org/dtd/hibernate-mapping-3.0.dtd">
   
<hibernate-mapping package="com.nec.biomatcher.comp.template.storage.dataAccess">
	<class name="BioTemplateStorageInfo" table="BIO_TEMPLATE_STORAGE_INFO">
		<id name="storageId" type="java.lang.Integer" column="STORAGE_ID">
			<generator class="assigned" />
		</id>
		<property name="rootPath" type="java.lang.String" column="ROOT_PATH" not-null="true"/>
		<property name="activeFalg" type="yes_no" column="ACTIVE_FLAG" not-null="true"/>
		<property name="createDateTime" type="java.util.Date" column="CREATE_DATETIME" not-null="true"/>
		<property name="updateDateTime" type="java.util.Date" column="UPDATE_DATETIME" not-null="false"/>
	</class>
</hibernate-mapping>
