<assembly
	xmlns="http://maven.apache.org/plugins/maven-assembly-plugin/assembly/1.1.2"
	xmlns:xsi="http://www.w3.org/2001/XMLSchema-instance"
	xsi:schemaLocation="http://maven.apache.org/plugins/maven-assembly-plugin/assembly/1.1.2 http://maven.apache.org/xsd/assembly-1.1.2.xsd">
	<id>SM-${project.version}</id>
	<formats>
		<format>zip</format>
	</formats>
	<fileSets>
		<!-- fileSet of ${project.basedir}/tomcat must be 1st -->
		<!-- Because assembly plugIn can't overwirte resources -->
		<fileSet>
			<directory>${project.basedir}/tomcat</directory>
			<outputDirectory>/</outputDirectory>
			<includes>
				<include>**/*</include>
			</includes>
		</fileSet>
		<fileSet>
			<directory>${project.build.directory}/unpacked/apache-tomcat-${tomcat.version}</directory>
			<outputDirectory>/</outputDirectory>
		</fileSet>
		<fileSet>
			<directory>${project.build.directory}</directory>
			<outputDirectory>webapps</outputDirectory>
			<includes>
				<include>${project.build.finalName}.war</include>
			</includes>
		</fileSet>
	</fileSets>
	<files>
		<file>
			<source>${project.build.directory}/dependency/summarytool-${project.version}.jar</source>
			<outputDirectory>tools/DBSummaryTool</outputDirectory>
			<destName>dbsummarytool.jar</destName>
		</file>
	</files>
	<dependencySets>
		<dependencySet>
			<includes>
				<include>postgresql:postgresql:jar:*</include>
			</includes>
			<outputDirectory>tools/DBSummaryTool</outputDirectory>
		</dependencySet>
		
		<dependencySet>
			<includes>
				<include>com.oracle.jdbc:ojdbc8</include> 
			</includes>
			<outputDirectory>modules/com/oracle/jdbc/main/</outputDirectory>
			<outputFileNameMapping>ojdbc8.jar</outputFileNameMapping>
		</dependencySet>
		
	</dependencySets>
	
</assembly>
