<?xml version="1.0" encoding="UTF-8" standalone="no"?>
<!DOCTYPE properties SYSTEM "http://java.sun.com/dtd/properties.dtd">
<properties>
<comment>IBM Thread and Monitor Dump Analyzer for Java Technology by Jinwoo Hwang</comment>
<entry key="Directory.prop">C:\Users\xia\Desktop\新しいフォルダー</entry>
<entry key="Confirm.prop">1</entry>
<entry key="Console.prop">IBM Thread and Monitor Dump Analyzer for Java is up to date as of Sat May 19 15:51:03 JST 2018
</entry>
<entry key="LookAndFeel.prop">0</entry>
</properties>
