<!-- 設定ファイルの変更を1分ごとに監視 -->
<configuration scan="true">
  <!-- プロパティ値 -->
  <property name="LOG_CHARSET" value="UTF-8" />
  <property name="LOG_DIR" value="/home/alsok/apache-tomcat-9.0.19/logs" />

  <!--
    出力先の設定
  -->
  <!-- アプリケーションログファイル -->
  <appender name="ApplicationLogFile" class="ch.qos.logback.core.rolling.RollingFileAppender">
    <file>${LOG_DIR}/application.log</file>
    <!-- ERRORレベルまたはプロセス開始・終了メッセージのみ出力 -->
    <filter class="ch.qos.logback.core.filter.EvaluatorFilter">
      <evaluator>
        <expression>
          return marker == null 
                 || marker.getName().equals("Application") 
                 || logger.contains("dao.mapper");
        </expression>
      </evaluator>
      <OnMatch>ACCEPT</OnMatch>
      <OnMismatch>DENY</OnMismatch>
    </filter>
    <rollingPolicy class="ch.qos.logback.core.rolling.SizeAndTimeBasedRollingPolicy">
      <!-- 日次、または、512MBごとにローテーション、31日間保存、起動時アーカイブファイル削除 -->
      <fileNamePattern>${LOG_DIR}/application-%d{yyyy-MM-dd}.%i.log.gz</fileNamePattern>
      <maxFileSize>512MB</maxFileSize>
      <maxHistory>31</maxHistory>
      <cleanHistoryOnStart>true</cleanHistoryOnStart>
    </rollingPolicy>
    <!-- 出力フォーマット -->
    <encoder class="ch.qos.logback.classic.encoder.PatternLayoutEncoder">
         <charset>${LOG_CHARSET}</charset>
         <pattern>%d{yyyy-MM-dd HH:mm:ss.SSS}[%lo][%le][%t] - %msg%n</pattern>
    </encoder>
  </appender>

  <!-- 統合監視用ログファイル -->
  <appender name="ForIntegratedMonitorLogFile" class="ch.qos.logback.core.rolling.RollingFileAppender">
    <file>${LOG_DIR}/ForIntegratedMonitor.log</file>
    <!-- ERRORレベルまたはプロセス開始・終了メッセージのみ出力 -->
    <filter class="ch.qos.logback.core.filter.EvaluatorFilter">
      <evaluator>
        <expression>
          return
              (marker != null &amp;&amp; marker.getName().equals("IntegratedMonitor"));
        </expression>
      </evaluator>
      <OnMatch>ACCEPT</OnMatch>
      <OnMismatch>DENY</OnMismatch>
    </filter>
    <rollingPolicy class="ch.qos.logback.core.rolling.SizeAndTimeBasedRollingPolicy">
      <!-- 日次、または、512MBごとにローテーション、1日間保存、起動時アーカイブファイル削除 -->
      <fileNamePattern>${LOG_DIR}/ForIntegratedMonitor-%d{yyyy-MM-dd}.%i.log.gz</fileNamePattern>
      <maxFileSize>512MB</maxFileSize>
      <maxHistory>1</maxHistory>
      <cleanHistoryOnStart>true</cleanHistoryOnStart>
    </rollingPolicy>
    <!-- 出力フォーマット -->
    <encoder class="ch.qos.logback.classic.encoder.PatternLayoutEncoder">
         <charset>${LOG_CHARSET}</charset>
         <pattern>\(%d{yyyy-MM-dd HH:mm:ss.SSS}\),\(%lo\),\(%msg\)%n</pattern>
    </encoder>
  </appender>

  <!--
     ロガーの設定
  -->
  <!-- SQLのロガー --> 
  <logger name="jp.co.alsok.g6.zwu.dao.mapper" additivity="false">
    <level value="DEBUG" />
    <appender-ref ref="ApplicationLogFile" />
  </logger>
  <logger name="jp.co.alsok.g6.common.web.dao.mapper" additivity="false">
    <level value="DEBUG" />
    <appender-ref ref="ApplicationLogFile" />
  </logger>

  <!-- ルートロガー -->
  <root level="INFO">
    <appender-ref ref="ApplicationLogFile" />
    <appender-ref ref="ForIntegratedMonitorLogFile" />
  </root>
  
  <!-- ログファイル圧縮中にプロセスが終了するとtempファイルが残る件の削除対応 -->
  <shutdownHook class="ch.qos.logback.core.hook.DelayingShutdownHook"/>

</configuration>

