<?xml version="1.0" encoding="UTF-8"?>
<beans xmlns="http://www.springframework.org/schema/beans"
	xmlns:xsi="http://www.w3.org/2001/XMLSchema-instance"
	xmlns:task="http://www.springframework.org/schema/task"
	xmlns:jee="http://www.springframework.org/schema/jee"
	xsi:schemaLocation="
	http://www.springframework.org/schema/beans http://www.springframework.org/schema/beans/spring-beans.xsd
	http://www.springframework.org/schema/task http://www.springframework.org/schema/task/spring-task.xsd
	http://www.springframework.org/schema/jee http://www.springframework.org/schema/jee/spring-jee.xsd">

	<bean id="contextService" class="org.springframework.jndi.JndiObjectFactoryBean">
		<property name="jndiName" value="java:jboss/ee/concurrency/context/default"/>
	</bean>

	<bean id="floatingLicenseManager"
		class="jp.co.nec.aim_xm.license.floating.FloatingLicenseManager">
	</bean>

	<bean id="licenseBroker"
		class="jp.co.nec.aim_xm.license.broker.LicenseBroker">
		<property name="contextService" ref="contextService"/>
		<property name="licenseBrokerServer" ref="licenseBrokerServer"/>
		<property name="floatingLicenseManager" ref="floatingLicenseManager"/>
	</bean>

	<bean id="licenseBrokerServer"
		class="jp.co.nec.aim_xm.license.broker.LicenseBrokerServer">
		<property name="contextService" ref="contextService"/>
		<property name="floatingLicenseManager" ref="floatingLicenseManager"/>
	</bean>
</beans>