﻿<?xml version="1.0" encoding="UTF-8"?>
<beans 	xmlns="http://www.springframework.org/schema/beans"
		xmlns:xsi="http://www.w3.org/2001/XMLSchema-instance"
		xsi:schemaLocation="http://www.springframework.org/schema/beans http://www.springframework.org/schema/beans/spring-beans.xsd">
	
	
	
	<bean id="dialectSelector" class="com.nec.biomatcher.core.framework.dataAccess.DialectSelector">
		<property name="dataSource"><ref bean="${datasource}"/></property>
	</bean>
	
	<bean id="hbSessionFactory" class="org.springframework.orm.hibernate4.LocalSessionFactoryBean">
		<property name="dataSource"> <ref bean="${datasource}"/> </property>

	 	<property name="mappingLocations">
    	    <list>
    	        <value>classpath:com/nec/biomatcher/comp/resources/hibernate/BioServerConnectionInfo.hbm.xml</value>
    	    	<value>classpath:com/nec/biomatcher/comp/resources/hibernate/BioServerGroupInfo.hbm.xml</value>
    	    	<value>classpath:com/nec/biomatcher/comp/resources/hibernate/BioServerInfo.hbm.xml</value>   
    	    	
    	    	<value>classpath:com/nec/biomatcher/comp/resources/hibernate/BioMatcherBinInfo.hbm.xml</value>
    	    	
    	    	<value>classpath:com/nec/biomatcher/comp/resources/hibernate/BiometricEventInfo.hbm.xml</value>
    	    	<value>classpath:com/nec/biomatcher/comp/resources/hibernate/BiometricIdDetailInfo.hbm.xml</value>
    	    	<value>classpath:com/nec/biomatcher/comp/resources/hibernate/BiometricIdInfo.hbm.xml</value>
    	    	<value>classpath:com/nec/biomatcher/comp/resources/hibernate/BioTemplateStorageInfo.hbm.xml</value>
    	    	<value>classpath:com/nec/biomatcher/comp/resources/hibernate/BioTemplateDataInfo.hbm.xml</value>

				<value>classpath:com/nec/biomatcher/comp/resources/hibernate/BioLockInfo.hbm.xml</value>
				<value>classpath:com/nec/biomatcher/comp/resources/hibernate/BioParameter.hbm.xml</value>
				<value>classpath:com/nec/biomatcher/comp/resources/hibernate/BioParameterScope.hbm.xml</value>
				<value>classpath:com/nec/biomatcher/comp/resources/hibernate/BioSequenceNumber.hbm.xml</value>
				
				<value>classpath:com/nec/biomatcher/comp/resources/hibernate/BioMatcherNodeSegmentInfo.hbm.xml</value>
				<value>classpath:com/nec/biomatcher/comp/resources/hibernate/BioMatcherSegmentInfo.hbm.xml</value>
				
				<value>classpath:com/nec/biomatcher/comp/resources/hibernate/BioRemoteSiteSyncInfo.hbm.xml</value>

				<!--  <value>classpath:com/nec/biomatcher/comp/resources/hibernate/BioMessageLogInfo.hbm.xml</value>-->
		   	</list>
	    </property>
  		<!--  property name="schemaUpdate" value="false"/ -->
  		<property name="hibernateProperties">
  			<props>
  				<prop key="hibernate.show_sql">true</prop>
  				<prop key="hibernate.dialect_resolvers">com.nec.biomatcher.core.framework.dataAccess.CustomDialectResolver</prop>
<!--   				<prop key="hibernate.dialect">#{dialectSelector.dialectClass}</prop> -->
<!--     			<prop key="hibernate.dialect">org.hibernate.dialect.MySQL57InnoDBDialect</prop>  -->
<!-- 				<prop key="hibernate.dialect">org.hibernate.dialect.Oracle10gDialect</prop> -->
<!--				<prop key="hibernate.dialect">com.nec.biomatcher.core.framework.dataAccess.Oracle10gDialect</prop> -->

  				<prop key="hibernate.jdbc.batch_size">50</prop>
  				<prop key="hibernate.cache.use_second_level_cache">false</prop> 				  				
				<prop key="hibernate.bytecode.use_reflection_optimizer">false</prop>				
  				<!-- Add to use C3PO Connection Pooling-->  			
  				<prop key="hibernate.transaction.factory_class">org.hibernate.transaction.JDBCTransactionFactory</prop>  				
				<prop key="hibernate.cache.provider_class">org.hibernate.cache.OSCacheProvider</prop>
				<!--<prop key="hibernate.current_session_context_class">thread</prop>-->					
				<prop key="hibernate.validator.apply_to_ddl">false</prop>
				<prop key="hibernate.validator.autoregister_listeners">false</prop>
  			</props>
  		</property>
	</bean>

	<bean id="hbTxManager" class="org.springframework.orm.hibernate4.HibernateTransactionManager" abstract="true">
		<property name="defaultTimeout" value="300" />
		<property name="dataSource" ref="${datasource}" />
		<property name="sessionFactory" ref="hbSessionFactory"/>
	</bean>

	<bean id="txManager" parent="${application.txManager}" />
				
	<import resource="classpath:/com/nec/biomatcher/comp/resources/spring/dao/spring-dao.xml"/>
</beans>
