<?xml version="1.0" encoding="UTF-8"?>
<metadata modelVersion="1.1.0">
  <groupId>jp.co.nec.aim.common</groupId>
  <artifactId>common</artifactId>
  <version>5.0.0-SNAPSHOT</version>
  <versioning>
    <snapshot>
      <localCopy>true</localCopy>
    </snapshot>
    <lastUpdated>20150624232221</lastUpdated>
    <snapshotVersions>
      <snapshotVersion>
        <classifier>sources</classifier>
        <extension>jar</extension>
        <value>5.0.0-SNAPSHOT</value>
        <updated>20150624232221</updated>
      </snapshotVersion>
      <snapshotVersion>
        <extension>jar</extension>
        <value>5.0.0-SNAPSHOT</value>
        <updated>20150624232221</updated>
      </snapshotVersion>
      <snapshotVersion>
        <extension>pom</extension>
        <value>5.0.0-SNAPSHOT</value>
        <updated>20150624232221</updated>
      </snapshotVersion>
    </snapshotVersions>
  </versioning>
</metadata>
