<?xml version="1.0" encoding="UTF-8"?>
<metadata modelVersion="1.1.0">
  <groupId>jp.co.nec.aim.common</groupId>
  <artifactId>common</artifactId>
  <version>5.0.0-SNAPSHOT</version>
  <versioning>
    <snapshot>
      <timestamp>20150625.013845</timestamp>
      <buildNumber>5</buildNumber>
    </snapshot>
    <lastUpdated>20150625013845</lastUpdated>
    <snapshotVersions>
      <snapshotVersion>
        <extension>jar</extension>
        <value>5.0.0-20150625.013845-5</value>
        <updated>20150625013845</updated>
      </snapshotVersion>
      <snapshotVersion>
        <extension>pom</extension>
        <value>5.0.0-20150625.013845-5</value>
        <updated>20150625013845</updated>
      </snapshotVersion>
      <snapshotVersion>
        <classifier>sources</classifier>
        <extension>jar</extension>
        <value>5.0.0-20150625.013845-5</value>
        <updated>20150625013845</updated>
      </snapshotVersion>
    </snapshotVersions>
  </versioning>
</metadata>
