<?xml version="1.0" encoding="UTF-8" standalone="yes"?>
<verifyJobResultDto>
    <jobId>verifyjob1</jobId>
    <candidateResultList>
        <candidateId>CandidateId1538635302382</candidateId>
        <fusionScore>999.0</fusionScore>
        <modalScoreList>
            <compositeScore>999.0</compositeScore>
            <modal>FINGER</modal>
            <rawScoreList>
                <score>999</score>
                <algorithmType>FINGER_LFML</algorithmType>
                <probePosition>ROLL_LINDEX</probePosition>
                <position>ROLL_LINDEX</position>
                <probeMinutiaDataIndex>0</probeMinutiaDataIndex>
                <targetMinutiaDataIndex>0</targetMinutiaDataIndex>
                <quality>10</quality>
                <probeMatchedAreaCenter x="100" y="100"/>
                <targetMatchedAreaCenter x="200" y="200"/>
                <minutiaPairList probeMinutiaNumber="47" targetMinutiaNumber="48" similitude="34" probeDirection="2"  targetDirection="2" />
                <minutiaPairList probeMinutiaNumber="20" targetMinutiaNumber="40" similitude="19" probeDirection="2"  targetDirection="2" />
                <minutiaPairList probeMinutiaNumber="32" targetMinutiaNumber="7"  similitude="94" probeDirection="2"  targetDirection="2" />
                <minutiaPairList probeMinutiaNumber="27" targetMinutiaNumber="64" similitude="28" probeDirection="2"  targetDirection="2" />
                <minutiaPairList probeMinutiaNumber="31" targetMinutiaNumber="1"  similitude="58" probeDirection="2"  targetDirection="2" />
                <minutiaPairList probeMinutiaNumber="56" targetMinutiaNumber="10" similitude="78" probeDirection="2"  targetDirection="2" />
                <minutiaPairList probeMinutiaNumber="19" targetMinutiaNumber="38" similitude="9"  probeDirection="2"  targetDirection="2" />
                <minutiaPairList probeMinutiaNumber="15" targetMinutiaNumber="10" similitude="4"  probeDirection="2"  targetDirection="2" />
                <minutiaPairList probeMinutiaNumber="29" targetMinutiaNumber="28" similitude="59" probeDirection="2"  targetDirection="2" />
                <minutiaPairList probeMinutiaNumber="45" targetMinutiaNumber="18" similitude="48" probeDirection="2"  targetDirection="2" />
                <minutiaPairList probeMinutiaNumber="39" targetMinutiaNumber="41" similitude="80" probeDirection="2"  targetDirection="2" />
                <minutiaPairList probeMinutiaNumber="34" targetMinutiaNumber="44" similitude="7"  probeDirection="2"  targetDirection="2" />
                <minutiaPairList probeMinutiaNumber="23" targetMinutiaNumber="18" similitude="14" probeDirection="2"  targetDirection="2" />             
            </rawScoreList>
        </modalScoreList>
        <success>false</success>
    </candidateResultList>
    <featureData algorithmType="FINGER_LFML">
        <minutiaDataList index="0">
            <minutia algorithmType="FINGER_CML">
                <data>TWludXRpYURhdGFGb3JUZXN0</data>
            </minutia>
        </minutiaDataList>
        <minutiaDataList index="1">
            <minutia algorithmType="FINGER_CML">
                <data>TWludXRpYURhdGFGb3JUZXN0</data>
            </minutia>
        </minutiaDataList>
        <minutiaDataList index="2">
            <minutia algorithmType="FINGER_CML">
                <data>TWludXRpYURhdGFGb3JUZXN0</data>
            </minutia>
        </minutiaDataList>
        <data>RmVhdHVyZURhdGFGb3JUZXN0</data>
    </featureData>
</verifyJobResultDto>
