<?xml version="1.0" encoding="UTF-8"?>
<beans xmlns="http://www.springframework.org/schema/beans"
	xmlns:xsi="http://www.w3.org/2001/XMLSchema-instance"
	xsi:schemaLocation="http://www.springframework.org/schema/beans http://www.springframework.org/schema/beans/spring-beans.xsd">
	
	<import resource="classpath:/com/nec/biomatcher/core/resources/spring/services/spring-license.xml"/>
	<import resource="classpath:/com/nec/biomatcher/comp/resources/spring/services/spring-service-lobstream.xml"/>
	
	<bean id="bioSearchControllerManager"
		class="com.nec.biomatcher.identifier.searchcontroller.manager.impl.BioClusteredSearchControllerManagerImpl" lazy-init="false" depends-on="searchControllerParameterConfigurator">
		<property name="bioMatcherConfigService" ref="bioMatcherConfigService" />
		<property name="bioParameterService" ref="bioParameterService" />
	</bean>
	
	<bean id="bioSearchControllerService"
		class="com.nec.biomatcher.identifier.searchcontroller.service.impl.BioSearchControllerServiceImpl"  depends-on="searchControllerParameterConfigurator">
		<property name="biometricEventService" ref="biometricEventService" />
		<property name="bioMatchManagerService" ref="bioMatchManagerService" />
		<property name="templateStorageService" ref="templateStorageService" />
	</bean>
	
	<bean id="searchJobQueueHelper"
		class="com.nec.biomatcher.identifier.searchcontroller.queueing.SearchJobQueueHelper" depends-on="searchControllerParameterConfigurator">
		<property name="bioMatcherConfigService" ref="bioMatcherConfigService" />
		<property name="bioMatchManagerService" ref="bioMatchManagerService" />
		<property name="bioSearchControllerManager" ref="bioSearchControllerManager" />
		<property name="bioExtractionJobService" ref="bioExtractionJobService" />
		<property name="biometricEventService" ref="biometricEventService" />
		<property name="bioParameterService" ref="bioParameterService" />
		<property name="lobImageService" ref="lobImageService" />
		<property name="templateValidatorService" ref="templateValidatorService" />
		<property name="searchJobAssignmentBySearchNodeUtil" ref="searchJobAssignmentBySearchNodeUtil" />
		<property name="httpCallbackService" ref="httpCallbackService" />
		<property name="zmqCallbackService" ref="zmqCallbackService" />
		<property name="strictSegmentSyncCallbackService" ref="strictSegmentSyncCallbackService" />
 		<property name="licenseManager" ref="licenseManager" />
		
	</bean>
	
	<bean id="scToSbSegJobSender"
		class="com.nec.biomatcher.identifier.searchcontroller.util.ScToSbSegJobSender" depends-on="searchControllerParameterConfigurator">
		<property name="bioMatcherConfigService" ref="bioMatcherConfigService" />
		<property name="bioParameterService" ref="bioParameterService" />
	</bean>
	
	<bean id="searchJobAssignmentUtil"
		class="com.nec.biomatcher.identifier.searchcontroller.util.SearchJobAssignmentUtil" depends-on="searchControllerParameterConfigurator">
		<property name="bioSearchControllerManager" ref="bioSearchControllerManager" />
		<property name="bioMatcherConfigService" ref="bioMatcherConfigService" />
		<property name="bioParameterService" ref="bioParameterService" />
		<property name="segmentJobSnClientHelper" ref="segmentJobSnClientHelper" />
		<property name="scToSbSegJobSender" ref="scToSbSegJobSender" />
	</bean>
	
	<bean id="searchJobAssignmentBySearchNodeUtil"
		class="com.nec.biomatcher.identifier.searchcontroller.util.SearchJobAssignmentBySearchNodeUtil" depends-on="searchControllerParameterConfigurator">
		<property name="bioSearchControllerManager" ref="bioSearchControllerManager" />
		<property name="bioMatcherConfigService" ref="bioMatcherConfigService" />
		<property name="bioParameterService" ref="bioParameterService" />
		<property name="searchJobAssignmentUtil" ref="searchJobAssignmentUtil" />
		<property name="bioMatchManagerService" ref="bioMatchManagerService" />
	</bean>
	
	
    <bean id="searchResultCallbackUtil"
		class="com.nec.biomatcher.identifier.searchcontroller.util.SearchResultCallbackUtil" depends-on="searchControllerParameterConfigurator">
		<property name="bioSearchControllerManager" ref="bioSearchControllerManager" />
		<property name="bioMatcherConfigService" ref="bioMatcherConfigService" />
		<property name="bioParameterService" ref="bioParameterService" />
		<property name="searchJobQueueHelper" ref="searchJobQueueHelper" />
	</bean>
	
	
	<!-- bean id="scToSnClientHelper"
		class="com.nec.biomatcher.identifier.searchcontroller.util.ScToSnClientHelper" depends-on="searchControllerParameterConfigurator">
		<property name="bioSearchControllerManager" ref="bioSearchControllerManager" />
		<property name="bioMatcherConfigService" ref="bioMatcherConfigService" />
		<property name="bioParameterService" ref="bioParameterService" />
	</bean -->
	
	<bean id="bioSearchJobControllerService"
		class="com.nec.biomatcher.identifier.searchcontroller.provider.impl.BioSearchJobControllerServiceImpl"  depends-on="searchControllerParameterConfigurator">
		<property name="biometricEventService" ref="biometricEventService" />
		<property name="bioSearchControllerManager" ref="bioSearchControllerManager" />
		<property name="searchJobQueueHelper" ref="searchJobQueueHelper" />
		<property name="jobIdGenerator" ref="jobIdGenerator" />
	</bean>


	<bean id="strictSegmentSyncCallbackService"
		class="com.nec.biomatcher.identifier.searchcontroller.sync.complete.service.StrictSegmentSyncCallbackService"  depends-on="searchControllerParameterConfigurator">
		<property name="syncSegCallbackServiceDao" ref="syncSegCallbackServiceDao" />
		<property name="bioParameterService" ref="bioParameterService" />
	</bean>
	
	

	<bean id="bioSearchJobControllerRmiService" class="org.springframework.remoting.rmi.RmiServiceExporter">
	    <!-- defaults to 1099 -->
	    <property name="registryPort" value="1772"/>

	    <!-- does not necessarily have to be the same name as the bean to be exported -->
	    <property name="serviceName" value="bioSearchJobControllerRmiService"/>

	    <property name="serviceInterface" value="com.nec.biomatcher.spec.services.BioSearchJobControllerService"/>

	    <property name="service" ref="bioSearchJobControllerService" />
	    
	</bean>	

	<bean id="searchControllerParameterConfigurator" class="com.nec.biomatcher.comp.util.BioParameterConfigurator" lazy-init="false">
		<property name="bioParameterService" ref="bioParameterService" />
		<property name="bioParameters">
			<list>
				<value>{ name:"EXTRACTION_WORKER_THREAD_CONCURRENCY", value="50", scope="DEFAULT", dataType="NUMBER", description="Extraction worker thread concurrency count"}</value>
				<value>{ name:"NOTIFY_SEARCH_CALLBACK_IN_WORKER_THREAD_FLAG", value="false", scope="DEFAULT", dataType="BOOLEAN", description="Flag to indicate weather to notify search job callback in worker thread"}</value>
				<value>{ name:"NOTIFY_SYNC_CALLBACK_IN_WORKER_THREAD_FLAG", value="false", scope="DEFAULT", dataType="BOOLEAN", description="Flag to indicate weather to notify insert/update/delete job callback in worker thread"}</value>
				<value>{ name:"INCREASE_RESCHEDULED_JOB_PRIORITY_FLAG", value="true", scope="DEFAULT", dataType="BOOLEAN", description="Flag to indicate weather to increase priority of rescheduled job"}</value>
				<value>{ name:"SEARCH_BROKER_FAILOVER_DELAY_MILLI", value="120000", scope="DEFAULT", dataType="NUMBER", description="Search broker failover delay"}</value>
				<value>{ name:"SEARCH_BROKER_HESSIAN_TIMEOUT_MILLI", value="120000", scope="DEFAULT", dataType="NUMBER", description="Search broker hessian request timeout"}</value>
				<value>{ name:"SEARCH_CONTROLLER_HESSIAN_TIMEOUT_MILLI", value="120000", scope="DEFAULT", dataType="NUMBER", description="Search controller hessian request timeout"}</value>
				<value>{ name:"SYNC_JOB_RETENTION_PERIOD_MILLI", value="1800000", scope="DEFAULT", dataType="NUMBER", description="Insert/Update/Delete job retention period"}</value>
				<value>{ name:"MAX_SYNC_JOB_TIMEOUT_MILLI", value="30000", scope="DEFAULT", dataType="NUMBER", description="Max Insert/Update/Delete job timeout"}</value>
				<value>{ name:"SEARCH_JOB_RETENTION_PERIOD_MILLI", value="1800000", scope="DEFAULT", dataType="NUMBER", description="Search job retention period"}</value>
				<value>{ name:"SEGMENT_VERSION_TARGET_ENABLED_FLAG", value="false", scope="DEFAULT", dataType="BOOLEAN", description="Segment version targeting flag"}</value>
				<value>{ name:"SEARCH_NODE_JOB_OVERLOAD_COUNT", value="2", scope="DEFAULT", dataType="NUMBER", description="Search node job overload count"}</value>
				<value>{ name:"SEARCH_JOB_RESCHEDULE_DELAY_MILLI", value="5", scope="DEFAULT", dataType="NUMBER", description="Search job reschedule delay due to capacity unavailability"}</value>
				<value>{ name:"SEGMENT_CHANGESET_HOUSEKEEPING_INTERVAL_MILLI", value="1800000", scope="DEFAULT", dataType="NUMBER", description="Segment changeset files housekeeping interval"}</value>
				<value>{ name:"SEGMENT_CHANGESET_HOUSEKEEPING_ENABLED_FLAG", value="true", scope="DEFAULT", dataType="BOOLEAN", description="Segment changeset housekeeping enabled flag"}</value>
				<value>{ name:"MAX_CONCURRENCY_PER_SEGMENT_WRITER", value="5", scope="DEFAULT", dataType="NUMBER", description="Max concurrency per segment writer"}</value>
				<value>{ name:"CREATE_SEGMENT_FILE_MAX_LOAD_COUNT", value="10000", scope="DEFAULT", dataType="NUMBER", description="Maximum events to load during re-segmentation"}</value>
				<value>{ name:"SEGMENT_CHANGESET_WRITER_THREAD_CONCURRENCY", value="10", scope="DEFAULT", dataType="NUMBER", description="Segment changeset writer thread concurrency count"}</value>
				<value>{ name:"SEGMENT_FILE_WRITER_THREAD_CONCURRENCY", value="3", scope="DEFAULT", dataType="NUMBER", description="Full segment writer thread concurrency count"}</value>
				<value>{ name:"SYNC_WORKER_THREAD_CONCURRENCY", value="50", scope="DEFAULT", dataType="NUMBER", description="Insert/Update/Delete job worker concurrency count"}</value>
				<value>{ name:"SEGMENT_CHANGE_SET_STORAGE_PATH", value="sys{user.home}/storage/segchangesets/data/", scope="DEFAULT", dataType="STRING", description="Segment changeset files storage path"}</value>
				<value>{ name:"FULL_SEGMENT_STORAGE_PATH", value="sys{user.home}/storage/segmentfiles/data/", scope="DEFAULT", dataType="STRING", description="Full Segment files storage path"}</value>
				<value>{ name:"SEGMENT_WRITER_NOTIFICATION_DELAY_MILLI", value="180000", scope="DEFAULT", dataType="NUMBER", description="Segment changeset writer notification delay"}</value>
				<value>{ name:"EVENT_VERSION_NOTIFICATION_DELAY_MILLI", value="180000", scope="DEFAULT", dataType="NUMBER", description="Event version notification delay"}</value>
				<value>{ name:"INTERNAL_SEARCH_RESULT_MAX_CANDIDATES", value="500", scope="DEFAULT", dataType="NUMBER", description="Max search hit events to keep for merging"}</value>
				<value>{ name:"USE_STICKY_BIOMETRIC_ID_GENERATOR_FLAG", value="false", scope="DEFAULT", dataType="BOOLEAN", description="Flag to enable sticky biometric identifier generator"}</value>
				<value>{ name:"BIOMETRIC_ID_GENERATOR_STICKY_TIMEOUT_MILLI", value="300000", scope="DEFAULT", dataType="NUMBER", description="Biometric identifier generator sticky timeout"}</value>
				<value>{ name:"SC_CONVERSION_MODE_FLAG", value="false", scope="DEFAULT", dataType="BOOLEAN", description="Conversion mode flag, if true, it will skip pending sync mode"}</value>
				<value>{ name:"LOCK_DURING_SEARCH_JOB_ASSIGNMENT_FLAG", value="true", scope="DEFAULT", dataType="BOOLEAN", description="Lock during search job assignment"}</value>
				<value>{ name:"SEARCH_RESULT_LISTENER_ZMQ_IO_THREAD_COUNT", value="10", scope="DEFAULT", dataType="NUMBER", description="Search result listener ZMQ IO thread count"}</value>
				<value>{ name:"SEARCH_RESULT_WORKER_CONCURRENCY_COUNT", value="30", scope="DEFAULT", dataType="NUMBER", description="Search result worker thread concurrency"}</value>
				<value>{ name:"EVENT_VERSION_ASSIGNMENT_THREAD_CONCURRENCY", value="10", scope="DEFAULT", dataType="NUMBER", description="Event version assignment task concurrency"}</value>
				<value>{ name:"EVENT_VERSION_ASSIGNMENT_RATE_PER_SECOND", value="5.0", scope="DEFAULT", dataType="NUMBER", description="Rate limiter for event version assignment to newly created or modified or deleted events"}</value>
				<value>{ name:"SEARCH_BROKER_NOTIFICATION_PROCESSOR_DELAY_MILLI", value="180000", scope="DEFAULT", dataType="NUMBER", description="Search broker notifications processor delay"}</value>
				<value>{ name:"SEARCH_BROKER_NOTIFICATION_PROCESSOR_THREAD_CONCURRENCY", value="5", scope="DEFAULT", dataType="NUMBER", description="Search broker notification task concurrency"}</value>
				<value>{ name:"TEMP_WORKING_STORAGE_PATH", value="/tmp", scope="DEFAULT", dataType="STRING", description="Temporary working folder for creating full segment file"}</value>
				
			</list>
		</property>
	</bean>	

</beans>
