<?xml version="1.0" encoding="UTF-8"?>
<beans xmlns="http://www.springframework.org/schema/beans"
	xmlns:xsi="http://www.w3.org/2001/XMLSchema-instance"
	xsi:schemaLocation="http://www.springframework.org/schema/beans http://www.springframework.org/schema/beans/spring-beans.xsd">

	<bean id="lobImageFileService"
		class="com.nec.biomatcher.comp.lobstream.impl.LobImageFileServiceImpl">
		<property name="bioParameterService" ref="bioParameterService" />
	</bean>
	
	<bean id="lobImageCassandraService"
		class="com.nec.biomatcher.comp.lobstream.impl.LobImageCassandraServiceImpl">
		<property name="bioParameterService" ref="bioParameterService" />
		<property name="bioMatcherConfigService" ref="bioMatcherConfigService" />
	</bean>		
	  
	<bean id="adminClusterInstance"
		class="com.nec.biomatcher.comp.cluster.ClusterInstance" lazy-init="true">	
		<constructor-arg index="0" value="MEGHA_ADMIN_CLUSTER"/>		
	</bean>		
		
	<bean id="lobImageService"
		class="com.nec.biomatcher.comp.lobstream.impl.LobImageDelegateServiceImpl" lazy-init="true" >
		<property name="bioParameterService" ref="bioParameterService" />
		<property name="lobImageFileService" ref="lobImageFileService" />
		<property name="lobImageCassandraService" ref="lobImageCassandraService" />
		<property name="adminClusterInstance" ref="adminClusterInstance" />
	</bean>

</beans>
