<assembly
	xmlns="http://maven.apache.org/plugins/maven-assembly-plugin/assembly/1.1.2"
	xmlns:xsi="http://www.w3.org/2001/XMLSchema-instance"
	xsi:schemaLocation="http://maven.apache.org/plugins/maven-assembly-plugin/assembly/1.1.2 http://maven.apache.org/xsd/assembly-1.1.2.xsd">
	<id>${project.version}</id>
	<formats>
		<format>zip</format>
	</formats>
	<fileSets>
		<!-- fileSet of ${project.basedir}/wildfly-9.0.2.Final must be 1st -->
		<!-- Because assembly plugIn can't overwirte resources -->
		<fileSet>
			<directory>../../setup/initial/wildfly-${version.wildfly}</directory>
			<outputDirectory>.</outputDirectory>
			<includes>
				<include>**/*</include>
			</includes>
		</fileSet>
		<fileSet>
			<directory>${project.build.directory}/unpacked/wildfly-${version.wildfly}</directory>
			<outputDirectory>.</outputDirectory>
		</fileSet>
		<fileSet>
			<directory>${project.build.directory}</directory>
			<outputDirectory>standalone/deployments</outputDirectory>

			<includes>
				<include>aim-xm-global-megha-${project.version}.ear</include>
			</includes>
		</fileSet>
	</fileSets>
	<dependencySets>	
		<dependencySet>
			<includes>
				<include>com.oracle.jdbc:ojdbc8</include> 
			</includes>
			<outputDirectory>modules/system/layers/base/com/oracle/jdbc/main/</outputDirectory>
			<outputFileNameMapping>ojdbc8.jar</outputFileNameMapping>
		</dependencySet> 
		<dependencySet>
			<includes>
				<include>com.nec.lmx.agent:lmx-agent</include> 
			</includes>
			<outputDirectory>license/agent/</outputDirectory>
			<outputFileNameMapping>lmx-agent.jar</outputFileNameMapping>
		</dependencySet> 		
		
	</dependencySets>	
</assembly>