<?xml version="1.0" encoding="UTF-8"?>
<beans xmlns="http://www.springframework.org/schema/beans"
	xmlns:xsi="http://www.w3.org/2001/XMLSchema-instance"
	xsi:schemaLocation="http://www.springframework.org/schema/beans http://www.springframework.org/schema/beans/spring-beans.xsd">

	<!-- ==============================   CACHE   ============================= -->
	
	<bean id="ehCacheManager" class="org.springframework.cache.ehcache.EhCacheManagerFactoryBean">
	  <!-- property name="configLocation">
	    <value>classpath:ehcache.xml</value>
	  </property -->
	</bean>
	
	<bean id="methodCache" class="org.springframework.cache.ehcache.EhCacheFactoryBean">
	  <property name="cacheManager" ref="ehCacheManager" />
	  <property name="cacheName">
	    <value>com.nec.asia.idserver.cache.METHOD_CACHE</value>
	  </property>
	  <property name="overflowToDisk">
	    <value>false</value>
	  </property>	
   	  <property name="timeToLive">
	    <value>13600</value>
	  </property>
   	  <property name="timeToIdle">
	    <value>13600</value>
	  </property>
	  <property name="maxEntriesLocalHeap">
	    <value>50000</value>
	  </property>
	  
	</bean>

	<bean id="methodCacheManager" class="com.nec.biomatcher.core.framework.cache.SpringCacheManager">
	  <property name="cache" ref="methodCache" />
	</bean>

	<bean id="functionalCacheService" class="com.nec.biomatcher.core.framework.cache.FunctionalCacheServiceImpl">
	</bean>

	<bean id="methodCacheInterceptor" class="com.nec.biomatcher.core.framework.cache.SpringMethodCacheInterceptor" lazy-init="false" >
	  <property name="cache" ref="methodCache" />
	  <property name="timeToLiveSecondsFunction" ref="timeToLiveSecondsFunction" />
	  <property name="timeToIdleSecondsFunction" ref="timeToIdleSecondsFunction" />
	</bean>

  	<bean name="methodCacheAutoProxy" class="org.springframework.aop.framework.autoproxy.BeanNameAutoProxyCreator" lazy-init="false" >
    	<property name="beanNames">
    	  <!-- List of services whose method results that needs to be cached-->
          <value>
          	functionalCacheService, bioParameterService, bioMatcherConfigService, templateStorageService, bioMatchManagerService, bioAdminService
          </value>
      	</property>
    	<property name="interceptorNames">
        	<list>
          		<value>methodCacheInterceptor</value>
        	</list>
    	</property>
   	</bean>
   	
</beans>
