<?xml version="1.0" encoding="UTF-8"?>
<beans xmlns="http://www.springframework.org/schema/beans"
       xmlns:xsi="http://www.w3.org/2001/XMLSchema-instance"
       xsi:schemaLocation="http://www.springframework.org/schema/beans http://www.springframework.org/schema/beans/spring-beans.xsd">
       
	<bean id="springSelfAssignmentBean" 
		class="com.nec.biomatcher.core.framework.springSupport.SpringSelfAssignmentBean"
		depends-on="methodCacheAutoProxy" 
		lazy-init="false">
		<property name = "sourceTargetBeanMap" >
			<map>
				<entry key-ref="bioParameterService" value-ref="_bioParameterService" />
				<entry key-ref="bioLockingService" value-ref="_bioLockingService" />
				<entry key-ref="bioMatcherConfigService" value-ref="_bioMatcherConfigService" />
			</map>
		</property>
    </bean>  

    
</beans>

