﻿<?xml version="1.0" encoding="UTF-8"?>
<beans xmlns="http://www.springframework.org/schema/beans"
       xmlns:xsi="http://www.w3.org/2001/XMLSchema-instance"
       xsi:schemaLocation="http://www.springframework.org/schema/beans http://www.springframework.org/schema/beans/spring-beans.xsd">

    <bean id="springServiceManager"
          class="com.nec.biomatcher.core.framework.springSupport.SpringServiceManager">
    </bean>

    <bean id="performanceMonitor"
          class="org.springframework.aop.interceptor.PerformanceMonitorInterceptor">
    </bean>

    <bean id="serviceTarget"
          class="com.nec.biomatcher.core.framework.springSupport.SpringCoreServiceStub">
    </bean>

    <bean id="loggingInterceptor"
          class="org.springframework.aop.interceptor.CustomizableTraceInterceptor">
        <property name="enterMessage">
            <value>
                $[targetClassShortName].$[methodName]($[arguments])
                Types($[argumentTypes])
            </value>
        </property>
        <property name="exitMessage">
            <value>
                $[targetClassShortName].$[methodName]($[arguments])
                Return ($[returnValue])
            </value>
        </property>
        <property name="exceptionMessage">
            <value>
                $[targetClassShortName].$[methodName] throw out
                exception $[exception]
            </value>
        </property>
    </bean>

    <bean id="abstractService"
          class="com.nec.biomatcher.core.framework.springSupport.SpringServiceFactory"
          abstract="true">
        <property name="transactionManager">
            <ref bean="txManager"/>
        </property>
        <property name="transactionAttributes">
            <props>
                <prop key="*">PROPAGATION_REQUIRED,ISOLATION_READ_COMMITTED,-Exception</prop>
            </props>
        </property>
    </bean>

    <!-- Common Services -->
    
    <bean id="bioParameterService" parent="abstractService">
        <property name="target">
            <ref bean="_bioParameterService"/>
        </property>
        <property name="proxyInterfaces">
            <list>
                <value>
                    com.nec.biomatcher.comp.common.parameter.BioParameterService
                </value>
            </list>
        </property>
    </bean>    

    <bean id="bioLockingService" parent="abstractService">
        <property name="target">
            <ref bean="_bioLockingService"/>
        </property>
        <property name="transactionAttributes">
            <props>
                <prop key="createLock*">PROPAGATION_REQUIRES_NEW,ISOLATION_READ_COMMITTED,-Exception</prop>
                <prop key="*">PROPAGATION_REQUIRED,ISOLATION_READ_COMMITTED,-Exception</prop>
            </props>
        </property>
        <property name="proxyInterfaces">
            <list>
                <value>
                    com.nec.biomatcher.comp.common.locking.BioLockingService
                </value>
            </list>
        </property>
    </bean>    
    
    <bean id="bioSequenceGenerator" parent="abstractService">
        <property name="target">
            <ref bean="_bioSequenceGenerator"/>
        </property>
        <property name="proxyInterfaces">
            <list>
                <value>
                    com.nec.biomatcher.comp.common.sequence.BioSequenceGenerator
                </value>
            </list>
        </property>
    </bean> 
     
		
    <bean id="bioMatcherConfigService" parent="abstractService">
        <property name="target">
            <ref bean="_bioMatcherConfigService"/>
        </property>
        <property name="proxyInterfaces">
            <list>
                <value>
                    com.nec.biomatcher.comp.config.BioMatcherConfigService
                </value>
            </list>
        </property>
    </bean>   

    <bean id="bioMatchManagerService" parent="abstractService">
        <property name="target">
            <ref bean="_bioMatchManagerService"/>
        </property>
        <property name="proxyInterfaces">
            <list>
                <value>
                    com.nec.biomatcher.comp.manager.BioMatchManagerService
                </value>
            </list>
        </property>
    </bean>  
    	
    <bean id="templateStorageService"  parent="abstractService">
		<property name="target">
            <ref bean="_templateStorageService"/>
        </property>
        <property name="proxyInterfaces">
            <list>
                <value>
                    com.nec.biomatcher.comp.template.storage.TemplateStorageService
                </value>
            </list>
        </property>
	</bean>
	
	<bean id="templateDataDbService" parent="abstractService">
		<property name="target">
            <ref bean="_templateDataDbService"/>
        </property>
        <property name="proxyInterfaces">
            <list>
                <value>
                    com.nec.biomatcher.comp.template.storage.TemplateDataService
                </value>
            </list>
        </property>
	</bean>
	
	<bean id="biometricIdService"  parent="abstractService">
		<property name="target">
            <ref bean="_biometricIdService"/>
        </property>
        <property name="transactionAttributes">
            <props>
                <prop key="acquire*">PROPAGATION_REQUIRES_NEW,ISOLATION_READ_COMMITTED,-Exception</prop>
                <prop key="*">PROPAGATION_REQUIRED,ISOLATION_READ_COMMITTED,-Exception</prop>
            </props>
        </property>
        <property name="proxyInterfaces">
            <list>
                <value>
                    com.nec.biomatcher.comp.bioevent.BiometricIdService
                </value>
            </list>
        </property>
	</bean>
	
	<bean id="biometricEventService"  parent="abstractService">
		<property name="target">
            <ref bean="_biometricEventService"/>
        </property>
        <property name="proxyInterfaces">
            <list>
                <value>
                    com.nec.biomatcher.comp.bioevent.BiometricEventService
                </value>
            </list>
        </property>
	</bean>
</beans>

