<?xml version="1.0" encoding="UTF-8"?>
<beans 	xmlns="http://www.springframework.org/schema/beans"
		xmlns:xsi="http://www.w3.org/2001/XMLSchema-instance"
		xsi:schemaLocation="http://www.springframework.org/schema/beans http://www.springframework.org/schema/beans/spring-beans.xsd">
	<bean name="httpBioSearchBrokerService" class="org.springframework.remoting.caucho.HessianServiceExporter">
	  <property name="service" ref="bioSearchBrokerService"/>
	  <property name="serviceInterface" value="com.nec.biomatcher.spec.services.BioSearchBrokerRemoteService"/>
	</bean>	

	<bean class="org.springframework.web.servlet.handler.SimpleUrlHandlerMapping">
		<property name="urlMap">
			<map>
				<entry key="/httpBioSearchBrokerService">
					<ref bean="httpBioSearchBrokerService"/>
				</entry>				
			</map>
		</property>
	</bean>
</beans>
