﻿<?xml version="1.0" encoding="UTF-8"?>
<beans 	xmlns="http://www.springframework.org/schema/beans"
		xmlns:xsi="http://www.w3.org/2001/XMLSchema-instance"
		xsi:schemaLocation="http://www.springframework.org/schema/beans http://www.springframework.org/schema/beans/spring-beans.xsd">
	

<!-- 	<bean id="_bioMatcherWebserviceImpl" class="com.nec.biomatcher.webservices.BioMatcherWebserviceImpl" /> -->
	
	<bean name="httpBioMatcherWebservice" class="org.springframework.remoting.caucho.HessianServiceExporter">
	  <property name="service" ref="bioMatcherWebservice"/>
	  <property name="serviceInterface" value="com.nec.biomatcher.spec.services.webservices.BioMatcherWebservice"/>
	</bean>	

	<bean class="org.springframework.web.servlet.handler.SimpleUrlHandlerMapping">
		<property name="urlMap">
			<map>
				<entry key="/httpBioMatcherWebservice">
					<ref bean="httpBioMatcherWebservice"/>
				</entry>				
			</map>
		</property>
	</bean>
</beans>
