<!-- 設定ファイルの変更を1分ごとに監視 -->
<configuration scan="true">
  <!-- プロパティ値 -->
  <property name="LOG_CHARSET" value="UTF-8" />
  <property name="LOG_DIR" value="/data/kbs_gmn/data/log/WebErrorIndication" />

   <!-- アプリケーションログファイル -->
  <appender name="ApplicationLogFile" class="ch.qos.logback.core.rolling.RollingFileAppender">
    <file>${LOG_DIR}/application.log</file>
    <!-- ERRORレベルまたはプロセス開始・終了メッセージのみ出力 -->
    <filter class="ch.qos.logback.core.filter.EvaluatorFilter">
      <evaluator>
        <expression>
          return marker == null || marker.getName().equals("Application") || logger.contains("dao.mapper");
        </expression>
      </evaluator>
      <OnMatch>ACCEPT</OnMatch>
      <OnMismatch>DENY</OnMismatch>
    </filter>
    <rollingPolicy class="ch.qos.logback.core.rolling.SizeAndTimeBasedRollingPolicy">
      <!-- 日次、または、512MBごとにローテーション、31日間保存、起動時アーカイブファイル削除 -->
      <fileNamePattern>${LOG_DIR}/application-%d{yyyy-MM-dd}.%i.log.gz</fileNamePattern>
      <maxFileSize>512MB</maxFileSize>
      <maxHistory>31</maxHistory>
      <cleanHistoryOnStart>true</cleanHistoryOnStart>
    </rollingPolicy>
    <!-- 出力フォーマット -->
    <encoder class="ch.qos.logback.classic.encoder.PatternLayoutEncoder">
         <charset>${LOG_CHARSET}</charset>
         <pattern>%d{yyyy-MM-dd HH:mm:ss.SSS}[%t][%le][%lo] - %msg%n</pattern>
    </encoder>
  </appender>

   <!-- 統合監視用ログファイル -->
  <appender name="ForIntegratedMonitorLogFile" class="ch.qos.logback.core.rolling.RollingFileAppender">
    <file>${LOG_DIR}/ForIntegratedMonitor.log</file>
    <!-- ERRORレベルまたはプロセス開始・終了メッセージのみ出力 -->
    <filter class="ch.qos.logback.core.filter.EvaluatorFilter">
      <evaluator>
        <expression>
          return
              (marker != null &amp;&amp; marker.getName().equals("IntegratedMonitor"));
        </expression>
      </evaluator>
      <OnMatch>ACCEPT</OnMatch>
      <OnMismatch>DENY</OnMismatch>
    </filter>
    <rollingPolicy class="ch.qos.logback.core.rolling.SizeAndTimeBasedRollingPolicy">
      <!-- 日次、または、512MBごとにローテーション、1日間保存、起動時アーカイブファイル削除 -->
      <fileNamePattern>${LOG_DIR}/ForIntegratedMonitor-%d{yyyy-MM-dd}.%i.log.gz</fileNamePattern>
      <maxFileSize>512MB</maxFileSize>
      <maxHistory>1</maxHistory>
      <cleanHistoryOnStart>true</cleanHistoryOnStart>
    </rollingPolicy>
    <!-- 出力フォーマット -->
    <encoder class="ch.qos.logback.classic.encoder.PatternLayoutEncoder">
         <charset>${LOG_CHARSET}</charset>
         <pattern>\(%d{yyyy-MM-dd HH:mm:ss.SSS}\),\(%lo\),\(%msg\)%n</pattern>
    </encoder>
  </appender>

  <!--
     標準出力に出力する設定です。
  -->

  <logger name="jp.co.alsok.g6.zwo.dao.mapper" additivity="false">
    <level value="DEBUG" />
    <appender-ref ref="ApplicationLogFile" />
  </logger>
  <logger name="jp.co.alsok.g6.common.web.dao.mapper" additivity="false">
    <level value="DEBUG" />
    <appender-ref ref="ApplicationLogFile" />
  </logger>

  <!-- ルートロガー(アプリケーションログ) -->
  <root level="INFO">
    <!-- ログ出力先(複数設定可) -->
    <!-- アプリケーションログ -->
    <appender-ref ref="ApplicationLogFile" />
    <!-- 統合監視用ログ -->
    <appender-ref ref="ForIntegratedMonitorLogFile" />
    <!-- デバッグ用のEclipseコンソールログ設定 -->
  </root>

</configuration>
