<?xml version="1.0" encoding="UTF-8" ?>
<!DOCTYPE mapper
        PUBLIC "-//mybatis.org//DTD Mapper 3.0//EN"
        "http://mybatis.org/dtd/mybatis-3-mapper.dtd">
<mapper namespace="jp.co.alsok.g6.zzw.web.dao.mapper.g6.CommonSearchWithCodeMapper">

    <!--*********************************************** -->
    <!--  監視巡回サイト,運用サイト共通のコード検索                                   -->
    <!--*********************************************** -->

    <!-- ガードセンター.GC名称を、GCコードを基に検索する -->
    <select id="selectGcNmByCode" resultType="hashmap">
    SELECT
      GC_NM as gcNm
    FROM
      commondb.K_GC
    WHERE
      GC_CD = #{gcCd}
    </select>

    <!-- 契約先.事業所.事業所名称 を 、事業所コードを基に検索する -->
    <select id="selectJigyouNmByCode" resultType="hashmap">
    SELECT
      JIGYOU_NM as jigyouNm
    FROM
      commondb.K_JIGYOU
    WHERE
      JIGYOU_CD = #{jigyouCd}
    </select>

    <!--*********************************************** -->
    <!--  監視巡回サイトのコード検索                                                              -->
    <!--*********************************************** -->

    <!--判断理由マスター.内容を、判断理由IDを基に検索する -->
    <select id="selectReasonNaiyouByCode" resultType="hashmap">
    SELECT
      REASON_NAIYOU as reasonNaiyou
    FROM
      g6db.M_REASON
    WHERE
      reason_id = #{reasonId}
    </select>

    <!--GV 判断理由マスタ.内容を、判断理由IDを基に検索する -->
    <select id="selectReasonNaiyouGVByCode" resultType="hashmap">
    SELECT
      NAIYOU as naiyou
    FROM
      fd_keibidb.REASON_MST
    WHERE
      ID_REASON = #{idReason}
    </select>

    <!--原因マスター.原因内容を、原因IDを基に検索する -->
    <select id="selectGeninNaiyouByCode" resultType="hashmap">
    SELECT
      GENIN_NAIYOU as geninNaiyou
    FROM
      g6db.E_GENIN
    WHERE
      GENIN_ID = #{geninId}
      AND DEL_FLG = '0'
    </select>

    <!--V6事案分類コードファイル.内容を、ID事案分類コードを基に検索する -->
    <select id="selectJianbnrcdNaiyouByCode" resultType="hashmap">
    SELECT
      JIANBNRCD_NAIYOU as jianbnrcdNaiyou
    FROM
      g6db.E_V6_JIANBNRCD
    WHERE
      ID_JIANBNR_CD = #{idJianbnrCd}
    </select>

    <!--V6警報分類コード.内容を、ID_警報分類コードを基に検索する -->
    <select id="selectV6KeihobnrcdNaiyouByCode" resultType="hashmap">
    SELECT
      V6_KEIHOBNRCD_NAIYOU as v6KeihobnrcdNaiyou
    FROM
      g6db.E_V6_KEIHOBNRCD
    WHERE
      ID_KEIHOBNRCD = #{idKeihobnrcd}
    </select>

    <!--V6原因分類コード.内容を、判断ID_原因分類コードを基に検索する -->
    <select id="selectV6GenbnrcdNaiyouByCode" resultType="hashmap">
    SELECT
      V6_GENBNRCD_NAIYOU as v6GenbnrcdNaiyou
    FROM
      g6db.E_V6_GENBNRCD
    WHERE
      ID_GENBNRCD = #{idGenbnrcd}
    </select>

    <!--**********************************************-->
    <!-- 運用サイトのコード検索                                                            -->
    <!--**********************************************-->

    <!--警備先.「警備先名1＋警備先名2」を お客様番号２を基に検索する -->
    <select id="selectKeibiNameByCode" resultType="hashmap">
    SELECT
      CONCAT(KEIBI_NAME1, KEIBI_NAME2) as keibiName
    FROM
      g6db.R_KEIBI
    WHERE
      CUSTOMER_NUM2 = #{customerNum2}
      AND DEL_FLG = '0'
    </select>

    <!--警備先.警備先略称名称 を お客様番号２を基に検索する -->
    <select id="selectKeibisakiAbbrNmByCode" resultType="hashmap">
    SELECT
      KEIBISAKI_ABBR_NM as keibisakiAbbrNm
    FROM
      g6db.R_KEIBI
    WHERE
      CUSTOMER_NUM2 = #{customerNum2}
      AND DEL_FLG = '0'
    </select>

    <!--契約先.契約先名称を 契約先コードを基に検索する -->
    <select id="selectKeiykNmByCode" resultType="hashmap">
    SELECT
      KEIYK_NM as keiykNm
    FROM
      g6db.R_KEIYK
    WHERE
      KEIYK_CD = #{keiykCd}
      AND DEL_FLG = '0'
    </select>

    <!-- ***住所 ***************************************************************** -->
    <!--住所マスター.住所を (都道府県名,市区町村名,大字町名,小字町名,丁目名,番地名)を基に検索する -->
    <!-- 検索条件 = 都道府県名  -->
    <select id="selectJyusyoAddrCd1ByCode" parameterType="string" resultType="hashmap">
    SELECT
      CONCAT(IFNULL(ADDR_NM1, "")) as jyusyo
    FROM
      g6db.M_ADDR
    <where>
      <if test="addrCd1 != null" >
      ADDR_CD1_ID =  #{addrCd1}
      </if>
    </where>
      ORDER BY
      ADDR_NM1 desc
      LIMIT 1
    </select>

    <!-- 検索条件 = 市区町村名  -->
    <select id="selectJyusyoAddrCd2ByCode" parameterType="string" resultType="hashmap">
    SELECT
      CONCAT(IFNULL(ADDR_NM1, "")
            , IFNULL(ADDR_NM2, "")) as jyusyo
    FROM
      g6db.M_ADDR
    <where>
      <if test="addrCd1 != null" >
      ADDR_CD1_ID =  #{addrCd1}
      </if>
      <if test="addrCd2 != null" >
      AND ADDR_CD2_ID = #{addrCd2}
      </if>
    </where>
      ORDER BY
      ADDR_NM1 desc
      , ADDR_NM2 desc
      LIMIT 1
    </select>

    <!-- 検索条件 = 大字町名  -->
    <select id="selectJyusyoAddrCd3ByCode" parameterType="string" resultType="hashmap">
    SELECT
      CONCAT(IFNULL(ADDR_NM1, "")
            , IFNULL(ADDR_NM2, "")
            , IFNULL(ADDR_NM3, "")) as jyusyo
    FROM
      g6db.M_ADDR
    <where>
      <if test="addrCd1 != null" >
      ADDR_CD1_ID =  #{addrCd1}
      </if>
      <if test="addrCd2 != null" >
      AND ADDR_CD2_ID = #{addrCd2}
      </if>
      <if test="addrCd3 != null" >
      AND ADDR_CD3_ID = #{addrCd3}
      </if>
    </where>
      ORDER BY
      ADDR_NM1 desc
      , ADDR_NM2 desc
      , ADDR_NM3 desc
      LIMIT 1
    </select>

    <!-- 検索条件 = 小字町名  -->
    <select id="selectJyusyoAddrCd4ByCode" parameterType="string" resultType="hashmap">
    SELECT
      CONCAT(IFNULL(ADDR_NM1, "")
            , IFNULL(ADDR_NM2, "")
            , IFNULL(ADDR_NM3, "")
            , IFNULL(ADDR_NM4, "")) as jyusyo
    FROM
      g6db.M_ADDR
    <where>
      <if test="addrCd1 != null" >
      ADDR_CD1_ID =  #{addrCd1}
      </if>
      <if test="addrCd2 != null" >
      AND ADDR_CD2_ID = #{addrCd2}
      </if>
      <if test="addrCd3 != null" >
      AND ADDR_CD3_ID = #{addrCd3}
      </if>
      <if test="addrCd4 != null" >
      AND ADDR_CD4_ID = #{addrCd4}
      </if>
    </where>
      ORDER BY
      ADDR_NM1 desc
      , ADDR_NM2 desc
      , ADDR_NM3 desc
      , ADDR_NM4 desc
      LIMIT 1
    </select>

    <!-- 検索条件 = 丁目名  -->
    <select id="selectJyusyoAddrCd5ByCode" parameterType="string" resultType="hashmap">
    SELECT
      CONCAT(IFNULL(ADDR_NM1, "")
            , IFNULL(ADDR_NM2, "")
            , IFNULL(ADDR_NM3, "")
            , IFNULL(ADDR_NM4, "")
            , IFNULL(ADDR_NM5, "")) as jyusyo
    FROM
      g6db.M_ADDR
    <where>
      <if test="addrCd1 != null" >
      ADDR_CD1_ID =  #{addrCd1}
      </if>
      <if test="addrCd2 != null" >
      AND ADDR_CD2_ID = #{addrCd2}
      </if>
      <if test="addrCd3 != null" >
      AND ADDR_CD3_ID = #{addrCd3}
      </if>
      <if test="addrCd4 != null" >
      AND ADDR_CD4_ID = #{addrCd4}
      </if>
      <if test="addrCd5 != null" >
      AND ADDR_CD5_ID = #{addrCd5}
      </if>
    </where>
      ORDER BY
      ADDR_NM1 desc
      , ADDR_NM2 desc
      , ADDR_NM3 desc
      , ADDR_NM4 desc
      , ADDR_NM5 desc
      LIMIT 1
    </select>

    <!-- 検索条件 = 番地名  -->
    <select id="selectJyusyoAddrCd6ByCode" parameterType="string" resultType="hashmap">
    SELECT
      CONCAT(IFNULL(ADDR_NM1, "")
            , IFNULL(ADDR_NM2, "")
            , IFNULL(ADDR_NM3, "")
            , IFNULL(ADDR_NM4, "")
            , IFNULL(ADDR_NM5, "")
            , IFNULL(ADDR_NM6, "")) as jyusyo
    FROM
      g6db.M_ADDR
    <where>
      <if test="addrCd1 != null" >
      ADDR_CD1_ID =  #{addrCd1}
      </if>
      <if test="addrCd2 != null" >
      AND ADDR_CD2_ID = #{addrCd2}
      </if>
      <if test="addrCd3 != null" >
      AND ADDR_CD3_ID = #{addrCd3}
      </if>
      <if test="addrCd4 != null" >
      AND ADDR_CD4_ID = #{addrCd4}
      </if>
      <if test="addrCd5 != null" >
      AND ADDR_CD5_ID = #{addrCd5}
      </if>
      <if test="addrCd6 != null" >
      AND ADDR_CD6_ID = #{addrCd6}
      </if>
    </where>
      ORDER BY
      ADDR_NM1 desc
      , ADDR_NM2 desc
      , ADDR_NM3 desc
      , ADDR_NM4 desc
      , ADDR_NM5 desc
      , ADDR_NM6 desc
      LIMIT 1
    </select>

    <!-- ***住所カナ ************************************************************** -->
    <!--住所マスター.住所を (都道府県名,市区町村名,大字町名,小字町名,丁目名,番地名)を基に検索する -->
    <!-- 検索条件 = 都道府県名  -->
    <select id="selectJyusyoAddrCd1KanaByCode" parameterType="string" resultType="hashmap">
    SELECT
      CONCAT(IFNULL(ADDR_1_KANA, "")) as jyusyoKana
    FROM
      g6db.M_ADDR
    <where>
      <if test="addrCd1 != null" >
      ADDR_CD1_ID =  #{addrCd1}
      </if>
    </where>
      ORDER BY
      ADDR_1_KANA desc
      LIMIT 1
    </select>

    <!-- 検索条件 = 市区町村名  -->
    <select id="selectJyusyoAddrCd2KanaByCode" parameterType="string" resultType="hashmap">
    SELECT
      CONCAT(IFNULL(ADDR_1_KANA, "")
            , IFNULL(ADDR_2_KANA, "")) as jyusyoKana
    FROM
      g6db.M_ADDR
    <where>
      <if test="addrCd1 != null" >
      ADDR_CD1_ID =  #{addrCd1}
      </if>
      <if test="addrCd2 != null" >
      AND ADDR_CD2_ID = #{addrCd2}
      </if>
    </where>
      ORDER BY
      ADDR_1_KANA desc
      , ADDR_2_KANA desc
      LIMIT 1
    </select>

    <!-- 検索条件 = 大字町名  -->
    <select id="selectJyusyoAddrCd3KanaByCode" parameterType="string" resultType="hashmap">
    SELECT
      CONCAT(IFNULL(ADDR_1_KANA, "")
            , IFNULL(ADDR_2_KANA, "")
            , IFNULL(ADDR_3_KANA, "")) as jyusyoKana
    FROM
      g6db.M_ADDR
    <where>
      <if test="addrCd1 != null" >
      ADDR_CD1_ID =  #{addrCd1}
      </if>
      <if test="addrCd2 != null" >
      AND ADDR_CD2_ID = #{addrCd2}
      </if>
      <if test="addrCd3 != null" >
      AND ADDR_CD3_ID = #{addrCd3}
      </if>
    </where>
      ORDER BY
      ADDR_1_KANA desc
      , ADDR_2_KANA desc
      , ADDR_3_KANA desc
      LIMIT 1
    </select>

    <!-- 検索条件 = 小字町名  -->
    <select id="selectJyusyoAddrCd4KanaByCode" parameterType="string" resultType="hashmap">
    SELECT
      CONCAT(IFNULL(ADDR_1_KANA, "")
            , IFNULL(ADDR_2_KANA, "")
            , IFNULL(ADDR_3_KANA, "")
            , IFNULL(ADDR_4_KANA, "")) as jyusyoKana
    FROM
      g6db.M_ADDR
    <where>
      <if test="addrCd1 != null" >
      ADDR_CD1_ID =  #{addrCd1}
      </if>
      <if test="addrCd2 != null" >
      AND ADDR_CD2_ID = #{addrCd2}
      </if>
      <if test="addrCd3 != null" >
      AND ADDR_CD3_ID = #{addrCd3}
      </if>
      <if test="addrCd4 != null" >
      AND ADDR_CD4_ID = #{addrCd4}
      </if>
    </where>
      ORDER BY
      ADDR_1_KANA desc
      , ADDR_2_KANA desc
      , ADDR_3_KANA desc
      , ADDR_4_KANA desc
      LIMIT 1
    </select>

    <!-- 検索条件 = 丁目名  -->
    <select id="selectJyusyoAddrCd5KanaByCode" parameterType="string" resultType="hashmap">
    SELECT
      CONCAT(IFNULL(ADDR_1_KANA, "")
            , IFNULL(ADDR_2_KANA, "")
            , IFNULL(ADDR_3_KANA, "")
            , IFNULL(ADDR_4_KANA, "")
            , IFNULL(ADDR_5_KANA, "")) as jyusyoKana
    FROM
      g6db.M_ADDR
    <where>
      <if test="addrCd1 != null" >
      ADDR_CD1_ID =  #{addrCd1}
      </if>
      <if test="addrCd2 != null" >
      AND ADDR_CD2_ID = #{addrCd2}
      </if>
      <if test="addrCd3 != null" >
      AND ADDR_CD3_ID = #{addrCd3}
      </if>
      <if test="addrCd4 != null" >
      AND ADDR_CD4_ID = #{addrCd4}
      </if>
      <if test="addrCd5 != null" >
      AND ADDR_CD5_ID = #{addrCd5}
      </if>
    </where>
      ORDER BY
      ADDR_1_KANA desc
      , ADDR_2_KANA desc
      , ADDR_3_KANA desc
      , ADDR_4_KANA desc
      , ADDR_5_KANA desc
      LIMIT 1
    </select>

    <!-- 検索条件 = 番地名  -->
    <select id="selectJyusyoAddrCd6KanaByCode" parameterType="string" resultType="hashmap">
    SELECT
      CONCAT(IFNULL(ADDR_1_KANA , "")
            , IFNULL(ADDR_2_KANA , "")
            , IFNULL(ADDR_3_KANA, "")
            , IFNULL(ADDR_4_KANA, "")
            , IFNULL(ADDR_5_KANA, "")
            , IFNULL(ADDR_6_KANA, "")) as jyusyoKana
    FROM
      g6db.M_ADDR
    <where>
      <if test="addrCd1 != null" >
      ADDR_CD1_ID =  #{addrCd1}
      </if>
      <if test="addrCd2 != null" >
      AND ADDR_CD2_ID = #{addrCd2}
      </if>
      <if test="addrCd3 != null" >
      AND ADDR_CD3_ID = #{addrCd3}
      </if>
      <if test="addrCd4 != null" >
      AND ADDR_CD4_ID = #{addrCd4}
      </if>
      <if test="addrCd5 != null" >
      AND ADDR_CD5_ID = #{addrCd5}
      </if>
      <if test="addrCd6 != null" >
      AND ADDR_CD6_ID = #{addrCd6}
      </if>
    </where>
      ORDER BY
      ADDR_1_KANA desc
      , ADDR_2_KANA desc
      , ADDR_3_KANA desc
      , ADDR_4_KANA desc
      , ADDR_5_KANA desc
      , ADDR_6_KANA desc
      LIMIT 1
    </select>
</mapper>