<?xml version="1.0" encoding="UTF-8" ?>
<!DOCTYPE mapper PUBLIC "-//mybatis.org//DTD Mapper 3.0//EN" "http://mybatis.org/dtd/mybatis-3-mapper.dtd" >
<mapper namespace="jp.co.alsok.g6.zzw.web.dao.mapper.g6.CommonHUserOperationLogMapper" >
  <resultMap id="BaseResultMap" type="jp.co.alsok.g6.zzw.web.entity.g6.HUserOperationLog" >
    <!--
      WARNING - @mbggenerated
      This element is automatically generated by MyBatis Generator, do not modify.
      This element was generated on Fri Aug 03 21:11:54 JST 2018.
    -->
    <id column="LN_KEIYK" property="lnKeiyk" jdbcType="CHAR" />
    <id column="LN_LOG_USER_OPERATION" property="lnLogUserOperation" jdbcType="CHAR" />
    <result column="USE_DAY" property="useDay" jdbcType="CHAR" />
    <result column="LN_KEIBI" property="lnKeibi" jdbcType="CHAR" />
    <result column="KEIBI_NM" property="keibiNm" jdbcType="CHAR" />
    <result column="LN_KB_CHIKU" property="lnKbChiku" jdbcType="CHAR" />
    <result column="SD_KOBETU_NM" property="sdKobetuNm" jdbcType="CHAR" />
    <result column="USER_NM" property="userNm" jdbcType="CHAR" />
    <result column="DISP_ID" property="dispId" jdbcType="CHAR" />
    <result column="USER_OPERATION_NAIYOU_CD" property="userOperationNaiyouCd" jdbcType="CHAR" />
    <result column="USER_OPERATION_NAIYOU" property="userOperationNaiyou" jdbcType="CHAR" />
    <result column="ACNT_USER_KBN" property="acntUserKbn" jdbcType="CHAR" />
    <result column="BIKOU" property="bikou" jdbcType="CHAR" />
    <result column="INSERT_ID" property="insertId" jdbcType="CHAR" />
    <result column="INSERT_NM" property="insertNm" jdbcType="CHAR" />
    <result column="INSERT_TS" property="insertTs" jdbcType="TIMESTAMP" />
    <result column="UPDATE_ID" property="updateId" jdbcType="CHAR" />
    <result column="UPDATE_NM" property="updateNm" jdbcType="CHAR" />
    <result column="UPDATE_TS" property="updateTs" jdbcType="TIMESTAMP" />
  </resultMap>
  <sql id="Base_Column_List" >
    <!--
      WARNING - @mbggenerated
      This element is automatically generated by MyBatis Generator, do not modify.
      This element was generated on Fri Aug 03 21:11:54 JST 2018.
    -->
    LN_KEIYK, LN_LOG_USER_OPERATION, USE_DAY, LN_KEIBI, KEIBI_NM, LN_KB_CHIKU, SD_KOBETU_NM, 
    USER_NM, DISP_ID, USER_OPERATION_NAIYOU_CD, USER_OPERATION_NAIYOU, ACNT_USER_KBN, 
    BIKOU, INSERT_ID, INSERT_NM, INSERT_TS, UPDATE_ID, UPDATE_NM, UPDATE_TS
  </sql>
  <select id="selectByPrimaryKey" resultMap="BaseResultMap" parameterType="java.lang.String" >
    <!--
      WARNING - @mbggenerated
      This element is automatically generated by MyBatis Generator, do not modify.
      This element was generated on Fri Aug 03 21:11:54 JST 2018.
    -->
    select
    <include refid="Base_Column_List" />
    from H_USER_OPERATION_LOG
    where LN_KEIYK = #{lnKeiyk,jdbcType=CHAR}
    and LN_LOG_USER_OPERATION = #{lnLogUserOperation,jdbcType=CHAR}
  </select>
  <delete id="deleteByPrimaryKey" parameterType="java.lang.String" >
    <!--
      WARNING - @mbggenerated
      This element is automatically generated by MyBatis Generator, do not modify.
      This element was generated on Fri Aug 03 21:11:54 JST 2018.
    -->
    delete from H_USER_OPERATION_LOG
    where LN_KEIYK = #{lnKeiyk,jdbcType=CHAR}
    and LN_LOG_USER_OPERATION = #{lnLogUserOperation,jdbcType=CHAR}
  </delete>
  <insert id="insert" parameterType="jp.co.alsok.g6.zzw.web.entity.g6.HUserOperationLog" >
    <!--
      WARNING - @mbggenerated
      This element is automatically generated by MyBatis Generator, do not modify.
      This element was generated on Fri Aug 03 21:11:54 JST 2018.
    -->
    insert into H_USER_OPERATION_LOG (LN_KEIYK,LN_LOG_USER_OPERATION,USE_DAY, 
      LN_KEIBI, KEIBI_NM, LN_KB_CHIKU, SD_KOBETU_NM,
      USER_NM, DISP_ID, USER_OPERATION_NAIYOU_CD,
      USER_OPERATION_NAIYOU, ACNT_USER_KBN, BIKOU,
      INSERT_ID, INSERT_NM, INSERT_TS,
      UPDATE_ID, UPDATE_NM, UPDATE_TS
      )
    values (#{lnKeiyk,jdbcType=CHAR}, #{lnLogUserOperation,jdbcType=CHAR}, #{useDay,jdbcType=CHAR}, 
      #{lnKeibi,jdbcType=CHAR}, #{keibiNm,jdbcType=CHAR}, #{lnKbChiku,jdbcType=CHAR},#{sdKobetuNm,jdbcType=CHAR},
      #{userNm,jdbcType=CHAR}, #{dispId,jdbcType=CHAR}, #{userOperationNaiyouCd,jdbcType=CHAR},
      #{userOperationNaiyou,jdbcType=CHAR}, #{acntUserKbn,jdbcType=CHAR}, #{bikou,jdbcType=CHAR},
      #{insertId,jdbcType=CHAR}, #{insertNm,jdbcType=CHAR}, #{insertTs,jdbcType=TIMESTAMP},
      #{updateId,jdbcType=CHAR}, #{updateNm,jdbcType=CHAR}, #{updateTs,jdbcType=TIMESTAMP}
      )
  </insert>
  <insert id="insertSelective" parameterType="jp.co.alsok.g6.zzw.web.entity.g6.HUserOperationLog" >
    <!--
      WARNING - @mbggenerated
      This element is automatically generated by MyBatis Generator, do not modify.
      This element was generated on Fri Aug 03 21:11:54 JST 2018.
    -->
    insert into H_USER_OPERATION_LOG
    <trim prefix="(" suffix=")" suffixOverrides="," >
      <if test="lnKeiyk != null">
        LN_KEIYK,
      </if>
      <if test="lnLogUserOperation != null" >
        LN_LOG_USER_OPERATION,
      </if>
       <if test="useDay != null">
        USE_DAY,
      </if>
      <if test="lnKeibi != null">
        LN_KEIBI,
      </if>
      <if test="keibiNm != null" >
        KEIBI_NM,
      </if>
      <if test="lnKbChiku != null">
        LN_KB_CHIKU,
      </if>
      <if test="sdKobetuNm != null" >
        SD_KOBETU_NM,
      </if>
      <if test="userNm != null" >
        USER_NM,
      </if>
      <if test="dispId != null" >
        DISP_ID,
      </if>
      <if test="userOperationNaiyouCd != null" >
        USER_OPERATION_NAIYOU_CD,
      </if>
      <if test="userOperationNaiyou != null" >
        USER_OPERATION_NAIYOU,
      </if>
      <if test="acntUserKbn != null" >
        ACNT_USER_KBN,
      </if>
      <if test="bikou != null" >
        BIKOU,
      </if>
      <if test="insertId != null" >
        INSERT_ID,
      </if>
      <if test="insertNm != null" >
        INSERT_NM,
      </if>
      <if test="insertTs != null" >
        INSERT_TS,
      </if>
      <if test="updateId != null" >
        UPDATE_ID,
      </if>
      <if test="updateNm != null" >
        UPDATE_NM,
      </if>
      <if test="updateTs != null" >
        UPDATE_TS,
      </if>
    </trim>
    <trim prefix="values (" suffix=")" suffixOverrides="," >
      <if test="lnKeiyk != null">
        #{lnKeiyk,jdbcType=CHAR},
      </if>
      <if test="lnLogUserOperation != null" >
        #{lnLogUserOperation,jdbcType=CHAR},
      </if>
      <if test="useDay != null">
        #{useDay,jdbcType=CHAR},
      </if>
      <if test="lnKeibi != null">
        #{lnKeibi,jdbcType=CHAR},
      </if>
      <if test="keibiNm != null" >
        #{keibiNm,jdbcType=CHAR},
      </if>
      <if test="lnKbChiku != null">
        #{lnKbChiku,jdbcType=CHAR},
      </if>
      <if test="sdKobetuNm != null" >
        #{sdKobetuNm,jdbcType=CHAR},
      </if>
      <if test="userNm != null" >
        #{userNm,jdbcType=CHAR},
      </if>
      <if test="dispId != null" >
        #{dispId,jdbcType=CHAR},
      </if>
      <if test="userOperationNaiyouCd != null" >
        #{userOperationNaiyouCd,jdbcType=CHAR},
      </if>
      <if test="userOperationNaiyou != null" >
        #{userOperationNaiyou,jdbcType=CHAR},
      </if>
      <if test="acntUserKbn != null" >
        #{acntUserKbn,jdbcType=CHAR},
      </if>
      <if test="bikou != null" >
        #{bikou,jdbcType=CHAR},
      </if>
      <if test="insertId != null" >
        #{insertId,jdbcType=CHAR},
      </if>
      <if test="insertNm != null" >
        #{insertNm,jdbcType=CHAR},
      </if>
      <if test="insertTs != null" >
        #{insertTs,jdbcType=TIMESTAMP},
      </if>
      <if test="updateId != null" >
        #{updateId,jdbcType=CHAR},
      </if>
      <if test="updateNm != null" >
        #{updateNm,jdbcType=CHAR},
      </if>
      <if test="updateTs != null" >
        #{updateTs,jdbcType=TIMESTAMP},
      </if>
    </trim>
  </insert>
  <update id="updateByPrimaryKeySelective" parameterType="jp.co.alsok.g6.zzw.web.entity.g6.HUserOperationLog" >
    <!--
      WARNING - @mbggenerated
      This element is automatically generated by MyBatis Generator, do not modify.
      This element was generated on Fri Aug 03 21:11:54 JST 2018.
    -->
    update H_USER_OPERATION_LOG
    <set >
      <if test="useDay != null">
        USE_DAY = #{useDay,jdbcType=CHAR},
      </if>
      <if test="lnKeibi != null">
        LN_KEIBI = #{lnKeibi,jdbcType=CHAR},
      </if>
      <if test="keibiNm != null" >
        KEIBI_NM = #{keibiNm,jdbcType=CHAR},
      </if>
      <if test="lnKbChiku != null">
        LN_KB_CHIKU = #{lnKbChiku,jdbcType=CHAR},
      </if>
      <if test="sdKobetuNm != null" >
        SD_KOBETU_NM = #{sdKobetuNm,jdbcType=CHAR},
      </if>
      <if test="userNm != null" >
        USER_NM = #{userNm,jdbcType=CHAR},
      </if>
      <if test="dispId != null" >
        DISP_ID = #{dispId,jdbcType=CHAR},
      </if>
      <if test="userOperationNaiyouCd != null" >
        USER_OPERATION_NAIYOU_CD = #{userOperationNaiyouCd,jdbcType=CHAR},
      </if>
      <if test="userOperationNaiyou != null" >
        USER_OPERATION_NAIYOU = #{userOperationNaiyou,jdbcType=CHAR},
      </if>
      <if test="acntUserKbn != null" >
        ACNT_USER_KBN = #{acntUserKbn,jdbcType=CHAR},
      </if>
      <if test="bikou != null" >
        BIKOU = #{bikou,jdbcType=CHAR},
      </if>
      <if test="insertId != null" >
        INSERT_ID = #{insertId,jdbcType=CHAR},
      </if>
      <if test="insertNm != null" >
        INSERT_NM = #{insertNm,jdbcType=CHAR},
      </if>
      <if test="insertTs != null" >
        INSERT_TS = #{insertTs,jdbcType=TIMESTAMP},
      </if>
      <if test="updateId != null" >
        UPDATE_ID = #{updateId,jdbcType=CHAR},
      </if>
      <if test="updateNm != null" >
        UPDATE_NM = #{updateNm,jdbcType=CHAR},
      </if>
      <if test="updateTs != null" >
        UPDATE_TS = #{updateTs,jdbcType=TIMESTAMP},
      </if>
    </set>
    where LN_KEIYK = #{lnKeiyk,jdbcType=CHAR}
    and LN_LOG_USER_OPERATION = #{lnLogUserOperation,jdbcType=CHAR}
  </update>
  <update id="updateByPrimaryKey" parameterType="jp.co.alsok.g6.zzw.web.entity.g6.HUserOperationLog" >
    <!--
      WARNING - @mbggenerated
      This element is automatically generated by MyBatis Generator, do not modify.
      This element was generated on Fri Aug 03 21:11:54 JST 2018.
    -->
    update H_USER_OPERATION_LOG
    set USE_DAY = #{useDay,jdbcType=CHAR},
      LN_KEIBI = #{lnKeibi,jdbcType=CHAR},
      KEIBI_NM = #{keibiNm,jdbcType=CHAR},
      LN_KB_CHIKU = #{lnKbChiku,jdbcType=CHAR},
      SD_KOBETU_NM = #{sdKobetuNm,jdbcType=CHAR},
      USER_NM = #{userNm,jdbcType=CHAR},
      DISP_ID = #{dispId,jdbcType=CHAR},
      USER_OPERATION_NAIYOU_CD = #{userOperationNaiyouCd,jdbcType=CHAR},
      USER_OPERATION_NAIYOU = #{userOperationNaiyou,jdbcType=CHAR},
      ACNT_USER_KBN = #{acntUserKbn,jdbcType=CHAR},
      BIKOU = #{bikou,jdbcType=CHAR},
      INSERT_ID = #{insertId,jdbcType=CHAR},
      INSERT_NM = #{insertNm,jdbcType=CHAR},
      INSERT_TS = #{insertTs,jdbcType=TIMESTAMP},
      UPDATE_ID = #{updateId,jdbcType=CHAR},
      UPDATE_NM = #{updateNm,jdbcType=CHAR},
      UPDATE_TS = #{updateTs,jdbcType=TIMESTAMP}
    where LN_KEIYK = #{lnKeiyk,jdbcType=CHAR}
    and LN_LOG_USER_OPERATION = #{lnLogUserOperation,jdbcType=CHAR}
  </update>
</mapper>