<?xml version="1.0" encoding="UTF-8" ?>
<!DOCTYPE mapper PUBLIC "-//mybatis.org//DTD Mapper 3.0//EN" "http://mybatis.org/dtd/mybatis-3-mapper.dtd" >
<mapper namespace="jp.co.alsok.g6.zzw.web.dao.mapper.g6.CommonKAcntUserCommonMapper" >


  <!-- G6利用者論理番号でG6利用者情報を取得する -->
  <select id="selectG6KAcntUserCommonByAcnt" parameterType="string" resultType="hashmap">
  SELECT
    G6_ACNT_COMMON.LN_ACNT_USER_COMMON as lnAcntUserCommon
    , G6_ACNT_COMMON.ACNT_NM as acntNm
    , G6_ACNT_COMMON.ML_ADDR as mlAddr
  FROM
    g6db.A_ACNT_USER as G6_ACNT
    INNER JOIN commondb.K_ACNT_USER_COMMON as G6_ACNT_COMMON
    ON G6_ACNT.LN_ACNT_USER_COMMON = G6_ACNT_COMMON.LN_ACNT_USER_COMMON
  WHERE
    G6_ACNT_COMMON.LN_ACNT_USER_COMMON = #{lnAcntUserCommon}
  </select>


  <!-- MailAddressでG6利用者情報を取得する -->
  <select id="selectG6KAcntUserCommonByMail" parameterType="string" resultType="hashmap">
  SELECT
    G6_ACNT_COMMON.LN_ACNT_USER_COMMON as lnAcntUserCommon
    , G6_ACNT_COMMON.ACNT_NM as acntNm
    , G6_ACNT_COMMON.ML_ADDR as mlAddr
  FROM
    g6db.A_ACNT_USER as G6_ACNT
    INNER JOIN commondb.K_ACNT_USER_COMMON as G6_ACNT_COMMON
    ON G6_ACNT.LN_ACNT_USER_COMMON = G6_ACNT_COMMON.LN_ACNT_USER_COMMON
    INNER JOIN fd_alsokdb.R_ACNT_USER as GHS_ACNT
    ON G6_ACNT_COMMON.ML_ADDR = GHS_ACNT.ML_ADDR
  WHERE
    G6_ACNT_COMMON.ML_ADDR = #{mailAddress}
  </select>


  <!-- G6利用者論理番号でG5利用者情報を取得する -->
  <select id="selectG5KeiyakuKojinMstByG6Acnt" parameterType="string" resultType="hashmap">
  SELECT
    G5_ACNT.LN_KEIYK_KOJIN as lnAcntUserCommon
    , G5_ACNT.NM as acntNm
    , G5_ACNT.MAIL_ADDR as mlAddr
  FROM
    commondb.K_ACNT_USER_COMMON as G6_ACNT_COMMON
    INNER JOIN commondb.K_ACNT_USER_COMMON_ACNT_USER G6_ACNT_RELATION
    ON G6_ACNT_COMMON.LN_ACNT_USER_COMMON = G6_ACNT_RELATION.LN_ACNT_USER_COMMON
    AND G6_ACNT_RELATION.ACNT_KIND = '1'
    INNER JOIN fd_keibidb.KEIYK_KOJIN_MST as G5_ACNT
    ON G5_ACNT.LN_KEIYK_KOJIN = G6_ACNT_RELATION.LN_ACNT_USER
  WHERE
    G6_ACNT_COMMON.LN_ACNT_USER_COMMON = #{lnAcntUserCommon}
  </select>


  <!-- MailAddressでGHS利用者のアカウント情報を取得 -->
  <select id="selectGhsRAcntUserByG6Mail" parameterType="string" resultType="hashmap">
   SELECT
    LN_ACNT_USER as lnAcntUserCommon
    , USER_NM as acntNm
    , ML_ADDR as mlAddr
  FROM
    fd_alsokdb.R_ACNT_USER
  WHERE
     ML_ADDR = #{mailAddress}
  </select>


  <!-- GHS利用者論理番号でGHS利用者のアカウント情報を取得 -->
  <select id="selectGhsRAcntUserByGhsAcnt" parameterType="string" resultType="hashmap">
  SELECT
    LN_ACNT_USER as lnAcntUserCommon
    , USER_NM as acntNm
    , ML_ADDR as mlAddr
  FROM
    fd_alsokdb.R_ACNT_USER
  WHERE
     LN_ACNT_USER = #{lnAcntUserCommon}
  </select>


  <!-- G5利用者論理番号でG6利用者情報を取得する -->
  <select id="selectG6KAcntUserCommonByG5Acnt" parameterType="string" resultType="hashmap">
  SELECT
    G6_ACNT_COMMON.LN_ACNT_USER_COMMON as lnAcntUserCommon
    , G6_ACNT_COMMON.ACNT_NM as acntNm
    , G6_ACNT_COMMON.ML_ADDR as mlAddr
  FROM
    commondb.K_ACNT_USER_COMMON as G6_ACNT_COMMON
    INNER JOIN commondb.K_ACNT_USER_COMMON_ACNT_USER G6_ACNT_RELATION
    ON G6_ACNT_COMMON.LN_ACNT_USER_COMMON = G6_ACNT_RELATION.LN_ACNT_USER_COMMON
    AND G6_ACNT_RELATION.ACNT_KIND = '1'
  WHERE
    G6_ACNT_RELATION.LN_ACNT_USER = #{lnAcntUserCommon}
  </select>


  <!-- G5利用者論理番号でG5利用者のアカウント情報を取得 -->
  <select id="selectG5KeiyakuKojinMstByG5Acnt" parameterType="string" resultType="hashmap">
  SELECT
     LN_KEIYK_KOJIN as lnAcntUserCommon
     , NM as acntNm
     , MAIL_ADDR as mlAddr
  FROM
      fd_keibidb.KEIYK_KOJIN_MST
  WHERE
      LN_KEIYK_KOJIN = #{lnAcntUserCommon}
  </select>


</mapper>