<?xml version="1.0" encoding="UTF-8"?>
<!DOCTYPE mapper PUBLIC "-//mybatis.org//DTD Mapper 3.0//EN" "http://mybatis.org/dtd/mybatis-3-mapper.dtd">
<mapper namespace="jp.co.alsok.g6.zzw.web.dao.mapper.g6.CommonKAcntAlsokMapper">
  <resultMap id="BaseResultMap" type="jp.co.alsok.g6.zzw.web.entity.g6.KAcntAlsok">
    <!--
      WARNING - @mbggenerated
      This element is automatically generated by MyBatis Generator, do not modify.
      This element was generated on Mon Jun 11 11:38:28 JST 2018.
    -->
    <id column="LN_ACNT_ALSOK" jdbcType="CHAR" property="LN_ACNT_ALSOK" />
    <result column="JIGYOU_CD" jdbcType="CHAR" property="JIGYOU_CD" />
    <result column="ML_ADDR" jdbcType="CHAR" property="ML_ADDR" />
    <result column="PASSWD" jdbcType="CHAR" property="PASSWD" />
    <result column="USER_NM" jdbcType="CHAR" property="USER_NM" />
    <result column="USER_NUM" jdbcType="CHAR" property="USER_NUM" />
    <result column="LOGIN_STS" jdbcType="CHAR" property="LOGIN_STS" />
    <result column="LN_TOGO_KEIBI" jdbcType="CHAR" property="LN_TOGO_KEIBI" />
    <result column="ACNT_KBN" jdbcType="CHAR" property="ACNT_KBN" />
    <result column="TAIIN_KIND_FLG" jdbcType="CHAR" property="TAIIN_KIND_FLG" />
    <result column="ID_HANI" jdbcType="CHAR" property="ID_HANI" />
    <result column="HYOJI_FLG" jdbcType="CHAR" property="HYOJI_FLG" />
    <result column="KENGEN_ID" jdbcType="CHAR" property="KENGEN_ID" />
    <result column="INSERT_ID" jdbcType="CHAR" property="INSERT_ID" />
    <result column="INSERT_NM" jdbcType="CHAR" property="INSERT_NM" />
    <result column="INSERT_TS" jdbcType="TIMESTAMP" property="INSERT_TS" />
    <result column="UPDATE_ID" jdbcType="CHAR" property="UPDATE_ID" />
    <result column="UPDATE_NM" jdbcType="CHAR" property="UPDATE_NM" />
    <result column="UPDATE_TS" jdbcType="TIMESTAMP" property="UPDATE_TS" />
  </resultMap>
  <sql id="Example_Where_Clause">
    <!--
      WARNING - @mbggenerated
      This element is automatically generated by MyBatis Generator, do not modify.
      This element was generated on Mon Jun 11 11:38:28 JST 2018.
    -->
    <where>
      <foreach collection="oredCriteria" item="criteria" separator="or">
        <if test="criteria.valid">
          <trim prefix="(" prefixOverrides="and" suffix=")">
            <foreach collection="criteria.criteria" item="criterion">
              <choose>
                <when test="criterion.noValue">
                  and ${criterion.condition}
                </when>
                <when test="criterion.singleValue">
                  and ${criterion.condition} #{criterion.value}
                </when>
                <when test="criterion.betweenValue">
                  and ${criterion.condition} #{criterion.value} and #{criterion.secondValue}
                </when>
                <when test="criterion.listValue">
                  and ${criterion.condition}
                  <foreach close=")" collection="criterion.value" item="listItem" open="(" separator=",">
                    #{listItem}
                  </foreach>
                </when>
              </choose>
            </foreach>
          </trim>
        </if>
      </foreach>
    </where>
  </sql>
  <sql id="Base_Column_List">
    <!--
      WARNING - @mbggenerated
      This element is automatically generated by MyBatis Generator, do not modify.
      This element was generated on Mon Jun 11 11:38:28 JST 2018.
    -->
    LN_ACNT_ALSOK, JIGYOU_CD, ML_ADDR, PASSWD, USER_NM, USER_NUM, LOGIN_STS, LN_TOGO_KEIBI,
    ACNT_KBN, TAIIN_KIND_FLG, ID_HANI, HYOJI_FLG, KENGEN_ID, INSERT_ID, INSERT_NM, INSERT_TS,
    UPDATE_ID, UPDATE_NM, UPDATE_TS
  </sql>
  <select id="selectByCondition" parameterType="jp.co.alsok.g6.zzw.web.entity.g6.KAcntAlsokCondition" resultMap="BaseResultMap">
    <!--
      WARNING - @mbggenerated
      This element is automatically generated by MyBatis Generator, do not modify.
      This element was generated on Mon Jun 11 11:38:28 JST 2018.
    -->
    select
    <if test="distinct">
      distinct
    </if>
    <include refid="Base_Column_List" />
    from commondb.K_ACNT_ALSOK
    <if test="_parameter != null">
      <include refid="Example_Where_Clause" />
    </if>
    <if test="orderByClause != null">
      order by ${orderByClause}
    </if>
  </select>
</mapper>