<?xml version="1.0" encoding="UTF-8" ?>
<!DOCTYPE mapper PUBLIC "-//mybatis.org//DTD Mapper 3.0//EN" "http://mybatis.org/dtd/mybatis-3-mapper.dtd" >
<mapper namespace="jp.co.alsok.g6.zzw.web.dao.mapper.g6.CommonHLogAlsokUserOperationMapper" >
  <resultMap id="BaseResultMap" type="jp.co.alsok.g6.zzw.web.entity.g6.HLogAlsokUserOperation" >
    <!--
      WARNING - @mbggenerated
      This element is automatically generated by MyBatis Generator, do not modify.
      This element was generated on Tue Jun 05 16:14:00 JST 2018.
    -->
    <id column="LN_ALSOK_USER_OPERATION" property="LN_ALSOK_USER_OPERATION" jdbcType="CHAR" />
    <result column="KEIBI_NM" property="KEIBI_NM" jdbcType="CHAR" />
    <result column="CUSTOMER_NUM2" property="CUSTOMER_NUM2" jdbcType="CHAR" />
    <result column="SD_KOBETU_NM" property="SD_KOBETU_NM" jdbcType="CHAR" />
    <result column="USER_NM" property="USER_NM" jdbcType="CHAR" />
    <result column="DISP_ID" property="DISP_ID" jdbcType="CHAR" />
    <result column="ALSOK_OPERATION_NAIYOU_CD" property="ALSOK_OPERATION_NAIYOU_CD" jdbcType="CHAR" />
    <result column="ALSOK_OPERATION_NAIYOU" property="ALSOK_OPERATION_NAIYOU" jdbcType="CHAR" />
    <result column="INSERT_ID" property="INSERT_ID" jdbcType="CHAR" />
    <result column="INSERT_NM" property="INSERT_NM" jdbcType="CHAR" />
    <result column="INSERT_TS" property="INSERT_TS" jdbcType="TIMESTAMP" />
    <result column="UPDATE_ID" property="UPDATE_ID" jdbcType="CHAR" />
    <result column="UPDATE_NM" property="UPDATE_NM" jdbcType="CHAR" />
    <result column="UPDATE_TS" property="UPDATE_TS" jdbcType="TIMESTAMP" />
  </resultMap>

  <sql id="Base_Column_List" >
    <!--
      WARNING - @mbggenerated
      This element is automatically generated by MyBatis Generator, do not modify.
      This element was generated on Tue Jun 05 16:14:00 JST 2018.
    -->
    LN_ALSOK_USER_OPERATION, KEIBI_NM, CUSTOMER_NUM2, SD_KOBETU_NM, USER_NM, DISP_ID,
    ALSOK_OPERATION_NAIYOU_CD, ALSOK_OPERATION_NAIYOU, INSERT_ID, INSERT_NM, INSERT_TS,
    UPDATE_ID, UPDATE_NM, UPDATE_TS
  </sql>

  <insert id="insert" parameterType="jp.co.alsok.g6.zzw.web.entity.g6.HLogAlsokUserOperation" >
    <!--
      WARNING - @mbggenerated
      This element is automatically generated by MyBatis Generator, do not modify.
      This element was generated on Tue Jun 05 16:14:00 JST 2018.
    -->
    insert into g6db.H_LOG_ALSOK_USER_OPERATION (LN_ALSOK_USER_OPERATION, KEIBI_NM, CUSTOMER_NUM2,
      SD_KOBETU_NM, USER_NM, DISP_ID,
      ALSOK_OPERATION_NAIYOU_CD, ALSOK_OPERATION_NAIYOU,
      INSERT_ID, INSERT_NM, INSERT_TS,
      UPDATE_ID, UPDATE_NM, UPDATE_TS
      )
    values (#{LN_ALSOK_USER_OPERATION,jdbcType=CHAR}, #{KEIBI_NM,jdbcType=CHAR}, #{CUSTOMER_NUM2,jdbcType=CHAR},
      #{SD_KOBETU_NM,jdbcType=CHAR}, #{USER_NM,jdbcType=CHAR}, #{DISP_ID,jdbcType=CHAR},
      #{ALSOK_OPERATION_NAIYOU_CD,jdbcType=CHAR}, #{ALSOK_OPERATION_NAIYOU,jdbcType=CHAR},
      #{INSERT_ID,jdbcType=CHAR}, #{INSERT_NM,jdbcType=CHAR}, #{INSERT_TS,jdbcType=TIMESTAMP},
      #{UPDATE_ID,jdbcType=CHAR}, #{UPDATE_NM,jdbcType=CHAR}, #{UPDATE_TS,jdbcType=TIMESTAMP}
      )
  </insert>
</mapper>