<?xml version="1.0" encoding="UTF-8" ?>
<!DOCTYPE mapper
        PUBLIC "-//mybatis.org//DTD Mapper 3.0//EN"
        "http://mybatis.org/dtd/mybatis-3-mapper.dtd">
<mapper namespace="jp.co.alsok.g6.zzw.web.dao.mapper.g6.G6KeibisakiInfoMapper">
     <select id="selectG6ACnt" parameterType="string" resultType="hashmap">
    SELECT
      K_ACNT.LN_ACNT_USER_COMMON AS G6_ACNT_NO
      , K_ACNT.ML_ADDR AS ML_ADDR
      , (
        SELECT
          K_ACNT_USER.LN_ACNT_USER
        FROM
          commondb.K_ACNT_USER_COMMON_ACNT_USER AS K_ACNT_USER
        WHERE
          K_ACNT_USER.LN_ACNT_USER_COMMON = #{lnAcntUserCommon}
          AND K_ACNT_USER.ACNT_KIND = '1'
      ) AS G5_ACNT_NO
    FROM
      commondb.K_ACNT_USER_COMMON AS K_ACNT
    WHERE
      <if test="systemId != null and systemId  == 1">
      K_ACNT.LN_ACNT_USER_COMMON = #{lnAcntUserCommon}
      </if>
      <if test="systemId != null and systemId  == 2">
      K_ACNT.ML_ADDR = #{ML_ADDR}
      </if>
    </select>


	<resultMap id="selectG6KeibisakiInfo" type="jp.co.alsok.g6.zzw.web.dto.KeibisakiInfoDto">
	    <id property="lnKeibi" jdbcType="CHAR" column="LN_KEIBI" />
		<result property="systemId" jdbcType="INTEGER" column="SYSTEM_ID" />
		<association property="keibisaki" resultMap="keibisakiInfo" />
		<association property="keiyakusaki" resultMap="keiyakusakiInfo" />
		<association property="keibichiku" javaType="ArrayList" column="{pram1=LN_KEIBI,pram2=LN_ACNT_USER_COMMON,pram3=PATH_SLASH,pram4=KEIBI_LENGTH,pram5=NUM_LENGTH}" select="selectG6KeibisakichikuInfo" />
	</resultMap>
	<resultMap id="keibisakiInfo" type="jp.co.alsok.g6.zzw.web.dto.KeibisakiDto">
		<id property="keibisakiId" jdbcType="CHAR" column="LN_KEIBI" />
		<result property="keibisakiName" jdbcType="CHAR" column="KEIBI_NAME1" />
		<result property="keibisakiAddress" jdbcType="CHAR" column="KEIBI_ADDR" />
	</resultMap>
	<resultMap id="keiyakusakiInfo" type="jp.co.alsok.g6.zzw.web.dto.KeiyakusakiDto">
		<id property="keiyakusakiId" jdbcType="CHAR" column="LN_KEIYK" />
		<result property="keiyakusakiName" jdbcType="CHAR" column="KEIYK_NM" />
	</resultMap>

	<select id="selectG6KeibisakiInfo" resultMap="selectG6KeibisakiInfo">
        SELECT
          KEIBI.LN_KEIBI AS LN_KEIBI
          , KEIBI.KEIBI_NAME1 AS KEIBI_NAME1
          , CONCAT(IFNULL(KEIBI.KEIBI_ADDR_1, ""), IFNULL(KEIBI.KEIBI_ADDR_2, "")) AS KEIBI_ADDR
          , KEIYAKU.LN_KEIYK AS LN_KEIYK
          , KEIYAKU.KEIYK_NM AS KEIYK_NM
          , #{G6_ACNT_NO} AS LN_ACNT_USER_COMMON
          , #{pathSlash} AS PATH_SLASH
          , #{systemG6} AS SYSTEM_ID
          , #{KEIBI_LENGTH} AS KEIBI_LENGTH
          , #{NUM_LENGTH} AS NUM_LENGTH
        FROM
          g6db.A_USER_OPERATION_HANI AS HANI
        INNER JOIN g6db.R_KEIBI AS KEIBI
          ON HANI.LN_ACNT_USER_COMMON = #{G6_ACNT_NO}
          AND ( KEIBI.PATH_INF = LEFT(HANI.PATH_INF, #{KEIBI_LENGTH})
            OR HANI.PATH_INF = LEFT(KEIBI.PATH_INF, #{NUM_LENGTH}))
          AND KEIBI.DEL_FLG = '0'
        INNER JOIN g6db.R_KEIYK AS KEIYAKU
          ON KEIYAKU.LN_KEIYK = LEFT(KEIBI.PATH_INF, #{NUM_LENGTH})
          AND KEIYAKU.DEL_FLG = '0'
        GROUP BY LN_KEIYK, KEIYK_NM, LN_KEIBI, KEIBI_NAME1, KEIBI_ADDR
        ORDER BY LN_KEIYK, LN_KEIBI
    </select>

	<resultMap id="keibisakiChikuInfo" type="jp.co.alsok.g6.zzw.web.dto.KeibichikuDto">
        <id property="keibisakiChikuId" jdbcType="CHAR" column="LN_KB_CHIKU" />
        <result property="keibisakiChikuName" jdbcType="CHAR" column="SD_KOBETU_NM" />
        <result property="keibisakId" jdbcType="CHAR" column="LN_KEIBI" />
    </resultMap>

    <select id="selectG6KeibisakichikuInfo" resultMap="keibisakiChikuInfo">
        SELECT
          CHIKU.LN_KEIBI AS LN_KEIBI
          ,CHIKU.LN_KB_CHIKU AS LN_KB_CHIKU
          ,CHIKU.SD_KOBETU_NM AS SD_KOBETU_NM
        FROM
          g6db.A_USER_OPERATION_HANI AS HANI INNER JOIN g6db.R_KB_CHIKU AS CHIKU
            ON HANI.LN_ACNT_USER_COMMON = #{pram2}
          AND ( HANI.PATH_INF = CHIKU.PATH_INF
            OR HANI.PATH_INF = LEFT(CHIKU.PATH_INF, #{pram4})
            OR HANI.PATH_INF = LEFT(CHIKU.PATH_INF, #{pram5}))
          AND CHIKU.LN_KEIBI = #{pram1}
          AND CHIKU.DEL_FLG = '0'
        GROUP BY LN_KEIBI, LN_KB_CHIKU, SD_KOBETU_NM
        ORDER BY LN_KEIBI, LN_KB_CHIKU, SD_KOBETU_NM
  </select>
</mapper>