<?xml version="1.0" encoding="UTF-8"?>
<assembly
	xmlns="http://maven.apache.org/plugins/maven-assembly-plugin/assembly/1.1.0"
	xmlns:xsi="http://www.w3.org/2001/XMLSchema-instance"
	xsi:schemaLocation="http://maven.apache.org/plugins/maven-assembly-plugin/assembly/1.1.0 http://maven.apache.org/xsd/assembly-1.1.0.xsd">
	<id>${project.version}</id>
	<formats>
		<format>zip</format>
	</formats>
	<includeBaseDirectory>true</includeBaseDirectory>
	<fileSets>
		<fileSet>
			<directory>src/main/resources/log</directory>
			<outputDirectory>log</outputDirectory>
			<fileMode>0755</fileMode>
		</fileSet>
		<fileSet>
			<directory>src/main/resources/bin</directory>
			<outputDirectory>bin</outputDirectory>
			<fileMode>0755</fileMode>
		</fileSet>		
		<fileSet>
			<directory>src/main/resources/config</directory>
			<outputDirectory>config</outputDirectory>
			<fileMode>0755</fileMode>
			<includes>
				<include>*.xml</include>
				<include>*.properties</include>
				<include>*.txt</include>				
			</includes>
		</fileSet>
		<fileSet>
			<directory>${project.build.directory}</directory>
			<outputDirectory>.</outputDirectory>
			<fileMode>0755</fileMode>
			<includes>
				<include>bison-plus-dm-${project.version}.jar</include>
			</includes>
		</fileSet>			
	</fileSets>
</assembly>