<?xml version="1.0" encoding="UTF-8"?>
<application xmlns="http://java.sun.com/xml/ns/j2ee"
	xmlns:xsi="http://www.w3.org/2001/XMLSchema-instance" version="1.4"
	xsi:schemaLocation="http://java.sun.com/xml/ns/j2ee http://java.sun.com/xml/ns/j2ee/application_1_4.xsd">
	<display-name>bio-matcher-module</display-name>
	<module id="myeclipse.1261375130353">
		<web>
			<web-uri>bio-matcher-webservices.war</web-uri>
			<context-root>/bio-matcher-webservices</context-root>
		</web>
	</module>
</application>

