<?xml version="1.0" encoding="UTF-8"?>
<metadata modelVersion="1.1.0">
  <groupId>jp.co.nec.aim.uid.proto</groupId>
  <artifactId>proto</artifactId>
  <version>1.0.4-SNAPSHOT</version>
  <versioning>
    <snapshot>
      <timestamp>20200205.000804</timestamp>
      <buildNumber>2</buildNumber>
    </snapshot>
    <lastUpdated>20200205000804</lastUpdated>
    <snapshotVersions>
      <snapshotVersion>
        <extension>jar</extension>
        <value>1.0.4-20200205.000804-2</value>
        <updated>20200205000804</updated>
      </snapshotVersion>
      <snapshotVersion>
        <extension>pom</extension>
        <value>1.0.4-20200205.000804-2</value>
        <updated>20200205000804</updated>
      </snapshotVersion>
      <snapshotVersion>
        <classifier>sources</classifier>
        <extension>jar</extension>
        <value>1.0.4-20200205.000804-2</value>
        <updated>20200205000804</updated>
      </snapshotVersion>
    </snapshotVersions>
  </versioning>
</metadata>
