<?xml version="1.0" encoding="UTF-8" ?>
<!DOCTYPE mapper
        PUBLIC "-//mybatis.org//DTD Mapper 3.0//EN"
        "http://mybatis.org/dtd/mybatis-3-mapper.dtd">
<mapper namespace="jp.co.alsok.g6.zwu.dao.mapper.img.SZWU3400ImgMapper">
	<resultMap id="BaseResultMap" type="jp.co.alsok.g6.zwu.entity.g6.SZWU3400Info">
		<result column="SD_KOBETU_NM" jdbcType="CHAR" property="sdKobetuNm" />
		<result column="CAMERA_NAME" jdbcType="CHAR" property="cameraName" />
		<result column="IMAGE_QUALITY_KBN" jdbcType="CHAR" property="imageQualityKbn" />
		<result column="VOICE_ACCUMULATE_FLG" jdbcType="CHAR" property="voiceAccumulateFlg" />
		<result column="DEL_TERMS_KBN" jdbcType="CHAR" property="delTermsKbn" />
		<result column="RETENTION_PERIOD" jdbcType="CHAR" property="retentionPeriod" />
		<result column="RETENTION_CAPACITY" jdbcType="CHAR" property="retentionCapacity" />
	</resultMap>
	<select id="searchAccuPicSetList" parameterType="java.util.HashMap" resultMap="BaseResultMap">
		SELECT
			'${sdKobetuNm}' AS SD_KOBETU_NM,
			'${cameraName}' AS CAMERA_NAME,
			 T1.IMAGE_QUALITY_KBN /* -- 画質 */, 
			  ( 
			    CASE 
			      WHEN T1.VOICE_ACCUMULATE_FLG = '1' 
			        THEN '○' 
			      ELSE '' 
			      END
			  ) AS VOICE_ACCUMULATE_FLG /* -- 音声蓄積 */, 
			  T1.DEL_TERMS_KBN /* -- 削除条件 */, 
			  IFNULL(CAST(T1.RETENTION_PERIOD AS CHAR), '') AS RETENTION_PERIOD /* -- 保持期間 */ ,
			  IFNULL(CAST(T1.RETENTION_CAPACITY AS CHAR), '') AS RETENTION_CAPACITY /* -- 保持容量 */
			FROM
			  I_ACCUMULATE_PIC_SET T1 /* -- 蓄積画像設定 */
			WHERE
			  1 = 1 
			  <if test=" null != lnDev">
			  AND T1.LN_DEV = #{lnDev}    /* LN_設置機器論理番号*/
			  </if>
			 <if test=" null != lnKbChiku">
			  AND T1.LN_KB_CHIKU = #{lnKbChiku}  /* LN_警備先地区論理番号*/
			 </if>
	</select>

</mapper>