<?xml version="1.0" encoding="UTF-8"?>
<metadata modelVersion="1.1.0">
  <groupId>jp.co.nec.aim.jaxb</groupId>
  <artifactId>jaxb</artifactId>
  <version>5.0.1-SNAPSHOT</version>
  <versioning>
    <snapshot>
      <timestamp>20150915.061712</timestamp>
      <buildNumber>2</buildNumber>
    </snapshot>
    <lastUpdated>20150915061712</lastUpdated>
    <snapshotVersions>
      <snapshotVersion>
        <extension>jar</extension>
        <value>5.0.1-20150915.061712-2</value>
        <updated>20150915061712</updated>
      </snapshotVersion>
      <snapshotVersion>
        <extension>pom</extension>
        <value>5.0.1-20150915.061712-2</value>
        <updated>20150915061712</updated>
      </snapshotVersion>
      <snapshotVersion>
        <classifier>sources</classifier>
        <extension>jar</extension>
        <value>5.0.1-20150915.061712-2</value>
        <updated>20150915061712</updated>
      </snapshotVersion>
    </snapshotVersions>
  </versioning>
</metadata>
