<?xml version="1.0" encoding="UTF-8" ?>
<!DOCTYPE mapper PUBLIC "-//mybatis.org//DTD Mapper 3.0//EN" "http://mybatis.org/dtd/mybatis-3-mapper.dtd" >
<mapper
	namespace="jp.co.alsok.g6.zwe.dao.mapper.g6.G6SZWE0300Mapper">
	<resultMap id="BaseResultMap"
		type="jp.co.alsok.g6.zwe.dto.SZWE0300KGcDto">
		<id column="GC_CD" property="strGcCd" jdbcType="CHAR" />
		<result column="GC_NM" property="strGcNm" jdbcType="CHAR" />
		<result column="GC_TEL_NUM" property="strGcTelNum"
			jdbcType="CHAR" />
		<result column="UPPER_GC_CD" property="strUpperGcCd"
			jdbcType="CHAR" />
		<result column="SYNC_ABL_FLG" property="strSyncAblFlg"
			jdbcType="CHAR" />
		<result column="IP_ADDR" property="strIpAddr" jdbcType="CHAR" />
		<result column="GYOUMU_CD" property="strGyoumuCd"
			jdbcType="CHAR" />
		<result column="DB_NM" property="strDbNm" jdbcType="CHAR" />
		<result column="DB_USER" property="strDbUser" jdbcType="CHAR" />
		<result column="DB_PASSWD" property="strDbPasswd"
			jdbcType="CHAR" />
		<result column="GCT_VER" property="strGctVer" jdbcType="CHAR" />
		<result column="MAX_ACTIVE" property="strMaxActive"
			jdbcType="CHAR" />
		<result column="MAX_IDLE" property="strMaxIdle" jdbcType="CHAR" />
		<result column="MAX_WAIT_TM" property="strMaxWaitTm"
			jdbcType="CHAR" />
		<result column="SD_FLG" property="strSdFlg" jdbcType="CHAR" />
		<result column="INSERT_ID" property="insertId" jdbcType="CHAR" />
		<result column="INSERT_NM" property="insertNm" jdbcType="CHAR" />
		<result column="INSERT_TS" property="insertTs"
			jdbcType="TIMESTAMP" />
		<result column="UPDATE_ID" property="updateId" jdbcType="CHAR" />
		<result column="UPDATE_NM" property="updateNm" jdbcType="CHAR" />
		<result column="UPDATE_TS" property="updateTs"
			jdbcType="TIMESTAMP" />
	</resultMap>
	<resultMap id="DtoResultMap"
		type="jp.co.alsok.g6.zwe.dto.SZWE0300RKbAreaDto">
		<id column="GC_CD" property="strGcCd" jdbcType="CHAR" />
		<result column="GC_NM" property="strGcNm" jdbcType="CHAR" />
		<result column="GC_TEL_NUM" property="strGcTelNum"
			jdbcType="CHAR" />
		<result column="UPPER_GC_CD" property="strUpperGcCd"
			jdbcType="CHAR" />
		<result column="SYNC_ABL_FLG" property="strSyncAblFlg"
			jdbcType="CHAR" />
		<result column="IP_ADDR" property="strIpAddr" jdbcType="CHAR" />
		<result column="GYOUMU_CD" property="strGyoumuCd"
			jdbcType="CHAR" />
		<result column="DB_NM" property="strDbNm" jdbcType="CHAR" />
		<result column="DB_USER" property="strDbUser" jdbcType="CHAR" />
		<result column="DB_PASSWD" property="strDbPasswd"
			jdbcType="CHAR" />
		<result column="GCT_VER" property="strGctVer" jdbcType="CHAR" />
		<result column="MAX_ACTIVE" property="strMaxActive"
			jdbcType="CHAR" />
		<result column="MAX_IDLE" property="strMaxIdle" jdbcType="CHAR" />
		<result column="MAX_WAIT_TM" property="strMaxWaitTm"
			jdbcType="CHAR" />
		<result column="SD_FLG" property="strSdFlg" jdbcType="CHAR" />
		<result column="INSERT_ID" property="insertId" jdbcType="CHAR" />
		<result column="INSERT_NM" property="insertNm" jdbcType="CHAR" />
		<result column="INSERT_TS" property="insertTs"
			jdbcType="TIMESTAMP" />
		<result column="UPDATE_ID" property="updateId" jdbcType="CHAR" />
		<result column="UPDATE_NM" property="updateNm" jdbcType="CHAR" />
		<result column="UPDATE_TS" property="updateTs"
			jdbcType="TIMESTAMP" />
		<result column="KB_AREA_NM" property="strAreaNm"
			jdbcType="CHAR" />
		<result column="LN_KB_AREA" property="strAreaId"
			jdbcType="CHAR" />
	</resultMap>
	<resultMap id="upperCdResultMap"
		type="jp.co.alsok.g6.zwe.dto.SZWE0300UpperCdDto">
		<id column="GC_CD" property="strGcCd" jdbcType="CHAR" />
		<result column="GC_NM" property="strGcNm" jdbcType="CHAR" />
		<result column="GC_TEL_NUM" property="strGcTelNum"
			jdbcType="CHAR" />
		<result column="UPPER_GC_CD" property="strUpperGcCd"
			jdbcType="CHAR" />
		<result column="SYNC_ABL_FLG" property="strSyncAblFlg"
			jdbcType="CHAR" />
		<result column="IP_ADDR" property="strIpAddr" jdbcType="CHAR" />
		<result column="GYOUMU_CD" property="strGyoumuCd"
			jdbcType="CHAR" />
		<result column="DB_NM" property="strDbNm" jdbcType="CHAR" />
		<result column="DB_USER" property="strDbUser" jdbcType="CHAR" />
		<result column="DB_PASSWD" property="strDbPasswd"
			jdbcType="CHAR" />
		<result column="GCT_VER" property="strGctVer" jdbcType="CHAR" />
		<result column="MAX_ACTIVE" property="strMaxActive"
			jdbcType="CHAR" />
		<result column="MAX_IDLE" property="strMaxIdle" jdbcType="CHAR" />
		<result column="MAX_WAIT_TM" property="strMaxWaitTm"
			jdbcType="CHAR" />
		<result column="SD_FLG" property="strSdFlg" jdbcType="CHAR" />
		<result column="INSERT_ID" property="insertId" jdbcType="CHAR" />
		<result column="INSERT_NM" property="insertNm" jdbcType="CHAR" />
		<result column="INSERT_TS" property="insertTs"
			jdbcType="TIMESTAMP" />
		<result column="UPDATE_ID" property="updateId" jdbcType="CHAR" />
		<result column="UPDATE_NM" property="updateNm" jdbcType="CHAR" />
		<result column="UPDATE_TS" property="updateTs"
			jdbcType="TIMESTAMP" />
	</resultMap>
	<resultMap id="checkNullResultMap"
		type="jp.co.alsok.g6.zwe.dto.SZWE0300KGcCheckNullDto">
		<id column="GC_CD" property="strGcCd" jdbcType="CHAR" />
		<result column="GC_NM" property="strGcNm" jdbcType="CHAR" />
		<result column="GC_TEL_NUM" property="strGcTelNum"
			jdbcType="CHAR" />
		<result column="UPPER_GC_CD" property="strUpperGcCd"
			jdbcType="CHAR" />
		<result column="SYNC_ABL_FLG" property="strSyncAblFlg"
			jdbcType="CHAR" />
		<result column="IP_ADDR" property="strIpAddr" jdbcType="CHAR" />
		<result column="GYOUMU_CD" property="strGyoumuCd"
			jdbcType="CHAR" />
		<result column="DB_NM" property="strDbNm" jdbcType="CHAR" />
		<result column="DB_USER" property="strDbUser" jdbcType="CHAR" />
		<result column="DB_PASSWD" property="strDbPasswd"
			jdbcType="CHAR" />
		<result column="GCT_VER" property="strGctVer" jdbcType="CHAR" />
		<result column="MAX_ACTIVE" property="strMaxActive"
			jdbcType="CHAR" />
		<result column="MAX_IDLE" property="strMaxIdle" jdbcType="CHAR" />
		<result column="MAX_WAIT_TM" property="strMaxWaitTm"
			jdbcType="CHAR" />
		<result column="SD_FLG" property="strSdFlg" jdbcType="CHAR" />
		<result column="INSERT_ID" property="insertId" jdbcType="CHAR" />
		<result column="INSERT_NM" property="insertNm" jdbcType="CHAR" />
		<result column="INSERT_TS" property="insertTs"
			jdbcType="TIMESTAMP" />
		<result column="UPDATE_ID" property="updateId" jdbcType="CHAR" />
		<result column="UPDATE_NM" property="updateNm" jdbcType="CHAR" />
		<result column="UPDATE_TS" property="updateTs"
			jdbcType="TIMESTAMP" />
	</resultMap>
	<sql id="Base_Column_List">
		commondb.K_GC.GC_CD
		, commondb.K_GC.GC_NM
		,
		commondb.K_GC.GC_TEL_NUM
		, commondb.K_GC.UPPER_GC_CD
		,
		commondb.K_GC.SYNC_ABL_FLG
		, commondb.K_GC.IP_ADDR
		,
		commondb.K_GC.GYOUMU_CD
		, commondb.K_GC.DB_NM
		, commondb.K_GC.DB_USER
		,
		commondb.K_GC.DB_PASSWD
		, commondb.K_GC.GCT_VER
		,
		commondb.K_GC.MAX_ACTIVE
		, commondb.K_GC.MAX_IDLE
		,
		commondb.K_GC.MAX_WAIT_TM
		, commondb.K_GC.SD_FLG
		,
		commondb.K_GC.INSERT_ID
		, commondb.K_GC.INSERT_NM
		,
		commondb.K_GC.INSERT_TS
		, commondb.K_GC.UPDATE_ID
		,
		commondb.K_GC.UPDATE_NM
		, commondb.K_GC.UPDATE_TS
	</sql>
	<sql id="dto_Column_List">
		commondb.K_GC.GC_CD
		, commondb.K_GC.GC_NM
		,
		commondb.K_GC.GC_TEL_NUM
		, commondb.K_GC.UPPER_GC_CD
		,
		commondb.K_GC.SYNC_ABL_FLG
		, commondb.K_GC.IP_ADDR
		,
		commondb.K_GC.GYOUMU_CD
		, commondb.K_GC.DB_NM
		, commondb.K_GC.DB_USER
		,
		commondb.K_GC.DB_PASSWD
		, commondb.K_GC.GCT_VER
		,
		commondb.K_GC.MAX_ACTIVE
		, commondb.K_GC.MAX_IDLE
		,
		commondb.K_GC.MAX_WAIT_TM
		, commondb.K_GC.SD_FLG
		,
		commondb.K_GC.INSERT_ID
		, commondb.K_GC.INSERT_NM
		,
		commondb.K_GC.INSERT_TS
		, commondb.K_GC.UPDATE_ID
		,
		commondb.K_GC.UPDATE_NM
		, commondb.K_GC.UPDATE_TS
		,
		g6db.R_KB_AREA.KB_AREA_NM
		, g6db.R_KB_AREA.LN_KB_AREA
	</sql>
	<sql id="upperCd_Column_List">
		commondb.K_GC.GC_CD
		, commondb.K_GC.GC_NM
		,
		commondb.K_GC.GC_TEL_NUM
		, commondb.K_GC.UPPER_GC_CD
		,
		commondb.K_GC.SYNC_ABL_FLG
		, commondb.K_GC.IP_ADDR
		,
		commondb.K_GC.GYOUMU_CD
		, commondb.K_GC.DB_NM
		, commondb.K_GC.DB_USER
		,
		commondb.K_GC.DB_PASSWD
		, commondb.K_GC.GCT_VER
		,
		commondb.K_GC.MAX_ACTIVE
		, commondb.K_GC.MAX_IDLE
		,
		commondb.K_GC.MAX_WAIT_TM
		, commondb.K_GC.SD_FLG
		,
		commondb.K_GC.INSERT_ID
		, commondb.K_GC.INSERT_NM
		,
		commondb.K_GC.INSERT_TS
		, commondb.K_GC.UPDATE_ID
		,
		commondb.K_GC.UPDATE_NM
		, commondb.K_GC.UPDATE_TS
	</sql>
	<sql id="checkNull_Column_List">
		commondb.K_GC.GC_CD
		, commondb.K_GC.GC_NM
		,
		commondb.K_GC.GC_TEL_NUM
		, commondb.K_GC.UPPER_GC_CD
		,
		commondb.K_GC.SYNC_ABL_FLG
		, commondb.K_GC.IP_ADDR
		,
		commondb.K_GC.GYOUMU_CD
		, commondb.K_GC.DB_NM
		, commondb.K_GC.DB_USER
		,
		commondb.K_GC.DB_PASSWD
		, commondb.K_GC.GCT_VER
		,
		commondb.K_GC.MAX_ACTIVE
		, commondb.K_GC.MAX_IDLE
		,
		commondb.K_GC.MAX_WAIT_TM
		, commondb.K_GC.SD_FLG
		,
		commondb.K_GC.INSERT_ID
		, commondb.K_GC.INSERT_NM
		,
		commondb.K_GC.INSERT_TS
		, commondb.K_GC.UPDATE_ID
		,
		commondb.K_GC.UPDATE_NM
		, commondb.K_GC.UPDATE_TS
	</sql>
	<select id="selectAll" resultMap="BaseResultMap"
		parameterType="java.lang.String">
		select
		<include refid="Base_Column_List" />
		from commondb.K_GC
		order by commondb.K_GC.GC_CD,
		commondb.K_GC.UPPER_GC_CD
	</select>
	<select id="selectByGcCd" resultMap="DtoResultMap"
		parameterType="jp.co.alsok.g6.zwe.dto.SZWE0300KGcParaDto">
		select
		<include refid="dto_Column_List" />
		from commondb.K_GC
		inner join g6db.R_KEIBI on
		commondb.K_GC.GC_CD=g6db.R_KEIBI.GC_CD
		inner join g6db.R_KB_CHIKU on
		g6db.R_KEIBI.LN_KEIBI=g6db.R_KB_CHIKU.LN_KEIBI
		inner join
		g6db.R_KB_AREA on
		g6db.R_KB_CHIKU.LN_KB_CHIKU=g6db.R_KB_AREA.LN_KB_CHIKU
		where
		commondb.K_GC.GC_CD = #{strGcCdList}
	</select>
	<select id="selectByUpperCd" resultMap="upperCdResultMap"
		parameterType="jp.co.alsok.g6.zwe.dto.SZWE0300KGcParaDto">
		select
		<include refid="upperCd_Column_List" />
		from commondb.K_GC
		where
		commondb.K_GC.GC_CD = #{strGcCdList}
	</select>
	<select id="selectAllCheckNull" resultMap="checkNullResultMap"
		parameterType="java.lang.String">
		select
		<include refid="checkNull_Column_List" />
		from commondb.K_GC
		order by commondb.K_GC.GC_CD,
		commondb.K_GC.UPPER_GC_CD
	</select>
</mapper>