﻿<?xml version="1.0" encoding="UTF-8" ?>
<!DOCTYPE mapper
        PUBLIC "-//mybatis.org//DTD Mapper 3.0//EN"
        "http://mybatis.org/dtd/mybatis-3-mapper.dtd">
<mapper
	namespace="jp.co.alsok.g6.zwe.dao.mapper.g6.G6SZWE0100Mapper">

	<!-- 返却用 -->
	<resultMap id="ErrorListResultMap"
		type="jp.co.alsok.g6.zwe.dto.SZWE0100IchiranDto">
		<result column="LN_ERR_INF" jdbcType="CHAR" property="lnErrInf" />
		<result column="RCV_TS" jdbcType="CHAR" property="rcvTs" />
		<result column="HASSEI_TS" jdbcType="CHAR" property="hasseiTs" />
		<result column="HOST_NM" jdbcType="CHAR" property="hostNm" />
		<result column="SYORI_ID" jdbcType="CHAR" property="syoriId" />
		<result column="ERR_ID" jdbcType="CHAR" property="errId" />
		<result column="GC_NUM" jdbcType="CHAR" property="gcNum" />
		<result column="DENKEI" jdbcType="CHAR" property="denkei" />
		<result column="GOUKI" jdbcType="CHAR" property="gouki" />
		<result column="CHIKU_NUM" jdbcType="CHAR" property="chikuNum" />
		<result column="DESCRIPTION_JP" jdbcType="CHAR"
			property="errLvl" />
		<result column="ERR_NM" jdbcType="CHAR" property="errNm" />
		<result column="DEV_NUM" jdbcType="CHAR" property="devNum" />
		<result column="GC_NM" jdbcType="CHAR" property="gcNm" />
		<result column="RECOVER_MSG_NM" jdbcType="CHAR"
			property="recoverMsgNm" />
		<result column="BIKOU" jdbcType="CHAR" property="bikou" />
		<result column="JISSI_GC_NUM" jdbcType="CHAR"
			property="jissiGcNum" />
		<result column="KEIYAKU_KIND2_CD" jdbcType="CHAR"
			property="keiyakuKind2Cd" />
		<result column="ERR_LVL" jdbcType="CHAR" property="errLvlCd" />
		<result column="INSERT_ID" jdbcType="CHAR" property="insertId" />
		<result column="INSERT_NM" jdbcType="CHAR" property="insertNm" />
		<result column="INSERT_TS" jdbcType="TIMESTAMP" property="insertTs" />
		<result column="UPDATE_ID" jdbcType="CHAR" property="updateId" />
		<result column="UPDATE_NM" jdbcType="CHAR" property="updateNm" />
		<result column="UPDATE_TS" jdbcType="TIMESTAMP" property="updateTs" />
	</resultMap>

	<resultMap id="ErrorKunbunResultMap" type="jp.co.alsok.g6.zwe.entity.g6.MCd">
		<result column="CD_VALUE" jdbcType="CHAR" property="cdValue" />
		<result column="DESCRIPTION_JP" jdbcType="CHAR" property="descriptionJp" />
		<result column="CD_ID" jdbcType="CHAR" property="cdId" />
		<result column="CD_NM" jdbcType="CHAR" property="cdNm" />
		<result column="DESCRIPTION_EN" jdbcType="CHAR" property="descriptionEn" />
		<result column="DESCRIPTION_ZH" jdbcType="CHAR" property="descriptionZh" />
		<result column="BIKOU" jdbcType="CHAR" property="bikou" />
	</resultMap>

	<resultMap id="ServiceKunbunResultMap" type="jp.co.alsok.g6.zwe.entity.g6.MKeiyakuCtlDev">
		<result column="KEIYAKU_KIND2_NM" jdbcType="CHAR" property="keiyakuKind2Nm" />
		<result column="KEIYAKU_KIND2_CD" jdbcType="CHAR" property="keiyakuKind2Cd" />
		<result column="DEV_KIND_ID" jdbcType="CHAR" property="devKindId" />
		<result column="CTL_DEV_NM" jdbcType="CHAR" property="ctlDevNm" />
	</resultMap>

	<select id="selectErrorList" resultMap="ErrorListResultMap">
		SELECT
		t01.LN_ERR_INF,
		DATE_FORMAT(t01.RCV_TS,'%Y/%m/%d %H:%i:%s') AS
		RCV_TS,
		DATE_FORMAT(t01.HASSEI_TS,'%Y/%m/%d %H:%i:%s') AS HASSEI_TS,
		t01.HOST_NM,
		t01.SYORI_ID,
		t01.ERR_ID,
		t01.GC_NUM,
		CONCAT(SUBSTRING(t01.DENKEI,1,2), '-',SUBSTRING(t01.DENKEI,3,6),
		'-',SUBSTRING(t01.DENKEI,9,1)) AS
		DENKEI,
		CONCAT(SUBSTRING(t01.GOUKI,1,1), '-',SUBSTRING(t01.GOUKI,2,2),
		'-',SUBSTRING(t01.GOUKI,2,4)) AS GOUKI,
		t01.CHIKU_NUM,
		t01.DEV_NUM,
		t03.DESCRIPTION_JP,
		t01.ERR_NM,
		t02.GC_NM,
		t01.RECOVER_MSG_NM,
		t01.BIKOU,
		t01.RCV_TS,
		t01.HASSEI_TS,
		t01.JISSI_GC_NUM,
		t01.KEIYAKU_KIND2_CD,
		t01.DENKEI,
		t01.GOUKI,
		t01.ERR_LVL,
		t01.INSERT_ID,
		t01.INSERT_NM,
		t01.INSERT_TS,
		t01.UPDATE_ID,
		t01.UPDATE_NM,
		t01.UPDATE_TS
		FROM
		g6db.H_ERR_INF t01
		LEFT JOIN commondb.K_GC t02
		ON t01.GC_NUM = t02.GC_CD
		LEFT JOIN g6db.M_CD t03
		ON t03.CD_ID = #{cdId}
		AND t01.ERR_LVL =
		t03.CD_VALUE
		WHERE
		t01.ERR_LVL >= #{errLvl}

		<if test="keiyakuKind2Cd != null and keiyakuKind2Cd.length() > 0">
			AND t01.KEIYAKU_KIND2_CD = #{keiyakuKind2Cd}
		</if>

		<if test="selectedGcNum != null and selectedGcNum.length > 0">
			AND t01.GC_NUM IN
			<foreach item="gcNum" collection="selectedGcNum" open="("
				separator="," close=")">#{gcNum}</foreach>
		</if>

		<if test="hasseiTsFrom != null and hasseiTsFrom.length() > 0">
			AND DATE_FORMAT(t01.HASSEI_TS,'%Y/%m/%d %H:%i') >=
			#{hasseiTsFrom}
		</if>
		<if test="hasseiTsTo != null and hasseiTsTo.length() > 0">
			AND #{hasseiTsTo} >= DATE_FORMAT(t01.HASSEI_TS,'%Y/%m/%d %H:%i')
		</if>
		LIMIT ${limit}
	</select>


	<!-- 一覧取得件数SQL -->
	<select id="selectErrorListCount" resultType="_int">
		SELECT COUNT(LN_ERR_INF)
		FROM
		g6db.H_ERR_INF
		WHERE
		ERR_LVL >= #{errLvl}
		<if test="keiyakuKind2Cd != null and keiyakuKind2Cd.length() > 0">
			AND KEIYAKU_KIND2_CD = #{keiyakuKind2Cd}
		</if>

		<if test="selectedGcNum != null and selectedGcNum.length > 0">
			AND GC_NUM IN
			<foreach item="gcNum" collection="selectedGcNum" open="("
				separator="," close=")">#{gcNum}</foreach>
		</if>
		<if test="hasseiTsFrom != null and hasseiTsFrom.length() > 0">
			AND DATE_FORMAT(HASSEI_TS,'%Y/%m/%d %H:%i') >=
			#{hasseiTsFrom}
		</if>
		<if test="hasseiTsTo != null and hasseiTsTo.length() > 0">
			AND #{hasseiTsTo} >= DATE_FORMAT(HASSEI_TS,'%Y/%m/%d
			%H:%m')
		</if>
	</select>

	<select id="selectErrorKubun" resultMap="ErrorKunbunResultMap">
		SELECT
		CD_VALUE,
		DESCRIPTION_JP,
		CD_ID,
		CD_NM,
		DESCRIPTION_EN,
		DESCRIPTION_ZH,
		BIKOU
		FROM
		g6db.M_CD
		WHERE
		CD_ID = #{cdId}
	</select>

	<select id="selectServiceKubun" resultMap="ServiceKunbunResultMap">
		SELECT
		KEIYAKU_KIND2_CD,
		KEIYAKU_KIND2_NM,
		DEV_KIND_ID,
		CTL_DEV_NM
		FROM
		g6db.M_KEIYAKU_CTL_DEV
	</select>
</mapper>