<?xml version="1.0" encoding="UTF-8" standalone="yes"?>
<speakerList>
	<speaker name="trump" start="0:00" end="0:32" />
	<speaker name="trump" start="0:35" end="0:40" />
	<speaker name="trump" start="0:45" end="1:00" />
	<speaker name="susan" start="1:01" end="1:05" />
	<speaker name="susan" start="1:05" end="1:80" />
	<speaker name="user1" start="1:82" end="2:00" />
	<speaker name="user1" start="2:03" end="2:09" />
	<speaker name="user2" start="2:20" end="3:00" />
	<speaker name="user2" start="3:20" end="3:90" />
</speakerList>
