<?xml version="1.0" encoding="UTF-8" standalone="yes"?>
<speakerList>
    <speaker name="Unknown" start="4" end="8" />
    <speaker name="trump" start="8" end="48" />
    <speaker name="hillary" start="48" end="60" />
    <speaker name="hillary" start="60" end="88" />
    <speaker name="trump" start="88" end="108" />
    <speaker name="Unknown" start="108" end="124" />
    <speaker name="trump" start="124" end="132" />
    <speaker name="Unknown" start="132" end="140" />
    <speaker name="trump" start="140" end="156" />
    <speaker name="hillary" start="164" end="220" />
    <speaker name="trump" start="220" end="256" />
    <speaker name="Unknown" start="256" end="260" />
    <speaker name="trump" start="260" end="276" />
    <speaker name="trump" start="284" end="296" />
    <speaker name="hillary" start="296" end="304" />
    <speaker name="Unknown" start="312" end="316" />
    <speaker name="trump" start="316" end="328" />
    <speaker name="Unknown" start="328" end="332" />
    <speaker name="trump" start="332" end="336" />
    <speaker name="Unknown" start="336" end="340" />
    <speaker name="trump" start="340" end="348" />
    <speaker name="Unknown" start="348" end="356" />
    <speaker name="trump" start="356" end="360" />
    <speaker name="hillary" start="364" end="408" />
    <speaker name="trump" start="408" end="432" />
    <speaker name="Unknown" start="436" end="440" />
    <speaker name="hillary" start="444" end="456" />
    <speaker name="trump" start="456" end="472" />
</speakerList>