<?xml version="1.0" encoding="UTF-8"?>

<!-- ===================================================================== -->
<!--                                                                       -->
<!--  JBoss Server Configuration                                           -->
<!--                                                                       -->
<!-- ===================================================================== -->

<!-- $Id: oracle-ds.xml 23720 2004-09-15 14:37:40Z loubyansky $ -->
<!-- ==================================================================== -->
<!--  Datasource config for Oracle originally from Steven Coy             -->
<!-- ==================================================================== -->


<datasources>
  <local-tx-datasource>
	<jndi-name>OracleDS</jndi-name>
	<connection-url>jdbc:oracle:thin:@192.168.1.43:1521:AIMDB</connection-url>
	<driver-class>oracle.jdbc.driver.OracleDriver</driver-class>
	<user-name>LSM_IDENTIFY</user-name>
	<password>LSM_IDENTIFY</password>

	<min-pool-size>30</min-pool-size>
	<max-pool-size>50</max-pool-size>
	<prepared-statement-cache-size>50</prepared-statement-cache-size>
	<share-prepared-statements>true</share-prepared-statements>

	<!-- This attribute indicates the maximum time to block while
                waiting for a connection before throwing an exception -->
	<blocking-timeout-millis>30000</blocking-timeout-millis>
	<no-tx-separate-pools>true</no-tx-separate-pools>

	<!-- Checks the Oracle error codes and messages for fatal errors -->
	<valid-connection-checker-class-name>org.jboss.resource.adapter.jdbc.vendor.OracleValidConnectionChecker</valid-connection-checker-class-name>
	<exception-sorter-class-name>org.jboss.resource.adapter.jdbc.vendor.OracleExceptionSorter</exception-sorter-class-name>
	<track-statements>true</track-statements>
	<!-- corresponding type-mapping in the standardjbosscmp-jdbc.xml (optional) -->
    <metadata>
       <type-mapping>Oracle10g</type-mapping>
    </metadata>
  </local-tx-datasource>

</datasources>
