<?xml version="1.0" encoding="UTF-8"?>
<beans xmlns="http://www.springframework.org/schema/beans"
	xmlns:xsi="http://www.w3.org/2001/XMLSchema-instance"
	xsi:schemaLocation="http://www.springframework.org/schema/beans http://www.springframework.org/schema/beans/spring-beans.xsd">

	<bean id="_bioParameterService"
		class="com.nec.biomatcher.comp.common.parameter.impl.BioParameterServiceImpl">
		<property name="bioParameterDao" ref="bioParameterDao" />
	</bean>

	<bean id="bioParameterDao"
		class="com.nec.biomatcher.comp.common.parameter.dataAccess.impl.BioParameterHibernateImpl"
		parent="abstractDao" lazy-init="true">
	</bean>
	
	<bean id="timeToLiveSecondsFunction"
		class="com.nec.biomatcher.comp.util.TimeToLiveSecondsFunction">
	</bean>
	
	<bean id="timeToIdleSecondsFunction"
		class="com.nec.biomatcher.comp.util.TimeToIdleSecondsFunction">
	</bean>

</beans>
