<?xml version="1.0" encoding="UTF-8" ?>
<!DOCTYPE mapper PUBLIC "-//mybatis.org//DTD Mapper 3.0//EN" "http://mybatis.org/dtd/mybatis-3-mapper.dtd" >
<mapper namespace="jp.co.alsok.g6.zzw.web.dao.mapper.ghs.CommonRAcntAlsokMapper" >
  <resultMap id="BaseResultMap" type="jp.co.alsok.g6.zzw.web.entity.ghs.RAcntAlsok" >
    <!--
      WARNING - @mbggenerated
      This element is automatically generated by MyBatis Generator, do not modify.
      This element was generated on Mon Jun 11 13:30:10 JST 2018.
    -->
    <id column="LN_ACNT_ALSOK" property="LN_ACNT_ALSOK" jdbcType="CHAR" />
    <result column="JIGYOU_CD" property="JIGYOU_CD" jdbcType="CHAR" />
    <result column="ML_ADDR" property="ML_ADDR" jdbcType="CHAR" />
    <result column="PASSWD" property="PASSWD" jdbcType="CHAR" />
    <result column="ACNT_TYPE" property="ACNT_TYPE" jdbcType="CHAR" />
    <result column="USER_NM" property="USER_NM" jdbcType="CHAR" />
    <result column="USER_NUM" property="USER_NUM" jdbcType="CHAR" />
    <result column="LOGIN_STS" property="LOGIN_STS" jdbcType="CHAR" />
    <result column="ID_INSERT" property="ID_INSERT" jdbcType="CHAR" />
    <result column="INSERT_NM" property="INSERT_NM" jdbcType="CHAR" />
    <result column="INSERT_TS" property="INSERT_TS" jdbcType="TIMESTAMP" />
    <result column="ID_UPDATE" property="ID_UPDATE" jdbcType="CHAR" />
    <result column="UPDATE_NM" property="UPDATE_NM" jdbcType="CHAR" />
    <result column="UPDATE_TS" property="UPDATE_TS" jdbcType="TIMESTAMP" />
  </resultMap>
  <sql id="Example_Where_Clause" >
    <!--
      WARNING - @mbggenerated
      This element is automatically generated by MyBatis Generator, do not modify.
      This element was generated on Mon Jun 11 13:30:10 JST 2018.
    -->
    <where >
      <foreach collection="oredCriteria" item="criteria" separator="or" >
        <if test="criteria.valid" >
          <trim prefix="(" suffix=")" prefixOverrides="and" >
            <foreach collection="criteria.criteria" item="criterion" >
              <choose >
                <when test="criterion.noValue" >
                  and ${criterion.condition}
                </when>
                <when test="criterion.singleValue" >
                  and ${criterion.condition} #{criterion.value}
                </when>
                <when test="criterion.betweenValue" >
                  and ${criterion.condition} #{criterion.value} and #{criterion.secondValue}
                </when>
                <when test="criterion.listValue" >
                  and ${criterion.condition}
                  <foreach collection="criterion.value" item="listItem" open="(" close=")" separator="," >
                    #{listItem}
                  </foreach>
                </when>
              </choose>
            </foreach>
          </trim>
        </if>
      </foreach>
    </where>
  </sql>
  <sql id="Base_Column_List" >
    <!--
      WARNING - @mbggenerated
      This element is automatically generated by MyBatis Generator, do not modify.
      This element was generated on Mon Jun 11 13:30:10 JST 2018.
    -->
    LN_ACNT_ALSOK, JIGYOU_CD, ML_ADDR, PASSWD, ACNT_TYPE, USER_NM, USER_NUM, LOGIN_STS,
    ID_INSERT, INSERT_NM, INSERT_TS, ID_UPDATE, UPDATE_NM, UPDATE_TS
  </sql>
  <select id="selectByCondition" resultMap="BaseResultMap" parameterType="jp.co.alsok.g6.zzw.web.entity.ghs.RAcntAlsokCondition" >
    <!--
      WARNING - @mbggenerated
      This element is automatically generated by MyBatis Generator, do not modify.
      This element was generated on Mon Jun 11 13:30:10 JST 2018.
    -->
    select
    <if test="distinct" >
      distinct
    </if>
    <include refid="Base_Column_List" />
    from alsokdb.R_ACNT_ALSOK
    <if test="_parameter != null" >
      <include refid="Example_Where_Clause" />
    </if>
    <if test="orderByClause != null" >
      order by ${orderByClause}
    </if>
  </select>
</mapper>