<?xml version="1.0" encoding="UTF-8" ?>
<!DOCTYPE mapper
        PUBLIC "-//mybatis.org//DTD Mapper 3.0//EN"
        "http://mybatis.org/dtd/mybatis-3-mapper.dtd">
<mapper namespace="jp.co.alsok.g6.zzw.web.dao.mapper.ghs.GhsKeibisakiInfoMapper">

   <select id="selectGhsACnt" parameterType="string" resultType="hashmap">
    SELECT
      LN_ACNT_USER AS GHS_ACNT_NO
      , ML_ADDR AS ML_ADDR
    FROM
      alsokdb.R_ACNT_USER
    WHERE
      <if test="systemId != null and systemId  == 1">
        R_ACNT_USER.ML_ADDR = #{ML_ADDR}
      </if>
      <if test="systemId != null and systemId  == 2">
        R_ACNT_USER.LN_ACNT_USER = #{lnAcntUserCommon}
      </if>
   </select>

  <resultMap id="selectGhsKeibisakiInfo" type="jp.co.alsok.g6.zzw.web.dto.KeibisakiInfoDto">
      <id property="lnKeibi" jdbcType="CHAR" column="LN_KEIBI" />
      <result property="systemId" jdbcType="INTEGER" column="SYSTEM_ID" />
      <association property="keibisaki" resultMap="keibisakiInfo" />
      <association property="keiyakusaki" resultMap="keiyakusakiInfo" />
      <association property="keibichiku" javaType="ArrayList" column="{pram1=LN_KEIBI,pram2=LN_ACNT_USER_COMMON}" select="selectGhsKeibisakichikuInfo" />
  </resultMap>
  <resultMap id="keibisakiInfo" type="jp.co.alsok.g6.zzw.web.dto.KeibisakiDto">
      <id property="keibisakiId" jdbcType="CHAR" column="LN_KEIBI" />
      <result property="keibisakiName" jdbcType="CHAR" column="KEIBI_NM" />
      <result property="keibisakiAddress" jdbcType="CHAR" column="KEIBI_ADDR" />
  </resultMap>
  <resultMap id="keiyakusakiInfo" type="jp.co.alsok.g6.zzw.web.dto.KeiyakusakiDto">
      <id property="keiyakusakiId" jdbcType="CHAR" column="LN_KEIYK" />
      <result property="keiyakusakiName" jdbcType="CHAR" column="KEIYK_NM" />
   </resultMap>
   <select id="selectGhsKeibisakiInfo" resultMap="selectGhsKeibisakiInfo">
        SELECT
          KEIBI.LN_KEIBI
          , KEIBI.KEIBI_NM
          , KEIBI.KEIBI_ADDR
          , KEIYAKU.LN_KEIYK
          , KEIYAKU.KEIYK_NM
          , #{GHS_ACNT_NO} AS LN_ACNT_USER_COMMON
          , #{systemGhs} AS SYSTEM_ID
        FROM
          alsokdb.R_KEIBI AS KEIBI INNER JOIN alsokdb.R_BUKKEN AS BUKKEN
            ON BUKKEN.LN_BUKKEN = KEIBI.LN_BUKKEN INNER JOIN alsokdb.R_KEIYK AS KEIYAKU
            ON KEIYAKU.LN_KEIYK = BUKKEN.LN_BUKKEN
        WHERE
          KEIBI.LN_KEIBI IN (
            SELECT
              CHIKU.LN_KEIBI
            FROM
              alsokdb.R_KB_CHIKU AS CHIKU
            WHERE
              CHIKU.LN_KB_CHIKU IN (
                SELECT
                  AUTH.LN_KB_CHIKU
                FROM
                  alsokdb.R_ACNT_USER_AUTH AS AUTH
                WHERE
                <if test="GHS_ACNT_NO != null and GHS_ACNT_NO.length() > 0">
                  LN_ACNT_USER = #{GHS_ACNT_NO}
                </if>
              )
          )
    </select>

    <resultMap id="keibisakiChikuInfo" type="jp.co.alsok.g6.zzw.web.dto.KeibichikuDto">
        <id property="keibisakiChikuId" jdbcType="CHAR" column="LN_KB_CHIKU" />
        <result property="keibisakiChikuName" jdbcType="CHAR" column="SD_KOBETU_NM" />
        <result property="keibisakId" jdbcType="CHAR" column="LN_KEIBI" />
    </resultMap>

    <select id="selectGhsKeibisakichikuInfo" resultMap="keibisakiChikuInfo" >
        SELECT
          CHIKU.LN_KEIBI AS LN_KEIBI
          , CHIKU.LN_KB_CHIKU AS LN_KB_CHIKU
          , CHIKU.SD_KOBETU_NM AS SD_KOBETU_NM
        FROM
          alsokdb.R_KB_CHIKU AS CHIKU
        WHERE
          CHIKU.LN_KB_CHIKU IN (
            SELECT
              AUTH.LN_KB_CHIKU
            FROM
              alsokdb.R_ACNT_USER_AUTH AS AUTH
            WHERE
              AUTH.LN_ACNT_USER = #{pram2}
          )
    </select>
</mapper>