﻿<?xml version="1.0" encoding="UTF-8"?>
<beans 	xmlns="http://www.springframework.org/schema/beans"
		xmlns:xsi="http://www.w3.org/2001/XMLSchema-instance"
		xsi:schemaLocation="http://www.springframework.org/schema/beans http://www.springframework.org/schema/beans/spring-beans.xsd">
	
	<bean id="dialectSelector" class="com.nec.biomatcher.core.framework.dataAccess.DialectSelector">
		<property name="dataSource" ref="jdbcDatasource"/>
	</bean>
	
	<bean id="hbSessionFactory" class="org.springframework.orm.hibernate4.LocalSessionFactoryBean">
		<property name="dataSource" ref="jdbcDatasource" />

	 	<property name="mappingLocations">
    	    <list>
    	    	<value>classpath:com/nec/biomatcher/comp/resources/hibernate/BiometricEventInfo.hbm.xml</value>
    	    	<value>classpath:com/nec/biomatcher/comp/resources/hibernate/BiometricIdDetailInfo.hbm.xml</value>
    	    	<value>classpath:com/nec/biomatcher/comp/resources/hibernate/BiometricIdInfo.hbm.xml</value>
    	    	<value>classpath:com/nec/biomatcher/comp/resources/hibernate/BioTemplateStorageInfo.hbm.xml</value>
    	    	<value>classpath:com/nec/biomatcher/comp/resources/hibernate/BioTemplateDataInfo.hbm.xml</value>
		   	</list>
	    </property>
  		<!--  property name="schemaUpdate" value="false"/ -->
  		<property name="hibernateProperties">
  			<props>
  				<prop key="hibernate.show_sql">false</prop>
  				
  				<prop key="hibernate.dialect">#{dialectSelector.dialectClass}</prop>
<!--     			<prop key="hibernate.dialect">org.hibernate.dialect.MySQL57InnoDBDialect</prop>  -->
<!-- 				<prop key="hibernate.dialect">org.hibernate.dialect.Oracle10gDialect</prop> -->
<!--				<prop key="hibernate.dialect">com.nec.biomatcher.core.framework.dataAccess.Oracle10gDialect</prop> -->

  				<prop key="hibernate.jdbc.batch_size">50</prop>
  				<prop key="hibernate.cache.use_second_level_cache">false</prop> 				  				
				<prop key="hibernate.bytecode.use_reflection_optimizer">false</prop>				
  				<!-- Add to use C3PO Connection Pooling-->  			
  				<prop key="hibernate.transaction.factory_class">org.hibernate.transaction.JDBCTransactionFactory</prop>  				
				<prop key="hibernate.cache.provider_class">org.hibernate.cache.OSCacheProvider</prop>
				<!--<prop key="hibernate.current_session_context_class">thread</prop>-->					
				<prop key="hibernate.validator.apply_to_ddl">false</prop>
				<prop key="hibernate.validator.autoregister_listeners">false</prop>
  			</props>
  		</property>
	</bean>

	<bean id="txManager" class="org.springframework.orm.hibernate4.HibernateTransactionManager">
		<property name="defaultTimeout" value="600" />
		<property name="dataSource" ref="jdbcDatasource" />
		<property name="sessionFactory" ref="hbSessionFactory"/>
	</bean>
	
    <bean id="abstractService"
          class="com.nec.biomatcher.core.framework.springSupport.SpringServiceFactory"
          abstract="true">
        <property name="transactionManager">
            <ref bean="txManager"/>
        </property>
        <property name="transactionAttributes">
            <props>
                <prop key="*">PROPAGATION_REQUIRED,ISOLATION_READ_COMMITTED,-Exception</prop>
            </props>
        </property>
    </bean>
				
	<bean id="abstractDao" class="com.nec.biomatcher.core.framework.dataAccess.AbstractHibernateDao" abstract="true">
		<property name="sessionFactory" ref="hbSessionFactory" />
	</bean>

</beans>