<?xml version="1.0" encoding="UTF-8" ?>
<!DOCTYPE mapper
        PUBLIC "-//mybatis.org//DTD Mapper 3.0//EN"
        "http://mybatis.org/dtd/mybatis-3-mapper.dtd">
<mapper namespace="jp.co.alsok.g6.zwu.dao.mapper.ghs.SZWU0800GhsMapper">
  <!-- 返却用 -->
  <resultMap id="BaseResultMap" type="jp.co.alsok.g6.zwu.entity.com.SZWU0800Info">
      <result column="FLG_KB_SET_DISP" jdbcType="CHAR" property="FlgKbSetDisp"/>
      <result column="FLG_KB_HST_DISP" jdbcType="CHAR" property="FlgKbHstDisp"/>
      <result column="FLG_RMT_KB_SET_DISP" jdbcType="CHAR" property="FlgRmtKbSetDisp"/>
      <result column="FLG_KNRN_DISP" jdbcType="CHAR" property="FlgKnrnDisp"/>
      <result column="FLG_WASURE_DISP" jdbcType="CHAR" property="FlgWasureDisp"/>
      <result column="FLG_KUSITU_DISP" jdbcType="CHAR" property="FlgKusituDisp"/>
      <result column="FLG_CARD_DISP" jdbcType="CHAR" property="FlgCardDisp"/>
  </resultMap>
  
  <!-- 返却用 -->
  <resultMap id="RAlsokNoticeMap" type="jp.co.alsok.g6.db.entity.g6.RAlsokNotice">
    <result column="LN_ALSOK_NOTICE" property="LN_ALSOK_NOTICE" jdbcType="CHAR" />
	<result column="BODY" property="BODY" jdbcType="CHAR" />
	<result column="SEND_TS" property="SEND_TS" jdbcType="CHAR" />
  </resultMap>
  
  <!-- GSHSフラグ情報の取得（GHS） -->
  <select id="selectGshsFlgInfo" resultType="java.lang.String">
      SELECT
      RK.FLG_GSHS
      FROM R_KEIBI RK
      INNER JOIN R_DENKEI_MNG RDM
      ON RK.LN_KEIBI = RDM.LN_KEIBI
      WHERE RK.LN_KEIBI = #{lnKeibi}
      AND RDM.FLG_LAST = '1'
  </select>
  
  <!-- ALSOKからのお知らせ情報を取得（GHS契約先）. -->
  <select id="selectKeiYakuEAlsokNoticeList" resultMap="RAlsokNoticeMap">
	SELECT
		E.LN_ALSOK_NOTICE as LN_ALSOK_NOTICE,
		E.BODY as BODY,
		E.SEND_TM as SEND_TS
	FROM E_ALSOK_NOTICE E
		LEFT JOIN E_KEIYAKU_ALSOK_NOTICE_ML_TGT EK
		ON EK.LN_ALSOK_NOTICE = E.LN_ALSOK_NOTICE 
	WHERE EK.LN_ACNT_KEIYK = #{lnAcntUserCommon}
		OR EK.LN_ACNT_KEIYK IS NULL
	ORDER BY E.SEND_TM DESC,
		E.LN_ALSOK_NOTICE DESC
	LIMIT 3
  </select>
  
  <!-- ALSOKからのお知らせ情報を取得（GHS利用者）. -->
  <select id="selectUserEAlsokNoticeList" resultMap="RAlsokNoticeMap">
	SELECT
		E.LN_ALSOK_NOTICE as LN_ALSOK_NOTICE,
		E.BODY as BODY,
		E.SEND_TM as SEND_TS
	FROM E_ALSOK_NOTICE E
		LEFT JOIN E_ALSOK_NOTICE_ML_TGT EA
		ON EA.LN_ALSOK_NOTICE = E.LN_ALSOK_NOTICE 
	WHERE EA.LN_ACNT_USER = #{lnAcntUserCommon}
		OR EA.LN_ACNT_USER IS NULL
	ORDER BY E.RGST_TS DESC,
		E.LN_ALSOK_NOTICE DESC
	LIMIT 3
  </select>

    <!--J)メニュー表示権限取得-->
   <select id="selectDisplayAuth" resultMap="BaseResultMap">
    SELECT RAUA.FLG_KB_SET_DISP,
    RAUA.FLG_KB_HST_DISP,
    RAUA.FLG_RMT_KB_SET_DISP,
    RAUA.FLG_KNRN_DISP,
    RAUA.FLG_WASURE_DISP,
    RAUA.FLG_KUSITU_DISP,
    RAUA.FLG_CARD_DISP
    FROM R_ACNT_USER_AUTH AS RAUA,R_KB_CHIKU AS RKC
    WHERE RKC.LN_KB_CHIKU = RAUA.LN_KB_CHIKU
    AND RKC.ENTRY_STS = '1'
    AND RKC.SUB_ADDR != ''
    AND RAUA.LN_ACNT_USER = #{lnAcntUserCommon}
   </select>

    <!--K)回線種別取得-->
    <select id="selectLineType" resultType="java.lang.String">
      SELECT RCD.SD_LINE_KIND
      FROM R_CTL_DEV AS RCD
      WHERE RCD.LN_KEIBI = #{lnKeibi}
   </select>
</mapper>