<?xml version="1.0" encoding="UTF-8" ?>
<!DOCTYPE mapper PUBLIC "-//mybatis.org//DTD Mapper 3.0//EN" "http://mybatis.org/dtd/mybatis-3-mapper.dtd">
<mapper namespace="jp.co.alsok.g6.zwu.dao.mapper.ghs.SZWU7500GhsMapper">
	<!-- 返却用 -->
	<resultMap id="BaseResultMap" type="jp.co.alsok.g6.zwu.entity.g6.SZWU7500Info">
		<id column="lnAcntUserCommon" jdbcType="CHAR" property="lnAcntUserCommon" />
		<result column="lnAcntKeiyk" jdbcType="CHAR" property="lnAcntKeiyk" />
		<result column="lnAcntUser" jdbcType="CHAR" property="lnAcntUser" />
		<result column="passwd" jdbcType="CHAR" property="passwd" />
		<result column="updateTs" jdbcType="CHAR" property="updateTs" />
	</resultMap>

	<!-- R_契約先アカウント情報の取得 -->
	<select id="selectRAcntKeiykLock" resultMap="BaseResultMap">
		SELECT
		LN_ACNT_KEIYK AS lnAcntKeiyk,
		PASSWD AS passwd,
		UPDATE_TS AS updateTs
		FROM
		R_ACNT_KEIYK
		WHERE
		LN_ACNT_KEIYK = #{lnacntkeiyk}
		<if test="updateTs != null and updateTs != ''">
			AND UPDATE_TS = '${updateTs}'
		</if>
	</select>

	<!-- R_利用者アカウント情報の取得 -->
	<select id="selectRAcntUserLock" resultMap="BaseResultMap">
		SELECT
		LN_ACNT_USER AS lnAcntUser,
		PASSWD AS passwd,
		UPDATE_TS AS updateTs
		FROM
		R_ACNT_USER
		WHERE
		LN_ACNT_USER = #{lnAcntUser}
		AND GS_HS_TYPE = #{gsHsType}
		<if test="updateTs != null">
			AND UPDATE_TS = '${updateTs}'
		</if>
	</select>

	<update id="updateRAcntKeiyk" parameterType="java.util.HashMap">
		UPDATE R_ACNT_KEIYK
		<set>
			<if test="passwd != null">
				PASSWD = #{passwd},
			</if>
			<if test="idUpdate != null">
				ID_UPDATE = #{idUpdate},
			</if>
			<if test="updateNm != null">
				UPDATE_NM = #{updateNm},
			</if>
			<if test="updateTs != null">
				UPDATE_TS = #{updateTs},
			</if>
		</set>
		WHERE
		LN_ACNT_KEIYK = #{lnAcntKeiyk}
	</update>

	<!-- パスワード更新(利用者アカウント) -->
	<update id="updateRAcntUser" parameterType="java.util.HashMap">
		UPDATE R_ACNT_USER
		<set>
			<if test="passwd != null">
				PASSWD = #{passwd},
			</if>
			<if test="idUpdate != null">
				ID_UPDATE = #{idUpdate},
			</if>
			<if test="updateNm != null">
				UPDATE_NM = #{updateNm},
			</if>
			<if test="updateTs != null">
				UPDATE_TS = #{updateTs},
			</if>
		</set>
		WHERE
		LN_ACNT_USER = #{lnAcntUser}
		AND
		GS_HS_TYPE = #{gsHsType}
	</update>

</mapper>
