<?xml version="1.0" encoding="UTF-8" ?>
<!DOCTYPE mapper
        PUBLIC "-//mybatis.org//DTD Mapper 3.0//EN"
        "http://mybatis.org/dtd/mybatis-3-mapper.dtd">
<mapper namespace="jp.co.alsok.g6.zwu.dao.mapper.ghs.SZWU6500GhsMapper">

	<resultMap id="BaseResultMap" type="jp.co.alsok.g6.zwu.entity.g6.SZWU6500Info">
		<id column="LN_KEIBI" jdbcType="CHAR" property="lnKeibi" />
		<result column="GC_TEL_NUM" jdbcType="CHAR" property="gcTelNum" />
		<result column="JIGYOU_NM" jdbcType="CHAR" property="jigyouNm" />
		<result column="DENKEI" jdbcType="CHAR" property="denkei" />
		<result column="JIGYOU_CD" jdbcType="CHAR" property="jigyouCd" />
	</resultMap>

    <!-- E)ALSOKガードセンター情報取得 -->
	<select id="selectGcTelNumGhs" resultMap="BaseResultMap">
		SELECT 
		    M2.GC_TEL_NUM,
		    M1.JIGYOU_NM,
		    M1.JIGYOU_CD
		FROM M_JIGYOU M1
		    INNER JOIN M_GC M2
		    ON M1.GC_CD = M2.GC_CD
		    INNER JOIN R_KEIBI R
		    ON M1.JIGYOU_CD =R.JISSHI_JIGYOU_CD
		WHERE
		    R.LN_KEIBI = #{lnKeibi}
	</select>

    <!-- F)電計番号取得 -->
	<select id="selectDenkeiGhs" resultMap="BaseResultMap">
		SELECT 
		    DENKEI
		FROM R_DENKEI_MNG R1
		    INNER JOIN R_KEIBI R2
		    ON R1.LN_KEIBI = R2.LN_KEIBI
		WHERE
		    R2.LN_KEIBI = #{lnKeibi}
		    AND FLG_LAST = '1'
	</select>
</mapper>