<?xml version="1.0" encoding="UTF-8" ?>
<!DOCTYPE mapper
        PUBLIC "-//mybatis.org//DTD Mapper 3.0//EN"
        "http://mybatis.org/dtd/mybatis-3-mapper.dtd">
<mapper namespace="jp.co.alsok.g6.zwu.dao.mapper.ghs.SZWU0100GhsMapper">
	<resultMap id="BaseResultMap" type="jp.co.alsok.g6.zwu.entity.g6.SZWU0100Info">
		<id column="LN_ACNT_USER" jdbcType="CHAR" property="lnAcntUser" />
		<id column="LN_ACNT_KEIYK" jdbcType="CHAR" property="lnAcntKeiyk" />
		<id column="USER_NM" jdbcType="CHAR" property="acntNm" />
	</resultMap>

	<!-- 利用者アカウント情報(GS)の取得 -->
	<select id="searchRacntUser" parameterType="java.util.HashMap" resultMap="BaseResultMap">
        <![CDATA[
        SELECT
			LN_ACNT_USER AS LN_ACNT_USER,
			USER_NM 
		FROM
        	R_ACNT_USER
        WHERE
        	ML_ADDR = #{mlAddr} /*-- メールアドレス */
        	AND GS_HS_TYPE = #{gshsType}  /*--GSHS区分*/
        LIMIT 1
        ]]>
	</select>

	<!-- 契約先アカウント情報の取得 -->
	<select id="searchRacntKeiyk" parameterType="java.util.HashMap" resultMap="BaseResultMap">
        <![CDATA[
        SELECT
			LN_ACNT_KEIYK AS LN_ACNT_KEIYK,
			USER_NM
        FROM
        	R_ACNT_KEIYK
        WHERE
			ML_ADDR = #{mlAddr} /*-- メールアドレス */
		LIMIT 1
        ]]>
	</select>

</mapper>