<?xml version="1.0" encoding="UTF-8" ?>
<!DOCTYPE mapper
        PUBLIC "-//mybatis.org//DTD Mapper 3.0//EN"
        "http://mybatis.org/dtd/mybatis-3-mapper.dtd">
<mapper namespace="jp.co.alsok.g6.zwu.dao.mapper.ghs.SZWU6710GhsMapper">
    <!-- 返却用 -->
	<resultMap id="BaseResultMap" type="jp.co.alsok.g6.zwu.entity.g6.SZWU6710Info">
		<result column="LN_KEIBI" jdbcType="CHAR" property="lnKeibi" />
		<result column="LN_KB_CHIKU" jdbcType="CHAR" property="lnKbChiku" />
		<result column="KEIBI_NM" jdbcType="CHAR" property="keibiName1" />
		<result column="SD_KOBETU_NM" jdbcType="CHAR" property="sdKobetuNm" />
		<result column="PATH_INF" jdbcType="CHAR" property="pathInf" />
		<result column="NUM" jdbcType="CHAR" property="num" />
		<result column="CHIKU" jdbcType="CHAR" property="chiku" />
	</resultMap>
	
	<!-- A2)警備先情報の取得-->
	<select id="selectRKbChikuObtainNM"
		parameterType="java.util.HashMap" resultMap="BaseResultMap">
		SELECT
		T1.LN_KEIBI, /* -- R_警備先.LN_警備先論理番号 */
		T1.KEIBI_NM, /* -- R_警備先.警備先名称 */
		COUNT(T2.LN_KB_CHIKU) AS NUM
		FROM R_KEIBI T1 /* -- R_警備先 */
		INNER JOIN
		R_KB_CHIKU T2 /* -- R_警備先地区 */
		ON
		T1.LN_KEIBI = T2.LN_KEIBI
		WHERE
        T1.LN_KEIBI IN
		<foreach item="item" index="index" collection="lnKeibis"
			open="(" separator="," close=")">
			'${item}'
		</foreach>
		GROUP BY T1.LN_KEIBI,T1.KEIBI_NM
		ORDER BY T1.KEIBI_NM,T1.LN_KEIBI ASC
	</select>
	
	<!-- A2)警備先地区取得 -->
	<select id="selectRKbChikuObtain"
		parameterType="java.util.HashMap" resultMap="BaseResultMap">
		SELECT
		T2.LN_KEIBI, /* -- R_警備先地区.LN_警備先論理番号 */
		T1.LN_KEIBI, /* -- R_警備先.LN_警備先論理番号 */
		T2.SD_KOBETU_NM, /* -- R_警備先地区.警備先地区名称*/
		T1.KEIBI_NM, /* -- R_警備先.警備先名称 */
		T2.CHIKU
		FROM R_KEIBI T1 /* -- R_警備先 */
		INNER JOIN
		R_KB_CHIKU T2 /* -- R_警備先地区 */
		ON
		T1.LN_KEIBI = T2.LN_KEIBI
		WHERE
        T1.LN_KEIBI IN
		<foreach item="item" index="index" collection="lnKeibis"
			open="(" separator="," close=")">
			'${item}'
		</foreach>
		ORDER BY T2.LN_KEIBI,T2.LN_KB_CHIKU ASC
		
	</select>
	
	<!-- A4)警備先情報の取得-->
	<select id="selectRKbChikuObtainSecondNM"
		parameterType="java.util.HashMap" resultMap="BaseResultMap">
		SELECT
		T1.LN_KEIBI, /* -- R_警備先.LN_警備先論理番号 */
		T1.KEIBI_NM, /* -- R_警備先.警備先名称 */
		COUNT(T2.LN_KB_CHIKU) AS NUM
		FROM R_KEIBI T1 /* -- R_警備先 */
		LEFT JOIN
		R_KB_CHIKU T2 /* -- R_警備先地区 */
		ON
		T1.LN_KEIBI = T2.LN_KEIBI
		WHERE
	    T1.LN_KEIBI IN
		<foreach item="item" index="index" collection="lnKeibis"
			open="(" separator="," close=")">
			'${item}'
		</foreach>
		GROUP BY T1.LN_KEIBI,T1.KEIBI_NM
		ORDER BY T1.KEIBI_NM,T1.LN_KEIBI ASC
	</select>

        <!-- A4)警備先地区取得 -->
	<select id="selectRKbChikuObtainSecond"
		parameterType="java.util.HashMap" resultMap="BaseResultMap">
		SELECT
		T1.LN_KEIBI, /* -- R_警備先.LN_警備先論理番号 */
		T2.LN_KB_CHIKU, /* -- R_警備先地区.LN_警備先地区論理番号 */
		T1.KEIBI_NM, /* -- R_警備先.警備先名称 */
		T2.SD_KOBETU_NM, /* -- R_警備先地区.警備先地区名称*/
		T2.CHIKU
		FROM R_KEIBI T1 /* -- R_警備先 */
		LEFT JOIN
		R_KB_CHIKU T2 /* -- R_警備先地区 */
		ON
		T1.LN_KEIBI = T2.LN_KEIBI
		WHERE
	    T1.LN_KEIBI IN
		<foreach item="item" index="index" collection="lnKeibis"
			open="(" separator="," close=")">
			'${item}'
		</foreach>
		ORDER BY T2.LN_KEIBI,T2.LN_KB_CHIKU ASC
	</select>
</mapper>