<?xml version="1.0" encoding="UTF-8" ?>
<!DOCTYPE mapper PUBLIC "-//mybatis.org//DTD Mapper 3.0//EN" "http://mybatis.org/dtd/mybatis-3-mapper.dtd">
<mapper namespace="jp.co.alsok.g6.zwu.dao.mapper.ghs.SZWU5700GhsMapper">
	<!-- 返却用 -->
	<resultMap id="BaseResultMap" type="jp.co.alsok.g6.zwu.entity.g6.SZWU5700Info">
		<id column="sdKobetuNm" jdbcType="CHAR" property="sdKobetuNm" />
		<result column="chiku" jdbcType="CHAR" property="chiku" />
		<result column="pathInf" jdbcType="CHAR" property="pathInf" />
		<result column="lnKbChiku" jdbcType="CHAR" property="lnKbChiku" />
		<result column="subAddr" jdbcType="CHAR" property="subAddr" />
		<result column="youbiCd" jdbcType="CHAR" property="youbiCd" />
		<result column="taikanTime" jdbcType="CHAR" property="taikanTime" />
		<result column="updateTs" jdbcType="CHAR" property="updateTs" />
		<result column="lnRKbSetWasure" jdbcType="CHAR" property="lnRKbSetWasure" />
	</resultMap>

	<!-- 操作可能地区取得 -->
	<select id="searchLnKbChikuList" resultMap="BaseResultMap">
		SELECT
			LN_KB_CHIKU AS
			lnKbChiku
		FROM
			R_ACNT_USER_AUTH
		WHERE
			FLG_WASURE_DISP = 1
		AND LN_ACNT_USER = #{lnAcntUser}
	</select>

	<!-- 警備先地区名リスト取得 -->
	<select id="searchGhsRKbChikuListInfo" resultMap="BaseResultMap">
		SELECT
			LN_KB_CHIKU AS lnKbChiku,
			SD_KOBETU_NM AS sdKobetuNm,
			SUB_ADDR AS subAddr,
			CHIKU AS chiku
		FROM
			R_KB_CHIKU
		WHERE
			ENTRY_STS = 1
			AND LN_KEIBI = #{lnKeibi}
		<if test="lnKbChiku != null and lnKbChiku.length > 0">
			AND LN_KB_CHIKU IN
			<foreach item="item" index="index" collection="lnKbChiku" open="(" separator="," close=")">
				#{item}
			</foreach>
		</if>
		ORDER BY SUB_ADDR ASC
	</select>

	<!-- 警備セット忘れ通知情報取得する -->
	<select id="searchRKbSetWasureGhsList" resultMap="BaseResultMap">
		SELECT
			a.UPDATE_TS AS updateTs,
			a.LN_R_KB_SET_WASURE AS lnRKbSetWasure,
			a.DAY AS youbiCd,
			a.TAIKAN_TIME AS taikanTime,
			b.SD_KOBETU_NM AS sdKobetuNm
		FROM
			R_KB_SET_WASURE a
			INNER JOIN R_KB_CHIKU b ON a.LN_KB_CHIKU = b.LN_KB_CHIKU
		WHERE 
			b.ENTRY_STS = 1
			AND a.LN_KB_CHIKU IN
		<foreach item="item" index="index" collection="lnKbChiku" open="(" separator="," close=")">
			#{item}
		</foreach>
		ORDER BY
		<if test="orderByYoubiCd != null and orderByYoubiCd !=''">
			a.DAY ${orderByYoubiCd},
			a.TAIKAN_TIME ASC
		</if>
		<if test="orderByTaikanTime != null and orderByTaikanTime !=''">
			a.TAIKAN_TIME ${orderByTaikanTime},
			a.DAY ASC
		</if>
		LIMIT #{offset} , #{pageSize}
	</select>

	<!-- 警備セット忘れ通知情報の件数取得(ＧＨＳの場合) -->
	<select id="searchRKbSetWasureGhsListCnt" resultType="java.lang.Integer">
		SELECT
			COUNT(a.LN_R_KB_SET_WASURE)
		FROM
			R_KB_SET_WASURE a
			INNER JOIN R_KB_CHIKU b ON a.LN_KB_CHIKU = b.LN_KB_CHIKU
		WHERE
			b.ENTRY_STS = 1
			AND a.LN_KB_CHIKU IN
		<foreach item="item" index="index" collection="lnKbChiku" open="(" separator="," close=")">
			#{item}
		</foreach>
	</select>

	<!-- 登録済データと一致チェックする -->
	<select id="selectGhsLnRKbSetWasures" resultMap="BaseResultMap">
		SELECT
			LN_R_KB_SET_WASURE AS lnRKbSetWasure
		FROM
			R_KB_SET_WASURE
		WHERE
			TAIKAN_TIME = #{taikanTime}
			AND LN_KB_CHIKU IN
		<foreach item="item" index="index" collection="lnKbChiku" open="(" separator="," close=")">
			#{item}
		</foreach>
		AND DAY IN
		<foreach item="item" index="index" collection="dayOfTheWeek" open="(" separator="," close=")">
			#{item}
		</foreach>
	</select>

	<!-- 警備セット忘れ設定登録処理を行う(ＧＨＳの場合) -->
	<insert id="insertRKbSetWasureGhs" parameterType="java.util.HashMap">
		INSERT INTO R_KB_SET_WASURE
		<trim prefix="(" suffix=")" suffixOverrides=",">
			LN_R_KB_SET_WASURE,
			LN_KB_CHIKU,
			<if test="lnBukken != null">
				LN_BUKKEN,
			</if>
			<if test="day != null">
				DAY,
			</if>
			<if test="taikanTime != null">
				TAIKAN_TIME,
			</if>
			ID_INSERT,
			INSERT_NM,
			INSERT_TS,
			ID_UPDATE,
			UPDATE_NM,
			UPDATE_TS,
		</trim>
		<trim prefix="values (" suffix=")" suffixOverrides=",">
			#{lnRKbSetWasure},
			#{lnKbChiku},
			<if test="lnBukken != null">
				#{lnBukken},
			</if>
			<if test="day != null">
				#{day},
			</if>
			<if test="taikanTime != null">
				#{taikanTime},
			</if>
			#{idInsert},
			#{insertNm},
			#{insertTs},
			#{idUpdate},
			#{updateNm},
			#{updateTs}
		</trim>
	</insert>

	<!-- 警備セット忘れ通知情報のロック(ＧＨＳの場合) -->
	<select id="selectLnRKbSetWasureGhs" resultType="java.lang.Integer">
		SELECT
			COUNT(LN_R_KB_SET_WASURE)
		FROM 
			R_KB_SET_WASURE
		WHERE 0 = 0
		<if test="lnRKbSetWasure != null and lnRKbSetWasure != ''">
			AND LN_R_KB_SET_WASURE = #{lnRKbSetWasure}
		</if>
		<if test="selectedUpdateTs != null and selectedUpdateTs != ''">
			AND UPDATE_TS = #{selectedUpdateTs}
		</if>
	</select>

	<!-- 指定した警備セット忘れ通知情報を削除する -->
	<delete id="deleteLnRKbSetWasure" parameterType="java.util.HashMap">
		DELETE FROM R_KB_SET_WASURE
		WHERE 
			LN_R_KB_SET_WASURE = #{lnRKbSetWasure}
	</delete>

</mapper>