<?xml version="1.0" encoding="UTF-8" ?>
<!DOCTYPE mapper PUBLIC "-//mybatis.org//DTD Mapper 3.0//EN" "http://mybatis.org/dtd/mybatis-3-mapper.dtd">
<mapper namespace="jp.co.alsok.g6.zwu.dao.mapper.ghs.SZWU5800GhsMapper">
	<!-- 返却用 -->
	<resultMap id="BaseResultMap" type="jp.co.alsok.g6.zwu.entity.g6.SZWU5800Info">
		<id column="sdKobetuNm" jdbcType="CHAR" property="sdKobetuNm" />
		<result column="chiku" jdbcType="CHAR" property="chiku" />
		<result column="pathInf" jdbcType="CHAR" property="pathInf" />
		<result column="lnKbChiku" jdbcType="CHAR" property="lnKbChiku" />
		<result column="subAddr" jdbcType="CHAR" property="subAddr" />
		<result column="youbiCd" jdbcType="CHAR" property="youbiCd" />
		<result column="lnEmpSend" jdbcType="CHAR" property="lnEmpSend" />
		<result column="day" jdbcType="CHAR" property="day" />
		<result column="stTime" jdbcType="CHAR" property="stTime" />
		<result column="edTime" jdbcType="CHAR" property="edTime" />
		<result column="updateTs" jdbcType="CHAR" property="updateTs" />
	</resultMap>

	<!-- 操作可能地区取得 -->
	<select id="searchLnKbChikuList" resultMap="BaseResultMap">
		SELECT
		LN_KB_CHIKU AS lnKbChiku
		FROM
		R_ACNT_USER_AUTH
		WHERE
		FLG_WASURE_DISP = 1
		AND
		LN_ACNT_USER = #{lnAcntUser}
	</select>

	<!-- 警備先地区名リスト取得 -->
	<select id="searchGhsRKbChikuListInfo" resultMap="BaseResultMap">
		SELECT
		LN_KB_CHIKU AS lnKbChiku,
		SD_KOBETU_NM AS sdKobetuNm,
		SUB_ADDR AS subAddr,
		CHIKU AS chiku
		FROM
		R_KB_CHIKU
		WHERE
		ENTRY_STS = 1
		AND
		LN_KEIBI = #{lnKeibi}
		<if test="lnKbChiku != null and lnKbChiku.length > 0">
			AND LN_KB_CHIKU IN
			<foreach item="item" index="index" collection="lnKbChiku" open="(" separator="," close=")">
				#{item}
			</foreach>
		</if>
		ORDER BY SUB_ADDR ASC
	</select>

	<!-- 空室メール情報を取得する -->
	<select id="searchREmpSendGhsListInfo" resultMap="BaseResultMap">
		SELECT
			e.UPDATE_TS AS updateTs,
			e.LN_EMP_SEND AS lnEmpSend,
			e.DAY AS youbiCd,
			e.ST_TIME AS stTime,
			e.ED_TIME AS edTime,
			k.SD_KOBETU_NM AS sdKobetuNm
		FROM 
			R_EMP_SEND e
		INNER JOIN R_KB_CHIKU k ON
			e.LN_KB_CHIKU = k.LN_KB_CHIKU
		WHERE 0 = 0
		<if test="lnBukken != null and lnBukken != ''">
			AND e.LN_BUKKEN = #{lnBukken}
		</if>
			AND k.ENTRY_STS = 1
		<if test="lnKbChiku != null and lnKbChiku.length > 0">
			AND e.LN_KB_CHIKU IN
			<foreach item="item" index="index" collection="lnKbChiku" open="(" separator="," close=")">
				#{item}
			</foreach>
		</if>
		ORDER BY
		k.SUB_ADDR ASC,
		<if test="orderByYoubiCd != null and orderByYoubiCd !=''">
			e.DAY ${orderByYoubiCd},
			e.ST_TIME ASC,
			e.ED_TIME ASC
		</if>
		LIMIT #{offset} , #{pageSize}
	</select>

	<!-- 空室メール情報の件数取得(ＧＨＳの場合) -->
	<select id="searchREmpSendGhsListInfoCnt" resultType="java.lang.Integer">
		SELECT
		COUNT(e.LN_EMP_SEND)
		FROM R_EMP_SEND e
		INNER JOIN
		R_KB_CHIKU k
		ON
		e.LN_KB_CHIKU = k.LN_KB_CHIKU
		WHERE 0 = 0
		<if test="lnBukken != null and lnBukken != ''">
			AND e.LN_BUKKEN = #{lnBukken}
		</if>
			AND k.ENTRY_STS = 1
		<if test="lnKbChiku != null and lnKbChiku.length > 0">
			AND e.LN_KB_CHIKU IN
			<foreach item="item" index="index" collection="lnKbChiku" open="(" separator="," close=")">
				#{item}
			</foreach>
		</if>
	</select>

	<!-- 同一定義の取得処理の検索条件について -->
	<select id="selectLnEmpSendGhsInfoList" resultMap="BaseResultMap">
		SELECT
		LN_EMP_SEND AS lnEmpSend
		FROM R_EMP_SEND
		WHERE 0 = 0
		<if test="lnBukken != null and lnBukken != ''">
			AND LN_BUKKEN = #{lnBukken}
		</if>
		<if test="lnKbChiku != null and lnKbChiku.length > 0">
			AND LN_KB_CHIKU IN
			<foreach item="item" index="index" collection="lnKbChiku" open="(" separator="," close=")">
				#{item}
			</foreach>
		</if>
		AND DAY in
		<foreach item="item" index="index" collection="dayOfTheWeek" open="(" separator="," close=")">
			#{item}
		</foreach>
		AND
		#{stTime} &gt;= ST_TIME
		AND
		ED_TIME &gt;= #{edTime}
	</select>

	<!-- 空室メール情報の登録 -->
	<insert id="insertREmpSendGhs" parameterType="java.util.HashMap">
		INSERT INTO R_EMP_SEND
		<trim prefix="(" suffix=")" suffixOverrides=",">
			LN_EMP_SEND,
			LN_KB_CHIKU,
			LN_BUKKEN,
			DAY,
			ST_TIME,
			ED_TIME,
			ID_INSERT,
			INSERT_NM,
			INSERT_TS,
			ID_UPDATE,
			UPDATE_NM,
			UPDATE_TS,
		</trim>
		<trim prefix="values (" suffix=")" suffixOverrides=",">
			#{lnEmpSend},
			#{lnKbChiku},
			#{lnBukken},
			#{day},
			#{stTime},
			#{edTime},
			#{idInsert},
			#{insertNm},
			#{insertTs},
			#{idUpdate},
			#{updateNm},
			#{updateTs},
		</trim>
	</insert>

	<!-- 空室メール情報のロック(ＧＨＳの場合) -->
	<select id="selectLnEmpSendGhs" resultType="java.lang.Integer">
		SELECT
			COUNT(LN_EMP_SEND)
		FROM 
			R_EMP_SEND
		WHERE 0 = 0
		<if test="lnEmpSend != null and lnEmpSend != ''">
			AND LN_EMP_SEND = #{lnEmpSend}
		</if>
		<if test="selectedUpdateTs != null and selectedUpdateTs != ''">
			AND UPDATE_TS = #{selectedUpdateTs}
		</if>
	</select>

	<!-- 空室メール情報の削除 -->
	<delete id="deleteLnEmpSend" parameterType="java.util.HashMap">
		DELETE FROM R_EMP_SEND
		WHERE LN_EMP_SEND = #{lnEmpSend}
	</delete>

</mapper>