<?xml version="1.0" encoding="UTF-8" ?>
<!DOCTYPE mapper
        PUBLIC "-//mybatis.org//DTD Mapper 3.0//EN"
        "http://mybatis.org/dtd/mybatis-3-mapper.dtd">
<mapper namespace="jp.co.alsok.g6.zwu.dao.mapper.ghs.SZWU4400GhsMapper">
	<!-- 返却用 -->
	<resultMap id="BaseResultMap" type="jp.co.alsok.g6.zwu.entity.g6.SZWU4400Info">
		<id column="lnKbChiku" jdbcType="CHAR" property="lnKbChiku" />
		<result column="subAddr" jdbcType="CHAR" property="subAddr" />
		<result column="sdKobetuNm" jdbcType="CHAR" property="sdKobetuNm" />
		<result column="lnDev" jdbcType="CHAR" property="lnDev" />
		<result column="sdDevNm" jdbcType="CHAR" property="sdDevNm" />
		<result column="sdDevNum" jdbcType="CHAR" property="sdDevNum" />
		<result column="denkei" jdbcType="CHAR" property="denkei" />
		<result column="gouki" jdbcType="CHAR" property="gouki" />
		<result column="serialNum" jdbcType="CHAR" property="serialNum" />
		<result column="chiku" jdbcType="CHAR" property="chiku" />
	</resultMap>

	<!-- 警備先地区一覧の取得(GHS) -->
	<select id="selectKbInfoListGHS" resultMap="BaseResultMap">
		SELECT
			RC.LN_KB_CHIKU lnKbChiku,
			RC.SUB_ADDR subAddr,
			RC.CHIKU chiku,
			RC.SD_KOBETU_NM sdKobetuNm
		FROM
			R_KB_CHIKU RC
		WHERE
			RC.LN_KEIBI = #{keibi}
			AND RC.ENTRY_STS = '1'
			<if test="userKbn == 1">
				<!-- GHS契約者の場合 -->
				AND RC.LN_KB_CHIKU IN (
					SELECT
						LN_KB_CHIKU
					FROM
						R_ACNT_KEIYK_AUTH
					WHERE
						LN_ACNT_KEIYK = #{GHS_ACNT_NO}
				)
			</if>
			<if test="userKbn == 2">
				<!-- GHS利用者の場合 -->
				AND RC.LN_KB_CHIKU IN (
					SELECT
						LN_KB_CHIKU
					FROM
						R_ACNT_USER_AUTH
					WHERE
						LN_ACNT_USER = #{GHS_ACNT_NO}
				)
			</if>
			<if test="subAddr != null and subAddr !=''">
	            AND RC.SUB_ADDR IN ${subAddr}
	        </if>
		ORDER BY
			RC.SUB_ADDR
	</select>
	<!-- 設置機器状態一覧の取得 -->
	<select id="selectDevInfoListGHS" resultMap="BaseResultMap">
		SELECT
			D.LN_DEV lnDev,
			D.SD_DEV_NM sdDevNm,
			D.SD_DEV_NUM sdDevNum
		FROM
			R_KB_CHIKU C
				INNER JOIN R_DEV D
					ON D.LN_KB_CHIKU = C.LN_KB_CHIKU
					AND D.SD_RM_KIND IN (${sdRmKind})
		WHERE
			C.LN_KB_CHIKU = #{kbChiku}
		ORDER BY
			D.SD_DEV_NM
	</select>
	<!--電計番号を取得する -->
	<select id="selectGHSDenkeiNum" resultMap="BaseResultMap">
		SELECT DENKEI AS denkei
		FROM R_DENKEI_MNG
		WHERE LN_KEIBI = #{keibi}
		AND FLG_LAST = #{lastFlg}
		LIMIT 1
	</select>
	<!--制御装置情報を取得する -->
	<select id="selectGHSCtlDev" resultMap="BaseResultMap">
		SELECT
		SERIAL_NUM as serialNum
		,GOUKI as gouki
		FROM
		R_KEIBI
		WHERE LN_KEIBI = #{keibi}
		limit 1
	</select>
	<!--コマンド状態の取得 -->
	<select id="selectGHSCtrlSig" resultType="java.lang.String">
		SELECT STS
		FROM E_QUE_CTRL
		WHERE LN_QUE_CTRL=#{lnQueCtrl}
		LIMIT 1
	</select>
	<!--設置機器状態の取得 -->
	<select id="selectGHSDevSts" resultType="java.lang.String">
		SELECT DRCTSET_CNTR_ST
		FROM C_DEV_STS
		WHERE LN_DEV=#{lnDev}
		LIMIT 1
	</select>
	<!--制御状態読出要求コマンドを登録する -->
	<insert id="inesrtEQueCtrl" parameterType="jp.co.alsok.g6.zwu.entity.ghs.EQueCtrlEntity">
		INSERT INTO E_QUE_CTRL
		<trim prefix="(" suffix=")" suffixOverrides=",">
			<if test="LN_QUE_CTRL != null">
				LN_QUE_CTRL,
			</if>
			<if test="HOST_NM != null">
				HOST_NM,
			</if>
			<if test="DENKEI != null">
				DENKEI,
			</if>
			<if test="GOUKI != null">
				GOUKI,
			</if>
			<if test="SERIAL_NUM != null">
				SERIAL_NUM,
			</if>
			<if test="CONN_DEV_NUM != null">
				CONN_DEV_NUM,
			</if>
			<if test="DEV_NUM != null">
				DEV_NUM,
			</if>
			<if test="SUB_ADDR != null">
				SUB_ADDR,
			</if>
			<if test="PRIORITY != null">
				PRIORITY,
			</if>
			<if test="CMD_SEQ_NUM != null">
				CMD_SEQ_NUM,
			</if>
			<if test="PROCESS_NUM != null">
				PROCESS_NUM,
			</if>
			<if test="CMD_CD != null">
				CMD_CD,
			</if>
			<if test="EXEC_CMD != null">
				EXEC_CMD,
			</if>
			<if test="FILE_TYPE != null">
				FILE_TYPE,
			</if>
			<if test="DIR_NM != null">
				DIR_NM,
			</if>
			<if test="SOAP_MSG != null">
				SOAP_MSG,
			</if>
			<if test="ENQ_TS != null">
				ENQ_TS,
			</if>
			<if test="DEQ_ABL_TM != null">
				DEQ_ABL_TM,
			</if>
			<if test="DEQ_TS != null">
				DEQ_TS,
			</if>
			<if test="STS != null">
				STS,
			</if>
			<if test="CENTER_ERR_DTL != null">
				CENTER_ERR_DTL,
			</if>
			<if test="RM_RESULT != null">
				RM_RESULT,
			</if>
			<if test="RM_ERR_CD != null">
				RM_ERR_CD,
			</if>
			<if test="CTL_RESULT != null">
				CTL_RESULT,
			</if>
			<if test="CTL_CMD_RSLT != null">
				CTL_CMD_RSLT,
			</if>
			<if test="CMD_TIMEOUT_TM != null">
				CMD_TIMEOUT_TM,
			</if>
			<if test="ID_INSERT != null">
				ID_INSERT,
			</if>
			<if test="INSERT_NM != null">
				INSERT_NM,
			</if>
			<if test="INSERT_TS != null">
				INSERT_TS,
			</if>
			<if test="ID_UPDATE != null">
				ID_UPDATE,
			</if>
			<if test="UPDATE_NM != null">
				UPDATE_NM,
			</if>
			<if test="UPDATE_TS != null">
				UPDATE_TS
			</if>
		</trim>
		<trim prefix="values (" suffix=")" suffixOverrides=",">
			<if test="LN_QUE_CTRL != null">
				#{LN_QUE_CTRL},
			</if>
			<if test="HOST_NM != null">
				#{HOST_NM},
			</if>
			<if test="DENKEI != null">
				#{DENKEI},
			</if>
			<if test="GOUKI != null">
				#{GOUKI},
			</if>
			<if test="SERIAL_NUM != null">
				#{SERIAL_NUM},
			</if>
			<if test="CONN_DEV_NUM != null">
				#{CONN_DEV_NUM},
			</if>
			<if test="DEV_NUM != null">
				#{DEV_NUM},
			</if>
			<if test="SUB_ADDR != null">
				#{SUB_ADDR},
			</if>
			<if test="PRIORITY != null">
				#{PRIORITY},
			</if>
			<if test="CMD_SEQ_NUM != null">
				#{CMD_SEQ_NUM},
			</if>
			<if test="PROCESS_NUM != null">
				#{PROCESS_NUM},
			</if>
			<if test="CMD_CD != null">
				#{CMD_CD},
			</if>
			<if test="EXEC_CMD != null">
				#{EXEC_CMD},
			</if>
			<if test="FILE_TYPE != null">
				#{FILE_TYPE},
			</if>
			<if test="DIR_NM != null">
				#{DIR_NM},
			</if>
			<if test="SOAP_MSG != null">
				#{SOAP_MSG},
			</if>
			<if test="ENQ_TS != null">
				#{ENQ_TS},
			</if>
			<if test="DEQ_ABL_TM != null">
				#{DEQ_ABL_TM},
			</if>
			<if test="DEQ_TS != null">
				#{DEQ_TS},
			</if>
			<if test="STS != null">
				#{STS},
			</if>
			<if test="CENTER_ERR_DTL != null">
				#{CENTER_ERR_DTL},
			</if>
			<if test="RM_RESULT != null">
				#{RM_RESULT},
			</if>
			<if test="RM_ERR_CD != null">
				#{RM_ERR_CD},
			</if>
			<if test="CTL_RESULT != null">
				#{CTL_RESULT},
			</if>
			<if test="CTL_CMD_RSLT != null">
				#{CTL_CMD_RSLT},
			</if>
			<if test="CMD_TIMEOUT_TM != null">
				#{CMD_TIMEOUT_TM},
			</if>
			<if test="ID_INSERT != null">
				#{ID_INSERT},
			</if>
			<if test="INSERT_NM != null">
				#{INSERT_NM},
			</if>
			<if test="INSERT_TS != null">
				#{INSERT_TS},
			</if>
			<if test="ID_UPDATE != null">
				#{ID_UPDATE},
			</if>
			<if test="UPDATE_NM != null">
				#{UPDATE_NM},
			</if>
			<if test="UPDATE_TS != null">
				#{UPDATE_TS}
			</if>
		</trim>
	</insert>
	
	<!--C)GSHSフラグ情報の取得（GHS） -->
    <select id="selectGshsFlgInfo" resultType="java.lang.String">
        SELECT
        RK.FLG_GSHS
        FROM R_KEIBI RK
        INNER JOIN R_DENKEI_MNG RDM
        ON RK.LN_KEIBI = RDM.LN_KEIBI
        WHERE RK.LN_KEIBI = #{keibi}
        AND RDM.FLG_LAST = '1'
    </select>
	
</mapper>