<?xml version="1.0" encoding="UTF-8" ?>
<!DOCTYPE mapper
        PUBLIC "-//mybatis.org//DTD Mapper 3.0//EN"
        "http://mybatis.org/dtd/mybatis-3-mapper.dtd">
<mapper namespace="jp.co.alsok.g6.zwu.dao.mapper.ghs.SZWU6700GhsMapper">
	<!-- アカウント情報 -->
	<resultMap id="BaseResultMap" type="jp.co.alsok.g6.zwu.entity.g6.SZWU6700Info">
		<result column="LN_ACNT_USER_COMMON" jdbcType="CHAR" property="lnAcntUserCommon" />  <!-- アカウント論理番号 -->
		<result column="ACNT_ID" jdbcType="CHAR" property="acntId" />  <!-- メールアドレス -->
		<result column="ACNT_NM" jdbcType="CHAR" property="acntNm" />  <!-- ユーザー氏名 -->
		<result column="RGST_STS" jdbcType="CHAR" property="rgstSts" />  <!-- 登録状態 -->
		<result column="LOGIN_STS" jdbcType="CHAR" property="loginSts" />  <!-- 登録状態 -->
		<result column="ML_SEND_STS" jdbcType="CHAR" property="mlSendSts" />  <!-- 登録状態 -->
		<result column="USER_NUM" jdbcType="CHAR" property="userNum" />  <!-- 登録状態 -->
		<result column="UPDATE_TS" jdbcType="CHAR" property="updateTs" />  <!-- 更新日時 -->
		<result column="LN_ACNT_KEIYK_AUTH" jdbcType="CHAR" property="lnAcntKeiykAuth" /> 
	</resultMap>

	<select id="selectAcountListGhs" resultMap="BaseResultMap">
		SELECT LN_ACNT_KEIYK AS LN_ACNT_USER_COMMON
		,USER_NM AS ACNT_NM
		,ML_ADDR AS ACNT_ID
		,RGST_STS
		,LOGIN_STS
		,ML_SEND_STS
		,UPDATE_TS
		FROM R_ACNT_KEIYK
		WHERE
		LN_KEIYK=#{lnKeiyk}
		AND ACNT_TYPE=#{acntUserKbn}
	</select>

	<!-- CSV出力DB検索内容 -->
	<select id="searchCsvInfoListGhs" parameterType="java.util.HashMap" resultMap="BaseResultMap">
		SELECT LN_ACNT_KEIYK AS LN_ACNT_USER_COMMON
		,USER_NM AS ACNT_NM
		,ML_ADDR AS ACNT_ID
		,USER_NUM 
		FROM
		R_ACNT_KEIYK
		WHERE
		LN_ACNT_KEIYK=#{lnAcntUserCommon}
	</select>
	
	<!--10-2(A) 利用者アカウント共通のロック削除対象前进行查询 -->
	<select id="searchLnAcntUserCommonLock" parameterType="java.util.HashMap" resultType="java.lang.String">
		SELECT
		COUNT(LN_ACNT_KEIYK)
		FROM
		R_ACNT_KEIYK
		WHERE
		WHERE UPDATE_TS > #{updateTs,jdbcType=CHAR}
		AND LN_ACNT_KEIYK = #{lnAcntUserCommon}
	</select>

	<!--10-2(A) 利用者アカウント共通のロック削除対象前进行查询 -->
	<select id="searchLnAcntUserCommon" parameterType="java.util.HashMap" resultType="java.lang.String">
		SELECT
		LN_ACNT_KEIYK AS LN_ACNT_USER_COMMON
		FROM
		R_ACNT_KEIYK
		WHERE
		LN_ACNT_KEIYK = #{lnAcntUserCommon}
	</select>

	<!-- 10-2(B) 利用者アカウント-ロール連関のロック削除対象前进行查询 -->
	<select id="searchLnAcntUserRole" parameterType="java.util.HashMap" resultType="java.lang.String">
		SELECT
		LN_ACNT_KEIYK_AUTH
		FROM
		R_ACNT_KEIYK_AUTH
		WHERE
		LN_ACNT_KEIYK_AUTH = #{lnAcntUserCommon}
	</select>

	<!-- 10-3(A) 利用者アカウント共通のロック削除を行う -->
	<delete id="deleteLnAcntUserCommon" parameterType="java.util.HashMap">
		DELETE FROM
		R_ACNT_KEIYK
		WHERE LN_ACNT_KEIYK = #{lnAcntUserCommon}
	</delete>

	<!-- 10-3(B) 利用者アカウント-ロール連関のロック削除を行う -->
	<delete id="deleteLnAcntUserRole" parameterType="java.util.HashMap">
		DELETE FROM
		R_ACNT_KEIYK_AUTH
		WHERE LN_ACNT_KEIYK_AUTH = #{lnAcntUserCommon}
	</delete>

	<!-- R_利用者アカウントのロック -->
	<select id="getRacntUserForUpd" parameterType="java.lang.String" resultType="java.lang.String">
		<![CDATA[
		SELECT
			LN_ACNT_USER /*--R_利用者アカウント.LN_利用者アカウント論理番号*/
		FROM
			R_ACNT_USER
		WHERE
			LN_ACNT_USER = #{lnAcntUserCommon}  /*--R_利用者アカウント.LN_利用者アカウント論理番号*/
		AND
			UPDATE_TS = #{updateTs}

		]]>
	</select>

	<!-- アカウント状態の更新 -->
	<update id="updateRacntUser" parameterType="java.util.HashMap">
		<![CDATA[
		UPDATE
			R_ACNT_USER
		SET
			RGST_STS = #{rgstSts},
			LOGIN_STS = #{loginSts},
			ML_SEND_STS = #{mlSendSts},
			STS_UPD_TS = #{stsUpdTs},
			ID_UPDATE = #{idUpdate},
			UPDATE_NM = #{updateNm},
			UPDATE_TS = #{updateTs}
		WHERE
			LN_ACNT_USER = #{lnAcntUserCommon} /*-- LN_利用者アカウント共通論理番号 */
		]]>
	</update>

	<!-- アカウント仮登録情報の登録 -->
	<insert id="insertEacntPreRgst" parameterType="java.util.HashMap">
		INSERT INTO E_ACNT_PRE_RGST
		<trim prefix="(" suffix=")" suffixOverrides=",">
			<if test="lnAcntPreRgst != null">
				LN_ACNT_PRE_RGST,
			</if>
			<if test="acntType != null">
				ACNT_TYPE,
			</if>
			<if test="lnAcnt != null">
				LN_ACNT,
			</if>
			<if test="sts != null">
				STS,
			</if>
			<if test="acntPreRgstTs != null">
				ACNT_PRE_RGST_TS,
			</if>
			<if test="idInsert != null">
				ID_INSERT,
			</if>
			<if test="insertNm != null">
				INSERT_NM,
			</if>
			<if test="insertTs != null">
				INSERT_TS,
			</if>
			<if test="idUpdate != null">
				ID_UPDATE,
			</if>
			<if test="updateNm != null">
				UPDATE_NM,
			</if>
			<if test="updateTs != null">
				UPDATE_TS,
			</if>
		</trim>
		<trim prefix="values (" suffix=")" suffixOverrides=",">
			<if test="lnAcntPreRgst != null">
				#{lnAcntPreRgst,jdbcType=CHAR},
			</if>
			<if test="acntType != null">
				#{acntType,jdbcType=CHAR},
			</if>
			<if test="lnAcnt != null">
				#{lnAcnt,jdbcType=CHAR},
			</if>
			<if test="sts != null">
				#{sts,jdbcType=CHAR},
			</if>
			<if test="acntPreRgstTs != null">
				#{acntPreRgstTs,jdbcType=CHAR},
			</if>
			<if test="idInsert != null">
				#{idInsert,jdbcType=CHAR},
			</if>
			<if test="insertNm != null">
				#{insertNm,jdbcType=CHAR},
			</if>
			<if test="insertTs != null">
				#{insertTs,jdbcType=TIMESTAMP},
			</if>
			<if test="idUpdate != null">
				#{idUpdate,jdbcType=CHAR},
			</if>
			<if test="updateNm != null">
				#{updateNm,jdbcType=CHAR},
			</if>
			<if test="updateTs != null">
				#{updateTs,jdbcType=TIMESTAMP},
			</if>
		</trim>
	</insert>

	<!-- メール送信依頼の登録 -->
	<insert id="insertWQueAcMlTrig" parameterType="java.util.HashMap">
		INSERT INTO W_QUE_AC_ML_TRIG
		<trim prefix="(" suffix=")" suffixOverrides=",">
			<if test="lnQueAcMlTrig != null">
				LN_QUE_AC_ML_TRIG,
			</if>
			<if test="acntType != null">
				ACNT_TYPE,
			</if>
			<if test="lnAcnt != null">
				LN_ACNT,
			</if>
			<if test="mlKind != null">
				ML_KIND,
			</if>
			<if test="lnSendTgt != null">
				LN_SEND_TGT,
			</if>
			<if test="sts != null">
				STS,
			</if>
			<if test="idInsert != null">
				ID_INSERT,
			</if>
			<if test="insertNm != null">
				INSERT_NM,
			</if>
			<if test="insertTs != null">
				INSERT_TS,
			</if>
			<if test="idUpdate != null">
				ID_UPDATE,
			</if>
			<if test="updateNm != null">
				UPDATE_NM,
			</if>
			<if test="updateTs != null">
				UPDATE_TS,
			</if>
		</trim>
		<trim prefix="values (" suffix=")" suffixOverrides=",">
			<if test="lnQueAcMlTrig != null">
				#{lnQueAcMlTrig,jdbcType=CHAR},
			</if>
			<if test="acntType != null">
				#{acntType,jdbcType=CHAR},
			</if>
			<if test="lnAcnt != null">
				#{lnAcnt,jdbcType=CHAR},
			</if>
			<if test="mlKind != null">
				#{mlKind,jdbcType=CHAR},
			</if>
			<if test="lnSendTgt != null">
				#{lnSendTgt,jdbcType=CHAR},
			</if>
			<if test="sts != null">
				#{sts,jdbcType=CHAR},
			</if>
			<if test="idInsert != null">
				#{idInsert,jdbcType=CHAR},
			</if>
			<if test="insertNm != null">
				#{insertNm,jdbcType=CHAR},
			</if>
			<if test="insertTs != null">
				#{insertTs,jdbcType=TIMESTAMP},
			</if>
			<if test="idUpdate != null">
				#{idUpdate,jdbcType=CHAR},
			</if>
			<if test="updateNm != null">
				#{updateNm,jdbcType=CHAR},
			</if>
			<if test="updateTs != null">
				#{updateTs,jdbcType=TIMESTAMP},
			</if>
		</trim>
	</insert>
	
	<!-- A)利用者メールアドレス検索 -->
	<select id="selectByMlAddrGshs" parameterType="java.lang.String" resultMap="BaseResultMap">
		<![CDATA[
			SELECT
				LN_ACNT_USER AS LN_ACNT_USER_COMMON/*-- R_利用者アカウント.LN_利用者アカウント論理番号 */
			FROM
				R_ACNT_USER
			WHERE
				GS_HS_TYPE = #{gshsType} /*--R_利用者アカウント.GSHS区分=ログイン情報のGSHS区分*/
			AND
				ML_ADDR = #{mlAddr} /*--R_利用者アカウント.メールアドレス=CSVから取り込んだメールアドレス*/
		 ]]>
	</select>
	<!-- B)契約先メールアドレス検索 -->
	<select id="selectByMlAddrKeiyk" parameterType="java.lang.String" resultMap="BaseResultMap">
		<![CDATA[
			SELECT
				LN_ACNT_KEIYK AS LN_ACNT_USER_COMMON/*-- R_契約先アカウント.LN_契約先アカウント論理番号 */
			FROM
				R_ACNT_KEIYK
			WHERE
				ML_ADDR = #{mlAddr} /*--R_契約先アカウント.メールアドレス=CSVから取り込んだメールアドレス*/
		 ]]>
	</select>
</mapper>