<?xml version="1.0" encoding="UTF-8" ?>
<!DOCTYPE mapper
        PUBLIC "-//mybatis.org//DTD Mapper 3.0//EN"
        "http://mybatis.org/dtd/mybatis-3-mapper.dtd">
<mapper namespace="jp.co.alsok.g6.zwu.dao.mapper.ghs.SZWU9222GhsMapper">
	<!-- 返却用 -->
	<resultMap id="BaseResultMap" type="jp.co.alsok.g6.zwu.entity.g6.SZWU9222Info">
		<result column="lnKnrnMeiboKyukyu" jdbcType="CHAR" property="lnKnrnMeiboKyukyu" />
		<result column="knrnNm" jdbcType="CHAR" property="knrnNm" />
		<result column="knrnNmKana" jdbcType="CHAR" property="knrnNmKana" />
		<result column="sex" jdbcType="CHAR" property="sex" />
		<result column="birthday" jdbcType="CHAR" property="birthday" />
		<result column="disease" jdbcType="CHAR" property="disease" />
		<result column="hospitalNm" jdbcType="CHAR" property="hospitalNm" />
		<result column="hospitalAddr" jdbcType="CHAR" property="hospitalAddr" />
		<result column="hospitalTelNum" jdbcType="CHAR" property="hospitalTelNum" />
		<result column="hospitalTantoNm" jdbcType="CHAR" property="hospitalTantoNm" />
		<result column="updateNm" jdbcType="CHAR" property="updateNm" />
		<result column="updateTs" jdbcType="DATE" property="updateTs" />
	</resultMap>
	<!-- 警備先地区救急情報名簿詳細の取得 -->
	<select id="selectMeiboKyukyuInfoGhs" resultMap="BaseResultMap">
		select LN_KNRN_MEIBO_KYUKYU as lnKnrnMeiboKyukyu
		,KNRN_NM as knrnNm
		,KNRN_NM_KANA as knrnNmKana
		,SEX as sex
		,BIRTHDAY as birthday
		,DISEASE as disease
		,HOSPITAL_NM as hospitalNm
		,HOSPITAL_ADDR as hospitalAddr
		,HOSPITAL_TEL_NUM as hospitalTelNum
		,HOSPITAL_TANTO_NM as
		hospitalTantoNm
		,INSERT_NM as updateNm
		,INSERT_TS as updateTs
		from H_KNRN_MEIBO_KYUKYU
		where LN_KNRN_MEIBO_KYUKYU=#{lnKnrnMeiboKyukyu}
		and
		KYUKYU_INFO_FLG='1'
	</select>
	<!-- H_緊急連絡先名簿_救急情報登録の登録処理. -->
    <insert id="insertMeiboKyukyuInfoGhs" parameterType="java.util.HashMap">
		INSERT INTO H_KNRN_MEIBO_KYUKYU
		<trim prefix="(" suffix=")" suffixOverrides=",">
			<if test="lnKnrnMeiboKyukyu != null">
				LN_KNRN_MEIBO_KYUKYU,
			</if>
			<if test="lnKbChiku != null">
				LN_KB_CHIKU,
			</if>
			<if test="delFlg != null">
				KYUKYU_INFO_FLG,
			</if>
			<if test="meiboTitle != null">
				MEIBO_TITLE,
			</if>
			<if test="knrnNm != null">
				KNRN_NM,
			</if>
			<if test="knrnNmKana != null">
				KNRN_NM_KANA,
			</if>
			<if test="sex != null">
				SEX,
			</if>
			<if test="birthday != null">
				BIRTHDAY,
			</if>
			<if test="disease != null">
				DISEASE,
			</if>
			<if test="hospitalNm != null">
				HOSPITAL_NM,
			</if>
			<if test="hospitalAddr != null">
				HOSPITAL_ADDR,
			</if>
			<if test="hospitalTelNum != null">
				HOSPITAL_TEL_NUM,
			</if>
			<if test="hospitalTantoNm != null">
				HOSPITAL_TANTO_NM,
			</if>
			<if test="gshsType != null">
				MEIBO_UPD_USER_KIND,
			</if>
				MEIBO_DTL_UPD_TS,
			<if test="lnAcntUserCommon != null">
				BEFORE_ID_INSERT,
			</if>
			<if test="acntNm != null">
				BEFORE_INSERT_NM,
			</if>
				BEFORE_INSERT_TS,
			<if test="lnAcntUserCommon != null">
				BEFORE_ID_UPDATE,
			</if>
			<if test="acntNm != null">
				BEFORE_UPDATE_NM,
			</if>
				BEFORE_UPDATE_TS,
			<if test="lnAcntUserCommon != null">
				ID_INSERT,
			</if>
			<if test="acntNm != null">
				INSERT_NM,
			</if>
				INSERT_TS,
		</trim>
		<trim prefix="values (" suffix=")" suffixOverrides=",">
			<if test="lnKnrnMeiboKyukyu != null">
				#{lnKnrnMeiboKyukyu},
			</if>
			<if test="lnKbChiku != null">
				#{lnKbChiku},
			</if>
			<if test="delFlg != null">
				#{delFlg},
			</if>
			<if test="meiboTitle != null">
				#{meiboTitle},
			</if>
			<if test="knrnNm != null">
				#{knrnNm},
			</if>
			<if test="knrnNmKana != null">
				#{knrnNmKana},
			</if>
			<if test="sex != null">
				#{sex},
			</if>
			<if test="birthday != null">
				#{birthday},
			</if>
			<if test="disease != null">
				#{disease},
			</if>
			<if test="hospitalNm != null">
				#{hospitalNm},
			</if>
			<if test="hospitalAddr != null">
				#{hospitalAddr},
			</if>
			<if test="hospitalTelNum != null">
				#{hospitalTelNum},
			</if>
			<if test="hospitalTantoNm != null">
				#{hospitalTantoNm},
			</if>
			<if test="gshsType != null">
				#{gshsType},
			</if>
				NOW(),
			<if test="lnAcntUserCommon != null">
				#{lnAcntUserCommon},
			</if>
			<if test="acntNm != null">
				#{acntNm},
			</if>
				NOW(),
			<if test="lnAcntUserCommon != null">
				#{lnAcntUserCommon},
			</if>
			<if test="acntNm != null">
				#{acntNm},
			</if>
				NOW(),
			<if test="lnAcntUserCommon != null">
				#{lnAcntUserCommon},
			</if>
			<if test="acntNm != null">
				#{acntNm},
			</if>
				NOW(),
		</trim>
	</insert>
	<!-- H_緊急連絡先名簿_救急情報登録の更新処理. -->
	<update id="updateMeiboKyukyuInfoGhs" parameterType="java.util.HashMap">
		UPDATE H_KNRN_MEIBO_KYUKYU
		SET
		KYUKYU_INFO_FLG =#{delFlg}
		,KNRN_NM = #{knrnNm}
		,KNRN_NM_KANA = #{knrnNmKana}
		,SEX = #{sex}
		,BIRTHDAY = #{birthday}
		,DISEASE = #{disease}
		,HOSPITAL_NM = #{hospitalNm}
		,HOSPITAL_ADDR = #{hospitalAddr}
		,HOSPITAL_TEL_NUM = #{hospitalTelNum}
		,HOSPITAL_TANTO_NM = #{hospitalTantoNm}
		,MEIBO_UPD_USER_KIND = #{gshsType}
		,MEIBO_DTL_UPD_TS = SYSDATE()
		,BEFORE_ID_INSERT = #{lnAcntUserCommon}
		,BEFORE_INSERT_NM = #{acntNm}
		,BEFORE_INSERT_TS = SYSDATE()
		,BEFORE_ID_UPDATE = #{lnAcntUserCommon}
		,BEFORE_UPDATE_NM = #{acntNm}
		,BEFORE_UPDATE_TS = SYSDATE()
		,ID_INSERT = #{lnAcntUserCommon}
		,INSERT_NM = #{acntNm}
		,INSERT_TS = SYSDATE()
		WHERE
		LN_KNRN_MEIBO_KYUKYU=#{lnKnrnMeiboKyukyu}
		AND KYUKYU_INFO_FLG=#{delFlg}
	</update>
	<!-- H_緊急連絡先名簿_救急情報登録の削除処理. -->
	<update id="deleteMeiboKyukyuInfoGhs" parameterType="java.util.HashMap">
		UPDATE H_KNRN_MEIBO_KYUKYU
		SET
		KYUKYU_INFO_FLG =#{delFlg}
		,MEIBO_UPD_USER_KIND = #{gshsType}
		,MEIBO_DTL_UPD_TS = SYSDATE()
		,BEFORE_ID_INSERT = #{lnAcntUserCommon}
		,BEFORE_INSERT_NM = #{acntNm}
		,BEFORE_INSERT_TS = SYSDATE()
		,BEFORE_ID_UPDATE = #{lnAcntUserCommon}
		,BEFORE_UPDATE_NM = #{acntNm}
		,BEFORE_UPDATE_TS = SYSDATE()
		,ID_INSERT = #{lnAcntUserCommon}
		,INSERT_NM = #{acntNm}
		,INSERT_TS = SYSDATE()
		WHERE
		LN_KNRN_MEIBO_KYUKYU=#{lnKnrnMeiboKyukyu}
	</update>
</mapper>