<?xml version="1.0" encoding="UTF-8" ?>
<!DOCTYPE mapper
        PUBLIC "-//mybatis.org//DTD Mapper 3.0//EN"
        "http://mybatis.org/dtd/mybatis-3-mapper.dtd">
<mapper namespace="jp.co.alsok.g6.zwu.dao.mapper.ghs.SZWU0700GhsMapper">
	<!-- 返却用 -->
	<resultMap id="BaseResultMap" type="jp.co.alsok.g6.zwu.entity.g6.SZWU0700Info">
		<id column="lnKeibi" jdbcType="CHAR" property="lnKeibi"/>
		<result column="keibiName" jdbcType="CHAR" property="keibiName"/>
		<result column="keibiAddr" jdbcType="CHAR" property="keibiAddr"/>
		<result column="keibiType" jdbcType="CHAR" property="keibiType"/>
		<result column="lnKeiyk" jdbcType="CHAR" property="lnKeiyk"/>
	</resultMap>

	<!-- 検索結果一覧の取得 -->
	<select id="searchKeiBiListInfoGhs" resultMap="BaseResultMap">
		SELECT
			RK.LN_KEIBI lnKeibi,
			RK.KEIBI_NM keibiName,
			RK.KEIBI_ADDR keibiAddr,
			'GHS' as keibiType,
			KEIYAKU.LN_KEIYK lnKeiyk
		FROM
			<!-- R_警備先 -->
			R_KEIBI RK
				<!-- R_物件 -->
				INNER JOIN R_BUKKEN RB
					ON RB.LN_BUKKEN = RK.LN_BUKKEN
				<!-- R_契約 -->
				INNER JOIN R_KEIYK KEIYAKU
					ON KEIYAKU.LN_KEIYK = RB.LN_KEIYK
		WHERE
			<if test="userKbn == 1">
				<!-- GHS契約者の場合 -->
				RK.LN_KEIBI IN (
					SELECT DISTINCT
						LN_KEIBI
					FROM
						R_KB_CHIKU
					WHERE
						LN_KB_CHIKU IN (
							SELECT
								LN_KB_CHIKU
							FROM
								R_ACNT_KEIYK_AUTH
							WHERE
								LN_ACNT_KEIYK = #{GHS_ACNT_NO}
						)
				)
			</if>
			<if test="userKbn == 2">
				<!-- GHS利用者の場合 -->
				RK.LN_KEIBI IN (
					SELECT DISTINCT
						LN_KEIBI
					FROM
						R_KB_CHIKU
					WHERE
						LN_KB_CHIKU IN (
							SELECT
								LN_KB_CHIKU
							FROM
								R_ACNT_USER_AUTH
							WHERE
								LN_ACNT_USER = #{GHS_ACNT_NO}
						)
				)
			</if>
			AND RK.FLG_FIRST_KSIGINF_RCV = '1'
			<if test="keibiNm != null and keibiNm != ''">
				AND RK.KEIBI_NM LIKE CONCAT('%', #{keibiNm}, '%') ESCAPE '/'
			</if>
		ORDER BY
			RK.KEIBI_NM DESC,
			RK.LN_KEIBI DESC
<!-- 		LIMIT #{offset} , #{pageSize} -->

	</select>

	<!-- 検索結果一覧件数の取得 -->
	<select id="searchKeiBiListInfoCntGhs" resultType="java.lang.Integer">
		SELECT
			COUNT(0)
		FROM
			<!-- R_警備先 -->
			R_KEIBI RK
				<!-- R_物件 -->
				INNER JOIN R_BUKKEN RB
					ON RB.LN_BUKKEN = RK.LN_BUKKEN
				<!-- R_契約 -->
				INNER JOIN R_KEIYK KEIYAKU
					ON KEIYAKU.LN_KEIYK = RB.LN_KEIYK
		WHERE
			<if test="userKbn == 1">
				<!-- GHS契約者の場合 -->
				RK.LN_KEIBI IN (
					SELECT DISTINCT
						LN_KEIBI
					FROM
						R_KB_CHIKU
					WHERE
						LN_KB_CHIKU IN (
							SELECT
								LN_KB_CHIKU
							FROM
								R_ACNT_KEIYK_AUTH
							WHERE
								LN_ACNT_KEIYK = #{GHS_ACNT_NO}
						)
				)
			</if>
			<if test="userKbn == 2">
				<!-- GHS利用者の場合 -->
				RK.LN_KEIBI IN (
					SELECT DISTINCT
						LN_KEIBI
					FROM
						R_KB_CHIKU
					WHERE
						LN_KB_CHIKU IN (
							SELECT
								LN_KB_CHIKU
							FROM
								R_ACNT_USER_AUTH
							WHERE
								LN_ACNT_USER = #{GHS_ACNT_NO}
						)
				)
			</if>
			AND RK.FLG_FIRST_KSIGINF_RCV = '1'
			<if test="keibiNm != null and keibiNm != ''">
				AND RK.KEIBI_NM LIKE CONCAT('%', #{keibiNm}, '%') ESCAPE '/'
			</if>
	</select>

    <!-- B)警備先地区論理番号リストの取得(GHS) -->
	<select id="searchRkbChikuGhs" resultMap="BaseResultMap">
		SELECT
			RKC.LN_KB_CHIKU as lnKbChiku
		FROM
			<!-- 警備先地区-->
			R_KB_CHIKU RKC
		WHERE
			RKC.LN_KEIBI = #{lnKeibi}
		ORDER BY
			RKC.SUB_ADDR
	</select>
	
	<!-- 入居管理論理番号取得(GHS). -->
	<select id="searchLnTenantMng" resultType="java.lang.String">
		SELECT
		RTM.LN_TENANT_MNG as lnTenantMng
		FROM
		<!-- R_入居管理、R_警備先-->
		R_TENANT_MNG RTM
		INNER JOIN R_KEIBI RK
		ON RTM.LN_KEIBI = RK.LN_KEIBI
		WHERE
		RK.LN_KEIBI = #{lnKeibi}
	</select>

</mapper>