<?xml version="1.0" encoding="UTF-8" ?>
<!DOCTYPE mapper
        PUBLIC "-//mybatis.org//DTD Mapper 3.0//EN"
        "http://mybatis.org/dtd/mybatis-3-mapper.dtd">
<mapper namespace="jp.co.alsok.g6.zwu.dao.mapper.ghs.SZWU0000GhsMapper">
	<!-- 返却用 -->
	<resultMap id="BaseResultMap" type="jp.co.alsok.g6.zwu.entity.g6.SZWU0000Info">
		<id column="LN_ACNT_USER_COMMON" jdbcType="CHAR" property="lnAcntUserCommon" />
		<result column="ACNT_NM" jdbcType="CHAR" property="acntNm" />
		<result column="ACNT_NM_KANA" jdbcType="CHAR" property="acntNmKana" />
		<result column="ML_ADDR" jdbcType="CHAR" property="mlAddr" />
		<result column="PASSWD" jdbcType="CHAR" property="passWd" />
		<result column="ML_SEND_STS" jdbcType="CHAR" property="mlSendSts" />
		<result column="CHECK_STS" jdbcType="CHAR" property="checkSts" />
		<result column="RGST_STS" jdbcType="CHAR" property="rgstSts" />
		<result column="acntTable" jdbcType="CHAR" property="acntTable" />
		<result column="LOGIN_STS" jdbcType="CHAR" property="loginSts" />
		<result column="USER_NM" jdbcType="CHAR" property="userName" />
		<result column="ACNT_TYPE" jdbcType="CHAR" property="acntType" />
		<result column="userLgNo" jdbcType="CHAR" property="userLgNo" />
		<result column="LN_KEIYK" jdbcType="CHAR" property="keiykNo" />
		<result column="LN_TENANT_MNG" jdbcType="CHAR" property="tenantNo" />
		<result column="GS_HS_TYPE" jdbcType="CHAR" property="gshsType" />
		<result column="LN_KEIBI" jdbcType="CHAR" property="rKeibi" />
		<result column="KEIBI_NM" jdbcType="CHAR" property="rKeibiNm" />
		<result column="FLG_FIRST_KSIGINF_RCV" jdbcType="CHAR" property="rFlgFirstKsiginfRcv" />
		<result column="LN_BUKKEN" jdbcType="CHAR" property="rBukken" />
		<result column="SD_KEIYK_TYPE" jdbcType="CHAR" property="rKeiykType" />
		<result column="UPDATE_TS" jdbcType="DATE" property="updateTs" />
		<result column="LAST_LOGIN_TS" jdbcType="DATE" property="lastLoginTs" />
	</resultMap>
	<!-- 契約者アカウント情報の検索 -->
	<select id="selectKeiykuInfo" resultMap="BaseResultMap">
		SELECT
		k.LN_ACNT_KEIYK as userLgNo,
		k.LN_KEIYK,
		k.ML_ADDR,
		k.PASSWD,
		k.ACNT_TYPE,
		k.USER_NM,
		k.LOGIN_STS,
		k.RGST_STS,
		k.ML_SEND_STS,
		k.UPDATE_TS,
		'keiyk' AS acntTable
		FROM R_ACNT_KEIYK k
		WHERE k.ML_ADDR = #{mailAddr}
		<if test="updateTs != null">
			AND UPDATE_TS = '${updateTs}'
		</if>
	</select>
	<!-- 利用者アカウント情報の検索 -->
	<select id="selectLiyouInfo" resultMap="BaseResultMap">
		SELECT
		k.LN_ACNT_USER as userLgNo,
		k.LN_TENANT_MNG,
		k.GS_HS_TYPE,
		k.ML_ADDR,
		k.PASSWD,
		k.ACNT_TYPE,
		k.USER_NM,
		k.LOGIN_STS,
		k.RGST_STS,
		k.ML_SEND_STS,
		k.UPDATE_TS,
		'user' AS acntTable
		FROM R_ACNT_USER k
		WHERE k.ML_ADDR = #{mailAddr}
		and k.GS_HS_TYPE = #{gshsType}
		<if test="updateTs != null">
			AND UPDATE_TS = '${updateTs}'
		</if>
	</select>
	
	<!-- ログイン失敗回数の取得 -->
	<select id="getGHSLoginErrorCount" resultType="java.lang.String">
		SELECT
		CNT_LOGIN_ERR
		FROM C_KEIYK_LOGIN_STS
		WHERE LN_ACNT_KEIYK = #{acntUserCommon}
	</select>
	
	<!-- ログイン失敗回数の取得(GHS利用者) -->
	<select id="getGHSLiyLoginErrorCount" resultType="java.lang.String">
		SELECT
		CNT_LOGIN_ERR
		FROM C_USER_LOGIN_STS
		WHERE LN_ACNT_USER = #{acntUserCommon}
	</select>
	
	<!-- ログイン失敗回数の取得(GHS契約者) ロック-->
	<select id="getCKeiykLoginStsLock" resultMap="BaseResultMap">
		SELECT
		UPDATE_TS,
		LAST_LOGIN_TS
		FROM C_KEIYK_LOGIN_STS
		WHERE LN_ACNT_KEIYK = #{acntUserCommon}
		<if test="updateTs != null">
			AND UPDATE_TS = '${updateTs}'
		</if>
	</select>
	
	<!-- ログイン失敗回数の取得(GHS利用者)ロック -->
	<select id="getCUeiykLoginStsLock" resultMap="BaseResultMap">
		SELECT
		UPDATE_TS,
		LAST_LOGIN_TS
		FROM C_USER_LOGIN_STS
		WHERE LN_ACNT_USER = #{acntUserCommon}
		<if test="updateTs != null">
			AND UPDATE_TS = '${updateTs}'
		</if>
	</select>
	
	<!-- 契約者アカウントを更新 -->
	<update id="updateGHSLoginErrorCount" parameterType="java.util.HashMap">
		UPDATE C_KEIYK_LOGIN_STS
		set
		<if test=" null != loginSts">
			LAST_LOGIN_TS = #{updateTs},
			FLG_LOGIN_STS = #{loginSts},
		</if>
		<if test="errCout == 0">
			CNT_LOGIN_ERR = #{errCout},
		</if>
		<if test="errCout != 0 ">
			CNT_LOGIN_ERR = CNT_LOGIN_ERR + 1,
		</if>
		ID_UPDATE = #{updateId}
		,UPDATE_NM = #{updateNm}
		,UPDATE_TS = #{updateTs}
		where LN_ACNT_KEIYK = #{userCommon};
	</update>
	<!-- 利用者アカウントを更新 -->
	<update id="updateGHSLiyLoginErrorCount" parameterType="java.util.HashMap">
		UPDATE C_USER_LOGIN_STS
		set
		<if test=" null != loginSts">
			LAST_LOGIN_TS = #{updateTs},
			FLG_LOGIN_STS = #{loginSts},
		</if>
		<if test="errCout == 0">
			CNT_LOGIN_ERR = #{errCout},
		</if>
		<if test="errCout != 0 ">
			CNT_LOGIN_ERR = CNT_LOGIN_ERR + 1,
		</if>
		ID_UPDATE = #{updateId}
		,UPDATE_NM = #{updateNm}
		,UPDATE_TS = #{updateTs}
		where LN_ACNT_USER = #{userCommon};
	</update>
	<!-- 契約者アカウントをパスワードロック -->
	<update id="updateGHSPasswordLock" parameterType="java.util.HashMap">
		UPDATE R_ACNT_KEIYK
		set
		LOGIN_STS = #{loginSts},
		<if test=" null != rgstSts">
			RGST_STS = #{rgstSts},
		</if>
		<if test=" null != mlSendSts">
			ML_SEND_STS = #{mlSendSts},
		</if>
		STS_UPD_TS = #{updateTs},
		ID_UPDATE = #{updateId}
		,UPDATE_NM = #{updateNm}
		,UPDATE_TS = #{updateTs}
		where LN_ACNT_KEIYK = #{userCommon};
	</update>
	<!-- 利用者アカウントをパスワードロック -->
	<update id="updateGHSLiyPasswordLock" parameterType="java.util.HashMap">
		UPDATE R_ACNT_USER
		set
		LOGIN_STS = #{loginSts},
		<if test=" null != rgstSts">
			RGST_STS = #{rgstSts},
		</if>
		<if test=" null != mlSendSts">
			ML_SEND_STS = #{mlSendSts},
		</if>
		STS_UPD_TS = #{updateTs},
		ID_UPDATE = #{updateId}
		,UPDATE_NM = #{updateNm}
		,UPDATE_TS = #{updateTs}
		where LN_ACNT_USER = #{userCommon};
	</update>
	<!-- 本登録メール配信依頼を登録する. -->
	<insert id="insertMailTrig" parameterType="java.util.HashMap">
		INSERT INTO W_QUE_AC_ML_TRIG
		<trim prefix="(" suffix=")" suffixOverrides=",">
			<if test="LN_QUE_AC_ML_TRIG != null">
				LN_QUE_AC_ML_TRIG,
			</if>
			<if test="ACNT_TYPE != null">
				ACNT_TYPE,
			</if>
			<if test="LN_ACNT != null">
				LN_ACNT,
			</if>
			<if test="ML_KIND != null">
				ML_KIND,
			</if>
			<if test="LN_SEND_TGT != null">
				LN_SEND_TGT,
			</if>
			<if test="STS != null">
				STS,
			</if>
			<if test="ID_INSERT != null">
				ID_INSERT,
			</if>
			<if test="INSERT_NM != null">
				INSERT_NM,
			</if>
			INSERT_TS,
			<if test="ID_UPDATE != null">
				ID_UPDATE,
			</if>
			<if test="UPDATE_NM != null">
				UPDATE_NM,
			</if>
			UPDATE_TS,
		</trim>
		<trim prefix="values (" suffix=")" suffixOverrides=",">
			<if test="LN_QUE_AC_ML_TRIG != null">
				#{LN_QUE_AC_ML_TRIG},
			</if>
			<if test="ACNT_TYPE != null">
				#{ACNT_TYPE},
			</if>
			<if test="LN_ACNT != null">
				#{LN_ACNT},
			</if>
			<if test="ML_KIND != null">
				#{ML_KIND},
			</if>
			<if test="LN_SEND_TGT != null">
				#{LN_SEND_TGT},
			</if>
			<if test="STS != null">
				#{STS},
			</if>
			<if test="ID_INSERT != null">
				#{ID_INSERT},
			</if>
			<if test="INSERT_NM != null">
				#{INSERT_NM},
			</if>
			NOW(),
			<if test="ID_UPDATE != null">
				#{ID_UPDATE},
			</if>
			<if test="UPDATE_NM != null">
				#{UPDATE_NM},
			</if>
			NOW(),
		</trim>
	</insert>

	<!-- パスワードの取得(GHS契約者). -->
	<select id="getPassWordByKeiyku" resultMap="BaseResultMap">
		SELECT
		ML_ADDR
		,PASSWD
		FROM
		R_ACNT_KEIYK
		WHERE LN_ACNT_KEIYK = #{lnAcntUserCommon}
	</select>

	<!-- パスワードの取得(GHS利用者). -->
	<select id="getPassWordByLiyou" resultMap="BaseResultMap">
		SELECT
		ML_ADDR
		,PASSWD
		FROM
		R_ACNT_USER
		WHERE LN_ACNT_USER = #{lnAcntUserCommon}
	</select>
	
	<!-- 更新日付の取得(GHS契約者). -->
	<select id="getUpdateTsByKeiyku" resultType="java.lang.String">
		SELECT
		DATE_FORMAT(UPDATE_TS,'%Y%m%d%H%i%S') AS UPDATE_TS 
		FROM
		R_ACNT_KEIYK
		WHERE LN_ACNT_KEIYK = #{lnAcntUserCommon}
	</select>

	<!-- 更新日付の取得(GHS利用者). -->
	<select id="getUpdateTsByLiyou" resultType="java.lang.String">
		SELECT
		DATE_FORMAT(UPDATE_TS,'%Y%m%d%H%i%S') AS UPDATE_TS 
		FROM
		R_ACNT_USER
		WHERE LN_ACNT_USER = #{lnAcntUserCommon}
	</select>
</mapper>