<?xml version="1.0" encoding="UTF-8" ?>
<!DOCTYPE mapper
        PUBLIC "-//mybatis.org//DTD Mapper 3.0//EN"
        "http://mybatis.org/dtd/mybatis-3-mapper.dtd">
<mapper namespace="jp.co.alsok.g6.zwu.dao.mapper.ghs.SZWU0900GhsMapper">
	<!-- 返却用 -->
	<resultMap id="BaseResultMap" type="jp.co.alsok.g6.zwu.entity.g6.SZWU0900Info">
		<id column="lnKbChiku" jdbcType="CHAR" property="lnKbChiku" />
		<result column="lnKeibi" jdbcType="CHAR" property="lnKeibi" />
		<result column="sdKobetuNm" jdbcType="CHAR" property="sdKobetuNm" />
		<result column="n0f0Flg" jdbcType="CHAR" property="n0f0Flg" />
		<result column="empStsFlg" jdbcType="CHAR" property="empStsFlg" />
		<result column="subAddr" jdbcType="CHAR" property="subAddr" />
		<result column="chiku" jdbcType="CHAR" property="chiku" />
	</resultMap>

	<!-- A)警備操作先一覧の取得 -->
	<select id="searchGhsListInfo" resultMap="BaseResultMap">
		SELECT
		    R1.LN_KB_CHIKU as lnKbChiku,
			R1.SUB_ADDR as subAddr,
			R1.SD_KOBETU_NM as sdKobetuNm,
			R1.CHIKU as chiku,
			R2.KB_STS_N0 as n0f0Flg,
			R2.EMPTY_STS as empStsFlg
		FROM
			R_KB_CHIKU R1 INNER JOIN C_KB_CHIKU_STS R2
			ON R1.LN_KB_CHIKU = R2.LN_KB_CHIKU
		WHERE
			R1.ENTRY_STS = '1'
			AND R1.LN_KEIBI = '${lnKeibi}'
			<if test="lnKbChiku == null">
				<if test="subAddr != null and subAddr !=''">
	        		AND R1.SUB_ADDR IN ${subAddr}
	        	</if>
				<if test="main != null">
					AND (R1.SUB_ADDR IS NULL OR R1.SUB_ADDR = '') 
				</if>
				<if test="main == null">
					AND R1.SUB_ADDR IS NOT NULL AND R1.SUB_ADDR != ''
				</if>
			</if>
			<if test="lnKbChiku != null">
				AND R1.LN_KB_CHIKU = #{lnKbChiku}
			</if>
		ORDER BY
			R1.SUB_ADDR
		LIMIT #{offset} , #{pageSize}
	</select>

	<!-- 検索結果一覧の件数取得 -->
	<select id="searchGhsListInfoCnt" resultType="java.lang.Integer">
		SELECT
		   COUNT(R1.LN_KB_CHIKU)
		FROM
           R_KB_CHIKU R1 INNER JOIN C_KB_CHIKU_STS R2
           ON R1.LN_KB_CHIKU = R2.LN_KB_CHIKU
        WHERE
           R1.ENTRY_STS = '1'
           AND R1.LN_KEIBI = '${lnKeibi}'
           <if test="subAddr != null and subAddr !=''">
           AND R1.SUB_ADDR IN ${subAddr}
           </if>
		   <if test="main != null">
			 AND (R1.SUB_ADDR IS NULL OR R1.SUB_ADDR = '') 
		   </if>
		   <if test="main == null">
			 AND R1.SUB_ADDR IS NOT NULL AND R1.SUB_ADDR != ''
		   </if>
	</select>

    <!-- B)権限の取得 -->
	<select id="getLoginUserAuth" resultType="java.lang.String">
		SELECT
		   LN_KB_CHIKU
		FROM
		   R_ACNT_USER_AUTH
		WHERE
		   LN_ACNT_USER = '${lnAcntUserCommon}'
	</select>

	<!--C)GSHSフラグ情報の取得（GHS） -->
    <select id="selectGshsFlgInfo" resultType="java.lang.String">
        SELECT
        RK.FLG_GSHS
        FROM R_KEIBI RK
        INNER JOIN R_DENKEI_MNG RDM
        ON RK.LN_KEIBI = RDM.LN_KEIBI
        WHERE RK.LN_KEIBI = #{keibi}
        AND RDM.FLG_LAST = '1'
    </select>

</mapper>
