<?xml version="1.0" encoding="UTF-8" ?>
<!DOCTYPE mapper
        PUBLIC "-//mybatis.org//DTD Mapper 3.0//EN"
        "http://mybatis.org/dtd/mybatis-3-mapper.dtd">
<mapper namespace="jp.co.alsok.g6.zwu.dao.mapper.ghs.SZWU0600GhsMapper">
	<resultMap id="BaseResultMap" type="jp.co.alsok.g6.zwu.entity.g6.SZWU0600Info">
		<id column="lnAcntKeiyk" jdbcType="CHAR" property="lnAcntKeiyk" />
		<result column="lnKeiyk" jdbcType="CHAR" property="lnKeiyk"/>
		<result column="acntNm" jdbcType="CHAR" property="acntNm"/>
		<result column="mlAddr" jdbcType="CHAR" property="mlAddr"/>
		<result column="password" jdbcType="CHAR" property="password" />
		<result column="acntUserKbn" jdbcType="CHAR" property="acntUserKbn" /> 
		<result column="updateTs" jdbcType="CHAR" property="updateTs" />
		<result column="updateTsRak" jdbcType="CHAR" property="updateTsRak" />
		<result column="question1" jdbcType="CHAR" property="questionCd1" />
		<result column="answer1" jdbcType="CHAR" property="answer1" />
		<result column="question2" jdbcType="CHAR" property="questionCd2" />
		<result column="answer2" jdbcType="CHAR" property="answer2" />
		<result column="question3" jdbcType="CHAR" property="questionCd3" />
		<result column="answer3" jdbcType="CHAR" property="answer3" />
		<result column="rgstSts" jdbcType="CHAR" property="rgstSts" />
		<result column="mlSendSts" jdbcType="CHAR" property="mlSendSts" />
		<result column="flgLoginSts" jdbcType="CHAR" property="flgLoginSts"/>
		<result column="cntLoginErr" jdbcType="CHAR" property="cntLoginErr"/>
		<result column="lnTenantMng" jdbcType="CHAR" property="lnTenantMng" />
		<result column="lnKeibi" jdbcType="CHAR" property="lnKeibi" />
		<result column=" keibiName" jdbcType="CHAR" property=" keibiName"/>
		<result column="keibiAddr" jdbcType="CHAR" property="keibiAddr"/>
	</resultMap>
		<!-- GHS契約先アカウント情報の取得する -->
 	<select id="selectAcntKeiyk" resultMap="BaseResultMap">
 		SELECT
	 		LN_ACNT_KEIYK AS lnAcntUserCommon,
			LN_KEIYK AS lnKeiyk,
			USER_NM AS acntNm,
			ML_ADDR AS mlAddr,
			PASSWD AS password,
			ACNT_TYPE AS acntUserKbn,
			RGST_STS AS rgstSts,
			ML_SEND_STS AS mlSendSts,
			UPDATE_TS AS updateTs
		FROM
			R_ACNT_KEIYK 
		WHERE
			ML_ADDR = #{acntId}
	</select> 
			<!-- GHS利用者アカウント情報の取得する -->
	<select id="selectRcntUser" resultMap="BaseResultMap">
		SELECT
		LN_ACNT_USER AS lnAcntUserCommon,
		LN_TENANT_MNG AS lnTenantMng,
		USER_NM AS acntNm,
		ML_ADDR AS mlAddr,
		PASSWD AS password,
		ACNT_TYPE AS acntUserKbn,
		RGST_STS AS rgstSts,
		ML_SEND_STS AS mlSendSts,
		UPDATE_TS AS updateTs
		FROM
		R_ACNT_USER
		WHERE
		ML_ADDR = #{lnAcntUserCommon}
		<if test="updateTs != null and updateTs != ''">
			AND UPDATE_TS = '${updateTs}'
		</if>
	</select>
			<!-- GHS契約者ログイン状態の取得する-->
	<select id="searchCKeiykLoginSts" resultMap="BaseResultMap">
		SELECT
		FLG_LOGIN_STS AS flgLoginSts,
		CNT_LOGIN_ERR AS cntLoginErr,
		UPDATE_TS AS updateTs
		FROM 
		C_KEIYK_LOGIN_STS
		WHERE 
		LN_ACNT_KEIYK = #{lnAcntKeiyk}
		<if test="updateTs != null">
			AND UPDATE_TS = '${updateTs}'
		</if>
	</select>		
	<!-- ログイン失敗回数の取得(GHS利用者)ロック -->
	<select id="searchCUeiykLoginSts" resultMap="BaseResultMap">
		SELECT
		FLG_LOGIN_STS as flgLoginSts,
		CNT_LOGIN_ERR as cntLoginErr,
		UPDATE_TS AS updateTs
		FROM 
		C_USER_LOGIN_STS
		WHERE 
		LN_ACNT_USER = #{acntUserCommon}
		<if test="updateTs != null">
			AND UPDATE_TS = '${updateTs}'
		</if>
	</select>
		<!-- GHS契約先アカウント情報の取得する -->
 	<select id="selectAcntKeiykRAnswer" resultMap="BaseResultMap">
 		SELECT
	 		RAK.LN_ACNT_KEIYK AS lnAcntUserCommon,
			RAK.LN_KEIYK AS lnKeiyk,
			RAK.USER_NM AS acntNm,
			RAK.ML_ADDR AS mlAddr,
			RAK.PASSWD AS password,
			RAK.ACNT_TYPE AS acntUserKbn,
			RAK.RGST_STS AS rgstSts,
			RAK.ML_SEND_STS AS mlSendSts,
			RAK.UPDATE_TS AS updateTsRak,
			RAS.UPDATE_TS AS updateTs,
			RAS.QUESTION_CD_1 AS question1,
			RAS.ANSWER_1 AS answer1,
			RAS.QUESTION_CD_2 AS question2,
			RAS.ANSWER_2 AS answer2,
			RAS.QUESTION_CD_3 AS question3,
			RAS.ANSWER_3 AS answer3
		FROM
			R_ACNT_KEIYK RAK
			LEFT JOIN R_ANSWER RAS
		ON RAK.LN_ACNT_KEIYK = RAS.LN_ACNT
		WHERE
			ML_ADDR = #{acntId}
		<if test="updateTs != null and updateTs != ''">
			AND UPDATE_TS = '${updateTs}'
		</if>
	</select>
	<!-- GHS利用者アカウント情報の取得する -->
	<select id="selectRAcntUserRAnswer" resultMap="BaseResultMap">
		SELECT			
			RAU.LN_ACNT_USER as lnAcntUserCommon,
			RAU.USER_NM as acntNm,
			RAU.ML_ADDR AS mlAddr,
			RAU.PASSWD AS password,
			RAU.ACNT_TYPE AS acntUserKbn,
			RAU.RGST_STS AS rgstSts,
			RAU.ML_SEND_STS AS mlSendSts,
			RAU.UPDATE_TS AS updateTsRak,
			RAS.UPDATE_TS AS updateTs,
			RAS.QUESTION_CD_1 AS question1,
			RAS.ANSWER_1 AS answer1,
			RAS.QUESTION_CD_2 AS question2,
			RAS.ANSWER_2 AS answer2,
			RAS.QUESTION_CD_3 AS question3,
			RAS.ANSWER_3 AS answer3
		FROM
			R_ACNT_USER RAU
			LEFT JOIN R_ANSWER RAS
			ON RAU.LN_ACNT_USER = RAS.LN_ACNT
		WHERE
			RAU.ML_ADDR = #{acntId}
	</select>
	<!-- GHS利用者アカウント情報の取得する -->
	<select id="searchRAcntUser" resultMap="BaseResultMap">
		SELECT
			LN_ACNT_USER as lnAcntUserCommon,
			USER_NM as acntNm,
			ML_ADDR AS mlAddr,
			PASSWD AS password,
			ACNT_TYPE AS acntUserKbn,
			RGST_STS AS rgstSts,
			ML_SEND_STS AS mlSendSts,
			UPDATE_TS AS updateTs
		FROM
			R_ACNT_USER
		WHERE
			ML_ADDR = #{acntId}
	</select>
	

	
		<!-- GHS契約者アカウント情報の取得する -->
	<select id="selectRAcntKeiyk" resultMap="BaseResultMap">
		SELECT
		LN_ACNT_KEIYK as  lnAcntUserCommon,
		RGST_STS as rgstSts,
		ML_SEND_STS as mlSendSts,
		UPDATE_TS AS updateTs
		FROM
		R_ACNT_KEIYK
		WHERE
		LN_ACNT_KEIYK =#{lnAcntKeiyk}
		<if test="updateTs != null and updateTs != ''">
			AND UPDATE_TS = '${updateTs}'
		</if>
	</select>
	
		<!-- 契約者アカウントを更新 -->
	<update id="updateGHSLoginErrorCount" parameterType="java.util.HashMap">
		UPDATE C_KEIYK_LOGIN_STS
		set
		<if test=" null != loginSts">
			LAST_LOGIN_TS = SYSDATE(),
			FLG_LOGIN_STS = #{loginSts},
		</if>
		<if test="errCout == 0">
			CNT_LOGIN_ERR = #{errCout},
		</if>
		<if test="errCout != 0 ">
			CNT_LOGIN_ERR = CNT_LOGIN_ERR + 1,
		</if>
		ID_UPDATE = #{updateId}
		,UPDATE_NM = #{updateNm}
		,UPDATE_TS = #{updateTs}
		where LN_ACNT_KEIYK = #{userCommon};
	</update>
	
	<!-- 利用者アカウントを更新 -->
	<update id="updateRAcntUserLoginErrorCount" parameterType="java.util.HashMap">
		UPDATE C_USER_LOGIN_STS
		set
		<if test=" null != loginSts">
			LAST_LOGIN_TS = SYSDATE(),
			FLG_LOGIN_STS = #{loginSts},
		</if>
		<if test="errCout == 0">
			CNT_LOGIN_ERR = #{errCout},
		</if>
		<if test="errCout != 0 ">
			CNT_LOGIN_ERR = CNT_LOGIN_ERR + 1,
		</if>
		ID_UPDATE = #{updateId}
		,UPDATE_NM = #{updateNm}
		,UPDATE_TS = #{updateTs}
		where LN_ACNT_USER = #{userCommon};
	</update>

		<!-- 契約先アカウント再登録処理 -->
	<update id="updateRAcntKeiyk" parameterType="java.util.HashMap">
		UPDATE
			R_ACNT_KEIYK
		SET
			<if test="acntNm != null">
				USER_NM = #{acntNm},
			</if>
			<if test="loginSts != null">
				LOGIN_STS = #{loginSts},
			</if>
			<if test="password != null">
				PASSWD = #{password},
			</if>
			<if test="rgstSts!= null">
				RGST_STS = #{rgstSts},
			</if>			
			<if test="stsUpdTs != null">
				STS_UPD_TS = #{stsUpdTs},
			</if>
			<if test="updateId != null">
				ID_UPDATE = #{updateId},
			</if>
			<if test="updateNm != null">
				UPDATE_NM = #{updateNm},
			</if>
			<if test="updateTs != null">
				UPDATE_TS = #{updateTs}
			</if>
		WHERE
			LN_ACNT_KEIYK = #{lnAcntKeiyk} 
	</update>
	
		<!-- 利用者アカウント再登録処理 -->
	<update id="updateRAcntUser" parameterType="java.util.HashMap">
		UPDATE
			R_ACNT_USER
		SET
			<if test="acntNm != null">
				USER_NM = #{acntNm},
			</if>
			<if test="loginSts != null">
				LOGIN_STS = #{loginSts},
			</if>
			<if test="password != null">
				PASSWD = #{password},
			</if>
			<if test="rgstSts!= null">
				RGST_STS = #{rgstSts},
			</if>			
			<if test="stsUpdTs != null">
				STS_UPD_TS = #{stsUpdTs},
			</if>
			<if test="updateId != null">
				ID_UPDATE = #{updateId},
			</if>
			<if test="updateNm != null">
				UPDATE_NM = #{updateNm},
			</if>
			<if test="updateTs != null">
				UPDATE_TS = #{updateTs}
			</if>
		WHERE
			LN_ACNT_USER = #{lnAcntUser} 
	</update>
	
		<!-- 秘密の質問更新 -->
	<update id="updateRAnswerGhs" parameterType="java.util.HashMap">
		UPDATE
		R_ANSWER
		<set>
			<if test="questionCd1 != null">
				QUESTION_CD_1 = #{questionCd1,jdbcType=CHAR},
			</if>
			<if test="answer1 != null">
				ANSWER_1 = #{answer1,jdbcType=CHAR},
			</if>
			<if test="questionCd2 != null">
				QUESTION_CD_2 = #{questionCd2,jdbcType=CHAR},
			</if>
			<if test="answer2 != null">
				ANSWER_2 = #{answer2,jdbcType=CHAR},
			</if>
			<if test="questionCd3 != null">
				QUESTION_CD_3 = #{questionCd3,jdbcType=CHAR},
			</if>
			<if test="answer3 != null">
				ANSWER_3 = #{answer3,jdbcType=CHAR},
			</if>
			<if test="idUpdate != null">
				ID_UPDATE = #{idUpdate,jdbcType=CHAR},
			</if>
			<if test="updateNm != null">
				UPDATE_NM = #{updateNm,jdbcType=CHAR},
			</if>
			<if test="updateTs != null">
				UPDATE_TS = #{updateTs,jdbcType=TIMESTAMP},
			</if>
		</set>
		WHERE
		LN_ACNT = #{lnAcntKeiyk} 
	</update>
	
			<!-- (GHS契約者)アカウント情報の更新する -->
	<update id="updateRcntKeiyk" parameterType="java.util.HashMap">
		UPDATE R_ACNT_KEIYK
		<set>
		<if test="updateType == 1">
			 RGST_STS = #{rgstSts}
			,ID_UPDATE = #{lnAcntUserCommon}
			,UPDATE_NM = #{updateNm}
			,UPDATE_TS = #{updateTs}
		</if>

		<if test="updateType != 1">
		    RGST_STS = #{rgstSts}
			,ML_SEND_STS = '1'
		</if>
		</set>
		where LN_ACNT_KEIYK = #{lnAcntUserCommon};
	</update>
	
		<!-- (GHS利用者)アカウント情報の更新する -->
	<update id="updateRcntUser" parameterType="java.util.HashMap">
		UPDATE R_ACNT_USER
		<set>
		<if test="updateType == 1">
			 RGST_STS = #{rgstSts}
			,ID_UPDATE = #{lnAcntUserCommon}
			,UPDATE_NM = #{updateNm}
			,UPDATE_TS = #{updateTs}
		</if>

		<if test="updateType != 1">
		    RGST_STS = #{rgstSts}
			,ML_SEND_STS = '1'
		</if>
		</set>
		where LN_ACNT_USER = #{lnAcntUserCommon};
	</update>
	
	<!--  GHS契約者秘密の質問回答を登録する -->
	<insert id="insRAnswerGhs" parameterType="java.util.HashMap">
		INSERT INTO 
		R_ANSWER
		<trim prefix="(" suffix=")" suffixOverrides=",">
			<if test="lnAcntKeiyk != null">
				LN_ACNT,
			</if>
			<if test="acntType != null">
				ACNT_TYPE,
			</if>
			<if test="questionCd1 != null">
				QUESTION_CD_1,
			</if>
			<if test="answer1 != null">
				ANSWER_1,
			</if>
			<if test="questionCd2 != null">
				QUESTION_CD_2,
			</if>
			<if test="answer2 != null">
				ANSWER_2,
			</if>
			<if test="questionCd3 != null">
				QUESTION_CD_3,
			</if>
			<if test="answer3 != null">
				ANSWER_3,
			</if>
			<if test="idInsert != null">
				ID_INSERT,
			</if>
			<if test="insertNm != null">
				INSERT_NM,
			</if>
			<if test="insertTs != null">
				INSERT_TS,
			</if>
			<if test="idUpdate != null">
				ID_UPDATE,
			</if>
			<if test="updateNm != null">
				UPDATE_NM,
			</if>
			<if test="updateTs != null">
				UPDATE_TS
			</if>
		</trim>
		<trim prefix="values (" suffix=")" suffixOverrides=",">
			<if test="lnAcntKeiyk != null">				
				#{lnAcntKeiyk},
			</if>
			<if test="acntType != null">
				#{acntType},
			</if>
			<if test="questionCd1 != null">				
				#{questionCd1},
			</if>
			<if test="answer1 != null">				
				#{answer1},
			</if>
			<if test="questionCd2 != null">				
				#{questionCd2},
			</if>
			<if test="answer2 != null">				
				#{answer2},
			</if>
			<if test="questionCd3 != null">				
				#{questionCd3},
			</if>
			<if test="answer3 != null">				
				#{answer3},
			</if>
			<if test="idInsert != null">
				#{idInsert},
			</if>
			<if test="insertNm != null">
				#{insertNm},
			</if>
			<if test="insertTs != null">
				#{insertTs},
			</if>
			<if test="idUpdate != null">
				#{idUpdate},
			</if>
			<if test="updateNm != null">
				#{updateNm},
			</if>
			<if test="updateTs != null">
				#{updateTs, jdbcType=TIMESTAMP}
			</if>
		</trim>
	</insert>
		<!-- 再登録メール送信キューの設定 -->
	<insert id="insertWQueAcMlTrig" parameterType="java.util.HashMap">
		INSERT INTO W_QUE_AC_ML_TRIG
		<trim prefix="(" suffix=")" suffixOverrides=",">
			<if test="lnQueAcMlTrig != null">
				LN_QUE_AC_ML_TRIG,
			</if>
			<if test="acntType != null">
				ACNT_TYPE,
			</if>
			<if test="lnAcnt != null">
				LN_ACNT,
			</if>
			<if test="mlKind != null">
				ML_KIND,
			</if>
			<if test="lnSendTgt != null">
				LN_SEND_TGT,
			</if>
			<if test="sts != null">
				STS,
			</if>
			<if test="idInsert != null">
				ID_INSERT,
			</if>
			<if test="insertNm != null">
				INSERT_NM,
			</if>
			<if test="insertTs != null">
				INSERT_TS,
			</if>
			<if test="idUpdate != null">
				ID_UPDATE,
			</if>
			<if test="updateNm != null">
				UPDATE_NM,
			</if>
			<if test="updateTs != null">
				UPDATE_TS,
			</if>
		</trim>
		<trim prefix="values (" suffix=")" suffixOverrides=",">
			<if test="lnQueAcMlTrig != null">
				#{lnQueAcMlTrig,jdbcType=CHAR},
			</if>
			<if test="acntType != null">
				#{acntType,jdbcType=CHAR},
			</if>
			<if test="lnAcnt != null">
				#{lnAcnt,jdbcType=CHAR},
			</if>
			<if test="mlKind != null">
				#{mlKind,jdbcType=CHAR},
			</if>
			<if test="lnSendTgt != null">
				#{lnSendTgt,jdbcType=CHAR},
			</if>
			<if test="sts != null">
				#{sts,jdbcType=CHAR},
			</if>
			<if test="idInsert != null">
				#{idInsert,jdbcType=CHAR},
			</if>
			<if test="insertNm != null">
				#{insertNm,jdbcType=CHAR},
			</if>
			<if test="insertTs != null">
				#{insertTs,jdbcType=TIMESTAMP},
			</if>
			<if test="idUpdate != null">
				#{idUpdate,jdbcType=CHAR},
			</if>
			<if test="updateNm != null">
				#{updateNm,jdbcType=CHAR},
			</if>
			<if test="updateTs != null">
				#{updateTs,jdbcType=TIMESTAMP},
			</if>
		</trim>
	</insert>
	<!-- 警備先取得(GHS).検索結果一覧の取得 -->
	<select id="searchLnKeiBiInfoGhs" resultMap="BaseResultMap">
		SELECT
		KEIBI.LN_KEIBI as lnKeibi,
		KEIBI.KEIBI_NM as keibiName,
		KEIBI.KEIBI_ADDR as keibiAddr,
		KEIYAKU.LN_KEIYK as lnKeiyk
		FROM
		<!-- R_警備先 -->
		R_KEIBI KEIBI
		<!-- R_物件 -->
		INNER JOIN R_BUKKEN BUKKEN
		ON BUKKEN.LN_BUKKEN = KEIBI.LN_BUKKEN

		INNER JOIN R_KEIYK AS KEIYAKU
		ON KEIYAKU.LN_KEIYK = BUKKEN.LN_BUKKEN
		WHERE
		KEIBI.LN_KEIBI IN (
            SELECT
              CHIKU.LN_KEIBI
            FROM
              R_KB_CHIKU AS CHIKU
            WHERE
              CHIKU.LN_KB_CHIKU IN (
                SELECT
                  AUTH.LN_KB_CHIKU
                FROM
                  R_ACNT_USER_AUTH AS AUTH
                WHERE
                  LN_ACNT_USER = #{lnAcntUserCommon}
              )
          )
	</select>

	<!-- 更新日付の取得(GHS契約者). -->
	<select id="getUpdateTsByKeiyku" resultType="java.lang.String">
		SELECT
		DATE_FORMAT(UPDATE_TS,'%Y%m%d%H%i%S') AS UPDATE_TS 
		FROM
		R_ACNT_KEIYK
		WHERE LN_ACNT_KEIYK = #{lnAcntUserCommon}
		AND ML_ADDR = #{acntId}
	</select>

	<!-- 更新日付の取得(GHS利用者). -->
	<select id="getUpdateTsByLiyou" resultType="java.lang.String">
		SELECT
		DATE_FORMAT(UPDATE_TS,'%Y%m%d%H%i%S') AS UPDATE_TS 
		FROM
		R_ACNT_USER
		WHERE LN_ACNT_USER = #{lnAcntUserCommon}
		AND ML_ADDR = #{acntId}
	</select>
</mapper> 