<?xml version="1.0" encoding="UTF-8" ?>
<!DOCTYPE mapper
        PUBLIC "-//mybatis.org//DTD Mapper 3.0//EN"
        "http://mybatis.org/dtd/mybatis-3-mapper.dtd">
<mapper namespace="jp.co.alsok.g6.zwu.dao.mapper.ghs.SZWU1100GhsMapper">

	<resultMap id="BaseResultMap" type="jp.co.alsok.g6.zwu.entity.g6.SZWU1100Info">
		<result column="LN_KEIBI" jdbcType="CHAR" property="lnKeibi" />
		<result column="GOUKI" jdbcType="CHAR" property="gouki" />
		<result column="SERIAL_NUM" jdbcType="CHAR" property="serialNum" />
		<result column="LN_TENANT_MNG" jdbcType="CHAR" property="lnTenantMng" />
		<result column="LN_KB_CHIKU" jdbcType="CHAR" property="lnKbChiku" />
		<result column="SD_KOBETU_NM" jdbcType="CHAR" property="sdKobetuNm" />
		<result column="CHIKU" jdbcType="CHAR" property="chiku" />
		<result column="SUB_ADDR" jdbcType="CHAR" property="subAddr" />
		<result column="GYOUMU_CD" jdbcType="CHAR" property="gyoumuCd" />
		<result column="HOSOKU_CD" jdbcType="CHAR" property="hosokuCd" />
		<result column="LN_DENKEI_MNG" jdbcType="CHAR" property="lnDenkeiMng" />
		<result column="DENKEI" jdbcType="CHAR" property="denkei" />
		<result column="STS" jdbcType="CHAR" property="sts" />
		<result column="SOAP_MSG" jdbcType="CHAR" property="soapMsg" />
		<result column="SD_LINE_KIND" jdbcType="CHAR" property="sdLineKind" />
		<result column="SD_DEV_NUM" jdbcType="CHAR" property="sdDevNum" />
		<result column="PRIORITY" jdbcType="CHAR" property="priority" />
		<result column="LN_DEV_PAR" jdbcType="CHAR" property="lnDevPar" />
		<result column="RM_SET_TS" jdbcType="TIMESTAMP" property="rmSetTs" />
		<result column="SD_KEIYK_TYPE" jdbcType="CHAR" property="sdKeiykType" />
		<result column="KB_SET_STS_N0" jdbcType="CHAR" property="kbSetStsN0" />
		<result column="LN_QUE_CTRL" jdbcType="CHAR" property="lnQueCtrl" />
	</resultMap>

	<!-- A)警備先情報の取得(GHS) -->
	<select id="selectRKeibiInfoGhs" resultMap="BaseResultMap">
		SELECT 
			K.LN_KEIBI, /*-- R_警備先.LN_警備先論理番号*/
			K.GOUKI, /*--R_警備先.号機番号*/
			K.SERIAL_NUM, /*--R_警備先.シリアル番号*/
			K.SD_KEIYK_TYPE /*--R_警備先.SD_契約形態*/
		FROM
			R_TENANT_MNG T /*--R_入居管理 */
				INNER JOIN R_KEIBI K /*-- R_警備先*/ 
		 			ON K.LN_KEIBI = T.LN_KEIBI /*-- R_警備先のLN_警備先論理番号 = R_入居管理のLN_警備先論理番号 */
		WHERE 
			T.LN_TENANT_MNG = #{lnTenantMng}/*-- R_入居管理のLN_入居管理論理番号 = セッション情報のLN_入居管理論理番号 */
			AND T.TENANT_STS = #{tenantSts} /*-- R_入居管理の入居状態 = 1：入居中 */
	</select>
	
	<!--B)機器情報の取得(GHS) -->
	<select id="searchRKbChikuGhs" resultMap="BaseResultMap">
		SELECT
			R1.LN_KB_CHIKU, /*--R_警備先地区.LN_警備先地区論理番号*/
			R1.LN_KEIBI, /*--R_警備先地区.LN_警備先論理番号*/
			R1.CHIKU, /*--R_警備先地区.地区*/
			R1.SUB_ADDR, /*--R_警備先地区.サブアドレス*/
			R1.SD_KOBETU_NM, /*--R_警備先地区.個別名称*/
			R1.GYOUMU_CD, /*--R_警備先地区.業務コード*/
			R1.HOSOKU_CD /*--R_警備先地区.補足コード*/
		FROM
			R_KB_CHIKU R1, /*--R_警備先地区*/
			R_KEIBI R2 /*-- R_警備先*/
		WHERE
			R1.LN_KEIBI = R2.LN_KEIBI /*--R_警備先地区のLN_警備先論理番号	=	R_警備先のLN_警備先論理番号*/
		AND
			R1.LN_KB_CHIKU = #{lnKbChiku} /*--R_警備先のLN_警備先地区論理番号 */
	</select>

	<!-- C)電計番号の取得(GHS) -->
	<select id="searchRDenkeiMngGhs" resultMap="BaseResultMap">
		SELECT
			R1.LN_DENKEI_MNG,/*--R_電計番号管理.LN_電計番号管理論理番号*/
			R1.DENKEI/*--R_電計番号管理.電計番号*/
		FROM
			R_DENKEI_MNG R1/*--R_電計番号管理*/
		WHERE
			R1.LN_KEIBI = #{lnKeibi} /*--R_電計番号管理のLN_警備先論理番号	=	A)で取得したLN_警備先論理番号*/
		AND
			FLG_LAST = #{latest} /*--R_電計番号管理の最新フラグ	=	1：最新である*/
	</select>
	
	<!-- D)システム警備状態変更予約情報の取得(GHS) -->
	<select id="searchWKbChikuRmSetGhs" resultMap="BaseResultMap">
		SELECT
			W1.LN_KB_CHIKU,  /*--W_警備先地区リモート操作.LN_警備先地区論理番号*/
			W1.KB_SET_STS_N0,/*--W_警備先地区リモート操作.N0F0操作状態*/
			W1.RM_SET_TS/*--W_警備先地区リモート操作.リモートセット日時*/
		FROM
			W_KB_CHIKU_RM_SET W1 /*--W_警備先地区リモート操作*/
		WHERE
			W1.LN_KB_CHIKU = #{lnKbChiku} /*--W_警備先地区リモート操作のLN_警備先地区論理番号	=	B)で取得したLN_警備先地区論理番号*/
	</select>
	
	<!-- E)システム警備状態変更予約情報の取得(GHS) -->
	<select id="searchSysKbChikuGhs" resultType="java.lang.String">
		SELECT
			W1.LN_KB_CHIKU  /*--W_警備先地区リモート操作.LN_警備先地区論理番号*/
		FROM
			W_KB_CHIKU_RM_SET W1 /*--W_警備先地区リモート操作*/
		WHERE
			W1.LN_KB_CHIKU = #{lnKbChiku} 
			/*--W_警備先地区リモート操作のLN_警備先地区論理番号	=	
			8-5.D)のLN_警備先地区論理番号(警備開始の場合
			9-3.B)のLN_警備先地区論理番号(警備解除の場合) */
		AND W1.CMD_SEQ_NUM = #{cmdSeq}
			/*--W_警備先地区リモート操作のコマンドシーケンス番号	=	
			8-5.D)のコマンドシーケンス番号(警備開始の場合)
			9-3.B)のコマンドシーケンス番号(警備解除の場合) */
	</select>
	
	<!-- F)制御キュー状態情報の取得(GHS) -->
	<select id="searchEQueCtrlGhs" resultMap="BaseResultMap">
		SELECT
			E1.LN_QUE_CTRL, /*--E_制御キュー.LN_制御キュー論理番号*/
			E1.STS /*--E_制御キュー.状態*/
		FROM
			E_QUE_CTRL E1 /*--E_制御キュー*/
		WHERE
			E1.CMD_SEQ_NUM = #{cmdSeq}
			/*--E_制御キューのコマンドシーケンス番号	=	
			"8-5.D)のコマンドシーケンス番号(警備開始の場合)
			9-3.B)のコマンドシーケンス番号(警備解除の場合)*/
		AND
			E1.EXEC_CMD = #{kbstset}   /*--E_制御キューの実行コマンド = 'kbstset'(警備状態設定要求)*/
	</select>
	<!--A)システム警備状態変更予約情報の削除 -->
	<delete id="deleteWKbChikuRmSet">
		DELETE FROM W_KB_CHIKU_RM_SET
		WHERE LN_KB_CHIKU = #{lnKbChiku}
	</delete>
	<!--B)警備状態設定要求 -->
	<insert id="inesrtEQueCtrl" parameterType="jp.co.alsok.g6.zwu.entity.ghs.EQueCtrlEntity">
		INSERT INTO E_QUE_CTRL
		<trim prefix="(" suffix=")" suffixOverrides=",">
			<if test="LN_QUE_CTRL != null">
				LN_QUE_CTRL,
			</if>
			<if test="HOST_NM != null">
				HOST_NM,
			</if>
			<if test="DENKEI != null">
				DENKEI,
			</if>
			<if test="GOUKI != null">
				GOUKI,
			</if>
			<if test="SERIAL_NUM != null">
				SERIAL_NUM,
			</if>
			<if test="CONN_DEV_NUM != null">
				CONN_DEV_NUM,
			</if>
			<if test="DEV_NUM != null">
				DEV_NUM,
			</if>
			<if test="SUB_ADDR != null">
				SUB_ADDR,
			</if>
			<if test="PRIORITY != null">
				PRIORITY,
			</if>
			<if test="CMD_SEQ_NUM != null">
				CMD_SEQ_NUM,
			</if>
			<if test="PROCESS_NUM != null">
				PROCESS_NUM,
			</if>
			<if test="CMD_CD != null">
				CMD_CD,
			</if>
			<if test="EXEC_CMD != null">
				EXEC_CMD,
			</if>
			<if test="FILE_TYPE != null">
				FILE_TYPE,
			</if>
			<if test="DIR_NM != null">
				DIR_NM,
			</if>
			<if test="SOAP_MSG != null">
				SOAP_MSG,
			</if>
			<if test="ENQ_TS != null">
				ENQ_TS,
			</if>
			<if test="DEQ_ABL_TM != null">
				DEQ_ABL_TM,
			</if>
			<if test="DEQ_TS != null">
				DEQ_TS,
			</if>
			<if test="STS != null">
				STS,
			</if>
			<if test="CENTER_ERR_DTL != null">
				CENTER_ERR_DTL,
			</if>
			<if test="RM_RESULT != null">
				RM_RESULT,
			</if>
			<if test="RM_ERR_CD != null">
				RM_ERR_CD,
			</if>
			<if test="CTL_RESULT != null">
				CTL_RESULT,
			</if>
			<if test="CTL_CMD_RSLT != null">
				CTL_CMD_RSLT,
			</if>
			<if test="CMD_TIMEOUT_TM != null">
				CMD_TIMEOUT_TM,
			</if>
			<if test="ID_INSERT != null">
				ID_INSERT,
			</if>
			<if test="INSERT_NM != null">
				INSERT_NM,
			</if>
			<if test="INSERT_TS != null">
				INSERT_TS,
			</if>
			<if test="ID_UPDATE != null">
				ID_UPDATE,
			</if>
			<if test="UPDATE_NM != null">
				UPDATE_NM,
			</if>
			<if test="UPDATE_TS != null">
				UPDATE_TS
			</if>
		</trim>
		<trim prefix="values (" suffix=")" suffixOverrides=",">
			<if test="LN_QUE_CTRL != null">
				#{LN_QUE_CTRL},
			</if>
			<if test="HOST_NM != null">
				#{HOST_NM},
			</if>
			<if test="DENKEI != null">
				#{DENKEI},
			</if>
			<if test="GOUKI != null">
				#{GOUKI},
			</if>
			<if test="SERIAL_NUM != null">
				#{SERIAL_NUM},
			</if>
			<if test="CONN_DEV_NUM != null">
				#{CONN_DEV_NUM},
			</if>
			<if test="DEV_NUM != null">
				#{DEV_NUM},
			</if>
			<if test="SUB_ADDR != null">
				#{SUB_ADDR},
			</if>
			<if test="PRIORITY != null">
				#{PRIORITY},
			</if>
			<if test="CMD_SEQ_NUM != null">
				#{CMD_SEQ_NUM},
			</if>
			<if test="PROCESS_NUM != null">
				#{PROCESS_NUM},
			</if>
			<if test="CMD_CD != null">
				#{CMD_CD},
			</if>
			<if test="EXEC_CMD != null">
				#{EXEC_CMD},
			</if>
			<if test="FILE_TYPE != null">
				#{FILE_TYPE},
			</if>
			<if test="DIR_NM != null">
				#{DIR_NM},
			</if>
			<if test="SOAP_MSG != null">
				#{SOAP_MSG},
			</if>
			<if test="ENQ_TS != null">
				#{ENQ_TS},
			</if>
			<if test="DEQ_ABL_TM != null">
				#{DEQ_ABL_TM},
			</if>
			<if test="DEQ_TS != null">
				#{DEQ_TS},
			</if>
			<if test="STS != null">
				#{STS},
			</if>
			<if test="CENTER_ERR_DTL != null">
				#{CENTER_ERR_DTL},
			</if>
			<if test="RM_RESULT != null">
				#{RM_RESULT},
			</if>
			<if test="RM_ERR_CD != null">
				#{RM_ERR_CD},
			</if>
			<if test="CTL_RESULT != null">
				#{CTL_RESULT},
			</if>
			<if test="CTL_CMD_RSLT != null">
				#{CTL_CMD_RSLT},
			</if>
			<if test="CMD_TIMEOUT_TM != null">
				#{CMD_TIMEOUT_TM},
			</if>
			<if test="ID_INSERT != null">
				#{ID_INSERT},
			</if>
			<if test="INSERT_NM != null">
				#{INSERT_NM},
			</if>
			<if test="INSERT_TS != null">
				#{INSERT_TS},
			</if>
			<if test="ID_UPDATE != null">
				#{ID_UPDATE},
			</if>
			<if test="UPDATE_NM != null">
				#{UPDATE_NM},
			</if>
			<if test="UPDATE_TS != null">
				#{UPDATE_TS}
			</if>
		</trim>
	</insert>
	
	<!--D)外出警備操作の設定 -->
	<insert id="inesrtWKbChikuRmSet" parameterType="jp.co.alsok.g6.zwu.entity.ghs.WKbChikuRmSetEntity">
		INSERT INTO W_KB_CHIKU_RM_SET
		<trim prefix="(" suffix=")" suffixOverrides=",">
			<if test="LN_KB_CHIKU != null">
				LN_KB_CHIKU,
			</if>
			<if test="LN_SET_USER != null">
				LN_SET_USER,
			</if>
			<if test="USER_KIND_N0 != null">
				USER_KIND_N0,
			</if>
			<if test="LN_QUE_CTRL != null">
				LN_QUE_CTRL,
			</if>
			<if test="CMD_SEQ_NUM != null">
				CMD_SEQ_NUM,
			</if>
			<if test="KB_SET_STS_N0 != null">
				KB_SET_STS_N0,
			</if>
			<if test="RM_SET_TS != null">
				RM_SET_TS,
			</if>
			<if test="USER_KIND_KN != null">
				USER_KIND_KN,
			</if>
			<if test="KB_SET_STS_KN != null">
				KB_SET_STS_KN,
			</if>
			<if test="ID_INSERT != null">
				ID_INSERT,
			</if>
			<if test="INSERT_NM != null">
				INSERT_NM,
			</if>
			<if test="INSERT_TS != null">
				INSERT_TS
			</if>
		</trim>
		<trim prefix="values (" suffix=")" suffixOverrides=",">
			<if test="LN_KB_CHIKU != null">
				#{LN_KB_CHIKU},
			</if>
			<if test="LN_SET_USER != null">
				#{LN_SET_USER},
			</if>
			<if test="USER_KIND_N0 != null">
				#{USER_KIND_N0},
			</if>
			<if test="LN_QUE_CTRL != null">
				#{LN_QUE_CTRL},
			</if>
			<if test="CMD_SEQ_NUM != null">
				#{CMD_SEQ_NUM},
			</if>
			<if test="KB_SET_STS_N0 != null">
				#{KB_SET_STS_N0},
			</if>
			<if test="RM_SET_TS != null">
				#{RM_SET_TS},
			</if>
			<if test="USER_KIND_KN != null">
				#{USER_KIND_KN},
			</if>
			<if test="KB_SET_STS_KN != null">
				#{KB_SET_STS_KN},
			</if>
			<if test="ID_INSERT != null">
				#{ID_INSERT},
			</if>
			<if test="INSERT_NM != null">
				#{INSERT_NM},
			</if>
			<if test="INSERT_TS != null">
				#{INSERT_TS}
			</if>
		</trim>
	</insert>
	
</mapper>