<?xml version="1.0" encoding="UTF-8" ?>
<!DOCTYPE mapper
		PUBLIC "-//mybatis.org//DTD Mapper 3.0//EN"
		"http://mybatis.org/dtd/mybatis-3-mapper.dtd">
<mapper namespace="jp.co.alsok.g6.zwu.dao.mapper.ghs.SZWU5000GhsMapper">
 <!--返却用 -->
 <resultMap id = "BaseResultMapInfo" type="jp.co.alsok.g6.zwu.entity.g6.SZWU5000Info">
   <id column="lnKbChikuGhs" jdbcType="CHAR" property="lnKbChikuGhs" />
	
	<result column="lnKbChikuGhs" jdbcType="CHAR" property="lnKbChikuGhs" />
	<result column="sdKobetuNmGhs" jdbcType="CHAR" property="sdKobetuNmGhs" />
	<result column="entrySts" jdbcType="CHAR" property="entrySts" />
	<result column="subAddrGhs" jdbcType="CHAR" property="subAddrGhs" />
	<result column="userNm" jdbcType="CHAR" property="userNm" />
	<result column="mlAddrGhs1" jdbcType="CHAR" property="mlAddrGhs1" />
	<result column="mlAddrGhs2" jdbcType="CHAR" property="mlAddrGhs2" />
	<result column="acntUserKbn" jdbcType="CHAR" property="acntUserKbn" />
	<result column="passwdGhs1" jdbcType="CHAR" property="passwdGhs1" />
	<result column="passwdGhs2" jdbcType="CHAR" property="passwdGhs2" />
	<result column="lnAcntUserAuth" jdbcType="CHAR" property="lnAcntUserAuth" />
	<result column="flgKbSetDisp" jdbcType="CHAR" property="flgKbSetDisp" />
	<result column="flgKbHstDisp" jdbcType="CHAR" property="flgKbHstDisp" />
	<result column="flgKnrnDisp" jdbcType="CHAR" property="flgKnrnDisp" />
	<result column="flgRmtKbSetDisp" jdbcType="CHAR" property="flgRmtKbSetDisp" />
	<result column="flgWsureDisp" jdbcType="CHAR" property="flgWsureDisp" />
	<result column="flgKusituDisp" jdbcType="CHAR" property="flgKusituDisp" />
	<result column="flgCardDisp" jdbcType="CHAR" property="flgCardDisp" />
</resultMap>

 <!--返却用 -->
 <resultMap id = "BaseResultMap" type="jp.co.alsok.g6.zwu.web.form.SZWU5000Form">
   <id column="acntId" jdbcType="CHAR" property="acntId" />
    <result column="lnacntUserCommon" jdbcType="CHAR" property="lnacntUserCommon" />
    <result column="acntId" jdbcType="CHAR" property="acntId" />
    <result column="mlAddr1" jdbcType="CHAR" property="mlAddr1" />
    <result column="mlAddr2" jdbcType="CHAR" property="mlAddr2" />
    <result column="passWd1" jdbcType="CHAR" property="passWd1" />
    <result column="passWd2" jdbcType="CHAR" property="passWd2" />
    <result column="keiYkNm" jdbcType="CHAR" property="keiYkNm" />
    <result column="lnkbChiku" jdbcType="CHAR" property="lnkbChiku" />
    <result column="sdKobetuNm" jdbcType="CHAR" property="sdKobetuNm" />
    <result column="acntNm" jdbcType="CHAR" property="acntNm" />    
    <result column="acntNmKana" jdbcType="CHAR" property="acntNmKana" />
    <result column="syainCd" jdbcType="CHAR" property="syainCd" />
    <result column="busyoNm" jdbcType="CHAR" property="busyoNm" />
    <result column="busyoNmKana" jdbcType="CHAR" property="busyoNmKana" />
    <result column="yakusyokuNm" jdbcType="CHAR" property="yakusyokuNm" />
    <result column="yakusyokuNmKana" jdbcType="CHAR" property="yakusyokuNmKana" />
    <result column="acntUserKbn" jdbcType="CHAR" property="acntUserKbn" />
    <result column="acntUserKbnStr" jdbcType="CHAR" property="acntUserKbnStr" />
    <result column="telNm1" jdbcType="CHAR" property="telNm1" />
    <result column="telNm2" jdbcType="CHAR" property="telNm2" />
    <result column="insertId" jdbcType="CHAR" property="insertId" />
    <result column="insertNm" jdbcType="CHAR" property="insertNm" />
    <result column="insertTs" jdbcType="DATE" property="insertTs" />
    <result column="updateId" jdbcType="CHAR" property="updateId" />
    <result column="updateNm" jdbcType="CHAR" property="updateNm" />
    <result column="updateTs" jdbcType="DATE" property="updateTs" />
	<result column="juchuJigyouNm" jdbcType="CHAR" property="juchuJigyouNm" />
	<result column="juchuJigyouTelNum" jdbcType="CHAR" property="juchuJigyouTelNum" />
	<result column="jisshiJigyouNm" jdbcType="CHAR" property="jisshiJigyouNm" />
	<result column="jisshiJigyouTelNum" jdbcType="CHAR" property="jisshiJigyouTelNum" />
	<result column="gsHsType" jdbcType="CHAR" property="gsHsType" />
	<result column="updateTsGhs" jdbcType="CHAR" property="updateTsGhs" />
</resultMap>

  <!-- 警備先地区情報を取得する  -->
<select id="getHKbChiku" resultMap="BaseResultMapInfo">
    SELECT 
		R.LN_KB_CHIKU AS lnKbChikuGhs,
		R.SUB_ADDR AS subAddrGhs,
		R.SD_KOBETU_NM AS sdKobetuNmGhs,
		R.ENTRY_STS AS entrySts
	FROM 
		R_KB_CHIKU R
	WHERE 
		R.LN_KEIBI = #{record.lnKeibi}
	ORDER BY
		R.SUB_ADDR
</select>

  <!-- 利用者アカウント情報取得処理  -->
<select id="getRAcntUser" resultMap="BaseResultMap">
    SELECT 
		R.USER_NM AS userNm,
		R.ML_ADDR AS mlAddrGhs1,
		R.ML_ADDR AS mlAddrGhs2,
		R.PASSWD AS passwdGhs1,
		R.PASSWD AS passwdGhs2,
		R.ACNT_TYPE AS acntUserKbnStr,
	    <!-- ALSOK次期警備-BG-1143  START-->
		R.GS_HS_TYPE AS gsHsType,
		R.UPDATE_TS AS updateTsGhs
		<!-- ALSOK次期警備-BG-1143 END --> 
	FROM 
		R_ACNT_USER R
	WHERE 
		R.LN_ACNT_USER = #{record.lnAcntUserCommonEdit}
	<if test="record.updateTsGhs != null and record.updateTsGhs != ''">
		AND R.UPDATE_TS = #{record.updateTsGhs}
	</if>
</select>

  <!-- R_利用者アカウント権限情報取得処理  -->
<select id="getRAcntUserAuth" resultMap="BaseResultMapInfo">
    SELECT 
		R.LN_ACNT_USER_AUTH AS lnAcntUserAuth,
		R.LN_KB_CHIKU AS lnKbChikuGhs,
		R.FLG_KB_SET_DISP AS flgKbSetDisp,
		R.FLG_KB_HST_DISP AS flgKbHstDisp,
		R.FLG_KNRN_DISP AS flgKnrnDisp,
		R.FLG_RMT_KB_SET_DISP AS flgRmtKbSetDisp,
		R.FLG_WASURE_DISP AS flgWsureDisp,
		R.FLG_KUSITU_DISP AS flgKusituDisp,
		R.FLG_CARD_DISP AS flgCardDisp
	FROM 
		R_ACNT_USER_AUTH R
	WHERE 
		R.LN_ACNT_USER = #{record.lnAcntUserCommonEdit}
		and R.LN_KB_CHIKU = #{record.lnKbChikuGhs}
		
		LIMIT 1
</select>

  <!-- 利用者メールアドレス検索  -->
<select id="getRAcntUserBymlAddr" resultType="java.lang.String">
    SELECT 
		R.LN_ACNT_USER
	FROM 
		R_ACNT_USER R
	WHERE 
		R.ML_ADDR = #{record.mlAddrGhs2} <!-- ALSOK次期警備-BG-1143  -->
</select>

<!-- ALSOK次期警備-BG-1143 START  -->
<!-- 契約先メールアドレス検索  -->
<select id="getRAcntKeiykBymlAddr" resultType="java.lang.String">
    SELECT 
		R.LN_ACNT_KEIYK
	FROM 
		R_ACNT_KEIYK R
	WHERE 
		R.ML_ADDR = #{record.mlAddrGhs2}
</select>
<!-- ALSOK次期警備-BG-1143 END  -->
 <!--R_利用者アカウント-->
  <insert id="insertRAcntUser">
	INSERT INTO R_ACNT_USER (
	LN_ACNT_USER,
	LN_TENANT_MNG,
	GS_HS_TYPE,
	USER_NM,
	ML_ADDR,
  	PASSWD,
 	ACNT_TYPE,
	RGST_STS,
	LOGIN_STS,
	ML_SEND_STS,
	STS_UPD_TS,
	ID_INSERT,
	INSERT_NM,
	INSERT_TS,
	ID_UPDATE,
	UPDATE_NM,
	UPDATE_TS
	)
	VALUES
	(#{record.lnAcntUser},
	#{record.lnTenantMng},
	0,
	#{record.userNm},
	#{record.mlAddrGhs2}, <!-- ALSOK次期警備-BG-1143  -->
	#{record.passwdGhs1},
	#{record.acntUserKbnStr},
	0,
	0,
	0,
	#{record.stsUpdTs},
	#{record.insertId},
	#{record.insertNm},
	NOW(),
	#{record.updateId},
	#{record.updateNm},
	NOW()	
	)
  </insert>

 <!--R_利用者アカウント権限-->
  <insert id="insertRAcntUserAuth">
	INSERT INTO R_ACNT_USER_AUTH (
	LN_ACNT_USER_AUTH,
	LN_ACNT_USER,
	LN_KB_CHIKU,
	FLG_ML_GAISYUTSU,
	FLG_ML_KEIHO,
  	FLG_ML_OTHER,
 	FLG_KB_SET_DISP,
	FLG_KB_HST_DISP,
	FLG_RMT_KB_SET_DISP,
	FLG_KNRN_DISP,
	FLG_WASURE_DISP,
	FLG_KUSITU_DISP,
	FLG_CARD_DISP,
	ID_INSERT,
	INSERT_NM,
	INSERT_TS,
	ID_UPDATE,
	UPDATE_NM,
	UPDATE_TS
	)
	VALUES
	(#{record.lnAcntUserAuth},
	#{record.lnAcntUser},
	#{record.lnKbChikuGhs},
	1,
	1,
	1,
	#{record.flgKbSetDisp},
	#{record.flgKbHstDisp},
	#{record.flgRmtKbSetDisp},
	#{record.flgKnrnDisp},
	#{record.flgWsureDisp},
	#{record.flgKusituDisp},
	#{record.flgCardDisp},
	#{record.insertId},
	#{record.insertNm},
	NOW(),
	#{record.updateId},
	#{record.updateNm},
	NOW()	
	)
  </insert>
  
   <!--C_利用者ログイン状態-->
  <insert id="insertCUserLoginSts">
	INSERT INTO C_USER_LOGIN_STS (
	LN_ACNT_USER,
	FLG_LOGIN_STS,
	CNT_LOGIN_ERR,
	ID_INSERT,
	INSERT_NM,
	INSERT_TS,
	ID_UPDATE,
	UPDATE_NM,
	UPDATE_TS
	)
	VALUES
	(#{record.lnAcntUser},
	0,
	0,
	#{record.insertId},
	#{record.insertNm},
	NOW(),
	#{record.updateId},
	#{record.updateNm},
	NOW()
	)
  </insert>
  
   <!--E_アカウント仮登録-->
  <insert id="insertEAcntPreRgst">
	INSERT INTO E_ACNT_PRE_RGST (
	LN_ACNT_PRE_RGST,
	ACNT_TYPE,
	LN_ACNT,
	STS,
	ACNT_PRE_RGST_TS,
	ID_INSERT,
	INSERT_NM,
	INSERT_TS,
	ID_UPDATE,
	UPDATE_NM,
	UPDATE_TS
	)
	VALUES
	(#{record.lnAcntPreRgst},
	1,
	#{record.lnAcntUser},
	0,
	#{record.stsUpdTs},
	#{record.insertId},
	#{record.insertNm},
	NOW(),
	#{record.updateId},
	#{record.updateNm},
	NOW()
	)
  </insert>
  
  <!--W_アカウント関連メール配信トリガキュー-->
  <insert id="insertWQueAcMlTrig">
	INSERT INTO W_QUE_AC_ML_TRIG (
	LN_QUE_AC_ML_TRIG,
	ACNT_TYPE,
	LN_ACNT,
	ML_KIND,
	LN_SEND_TGT,
	STS,
	ID_INSERT,
	INSERT_NM,
	INSERT_TS,
	ID_UPDATE,
	UPDATE_NM,
	UPDATE_TS
	)
	VALUES
	(#{record.lnQueAcMlTrig},
	1,
	#{record.lnAcntUser},
	21,
	#{record.lnAcntPreRgst},
	0,
	#{record.insertId},
	#{record.insertNm},
	NOW(),
	#{record.updateId},
	#{record.updateNm},
	NOW()	
	)
  </insert>

  <!--R_利用者アカウント更新処理-->
  <update id="updateRAcntUser">
  UPDATE  R_ACNT_USER t1 SET
	USER_NM = #{record.userNm},
	ML_ADDR = #{record.mlAddrGhs2},<!-- ALSOK次期警備-BG-1143  -->
	PASSWD = #{record.passwdGhs1},
	ACNT_TYPE = #{record.acntUserKbnStr},
	RGST_STS = 0,
	LOGIN_STS = 0,
	ML_SEND_STS = 0,
	STS_UPD_TS = #{record.stsUpdTs},
	ID_UPDATE = #{record.updateId},
	UPDATE_NM = #{record.updateNm},
	UPDATE_TS = NOW()
   WHERE 
   		t1.LN_ACNT_USER = #{record.lnAcntUserCommonEdit}
</update>

  <!--R_利用者アカウント更新処理-->
  <update id="updateRAcntUser2">
  UPDATE  R_ACNT_USER t1 SET
	USER_NM = #{record.userNm},
	ML_ADDR = #{record.mlAddrGhs2},<!-- ALSOK次期警備-BG-1143  -->
	PASSWD = #{record.passwdGhs1},
	ACNT_TYPE = #{record.acntUserKbnStr},
	ID_UPDATE = #{record.updateId},
	UPDATE_NM = #{record.updateNm},
	UPDATE_TS = NOW()
   WHERE 
   		t1.LN_ACNT_USER = #{record.lnAcntUserCommonEdit}
</update>

  <!--R_利用者アカウント権限更新処理-->
  <update id="updateRAcntUserAuth">
  UPDATE  R_ACNT_USER_AUTH t1 SET
    FLG_KB_SET_DISP = #{record.flgKbSetDisp},
    FLG_KB_HST_DISP = #{record.flgKbHstDisp},
    FLG_RMT_KB_SET_DISP = #{record.flgRmtKbSetDisp},
    FLG_KNRN_DISP = #{record.flgKnrnDisp},
    FLG_WASURE_DISP = #{record.flgWsureDisp},
    FLG_KUSITU_DISP = #{record.flgKusituDisp},
    FLG_CARD_DISP = #{record.flgCardDisp},
	ID_UPDATE = #{record.updateId},
	UPDATE_NM = #{record.updateNm},
	UPDATE_TS = NOW()
   WHERE 
   		t1.LN_ACNT_USER_AUTH = #{record.lnAcntUserAuth}
</update>

  <!-- E_アカウント仮登録情報を取得する  -->
<select id="getLnAcntPreRgst" resultType="java.lang.String">
    SELECT 
		LN_ACNT_PRE_RGST
	FROM 
		E_ACNT_PRE_RGST
	WHERE 
		LN_ACNT = #{record.lnAcntUserCommonEdit}
		LIMIT 1
</select>

  <!--E_アカウント仮登録更新処理-->
  <update id="updateEAcntPreRgst">
  UPDATE  E_ACNT_PRE_RGST t1 SET
    STS = 0,
    ACNT_PRE_RGST_TS = #{record.stsUpdTs},
	ID_UPDATE = #{record.updateId},
	UPDATE_NM = #{record.updateNm},
	UPDATE_TS = NOW()
   WHERE 
   		t1.LN_ACNT = #{record.lnAcntUserCommonEdit}
</update>

	<!--#3623Start-->
	<!--R_契約先アカウント更新処理-->
	<update id="updateRAcntKeiyk">
  UPDATE  R_ACNT_KEIYK t1 SET
	ML_ADDR = #{record.mlAddrGhs1},
	PASSWD = #{record.passwdGhs1},
	USER_NM = #{record.userNm},
	RGST_STS = 0,
	LOGIN_STS = 0,
	ML_SEND_STS = 0,
	STS_UPD_TS = #{record.stsUpdTs},
	ID_UPDATE = #{record.updateId},
	UPDATE_NM = #{record.updateNm},
	UPDATE_TS = NOW()
   WHERE
   		t1.LN_ACNT_KEIYK = #{record.lnAcntUserCommonEdit}
</update>
	<!--#3623End-->

    <!--W_アカウント関連メール配信トリガキュー-->
  <insert id="insertWQueAcMlTrig2">
	INSERT INTO W_QUE_AC_ML_TRIG (
	LN_QUE_AC_ML_TRIG,
	ACNT_TYPE,
	LN_ACNT,
	ML_KIND,
	LN_SEND_TGT,
	STS,
	ID_INSERT,
	INSERT_NM,
	INSERT_TS,
	ID_UPDATE,
	UPDATE_NM,
	UPDATE_TS
	)
	VALUES
	(#{record.lnQueAcMlTrig},
	1,
	#{record.lnAcntUserCommonEdit},
	21,
	#{record.lnAcntPreRgst},
	0,
	#{record.insertId},
	#{record.insertNm},
	NOW(),
	#{record.updateId},
	#{record.updateNm},
	NOW()	
	)
  </insert>

</mapper>