<?xml version="1.0" encoding="UTF-8" ?>
<!DOCTYPE mapper
        PUBLIC "-//mybatis.org//DTD Mapper 3.0//EN"
        "http://mybatis.org/dtd/mybatis-3-mapper.dtd">
<mapper namespace="jp.co.alsok.g6.zwu.dao.mapper.ghs.SZWU9200GhsMapper">
	<!-- 返却用 -->
	<resultMap id="BaseResultMap" type="jp.co.alsok.g6.zwu.entity.g6.SZWU9200Info">
		<result column="FLG_GSHS" jdbcType="CHAR" property="gshsflg" />
		<result column="LN_KB_CHIKU" jdbcType="CHAR" property="lnKbChiku"/>
		<result column="SD_KOBETU_NM" jdbcType="CHAR" property="sdKobetuNm"/>
		<!-- チケット＃5091 START -->
		<result column="SUB_ADDR" jdbcType="CHAR" property="subAddr"/>
		<result column="ENTRY_STS" jdbcType="CHAR" property="entrySts"/>
		<result column="UPDATE_TS" jdbcType="CHAR" property="updateTs"/>
		<!-- チケット＃5091 END -->
	</resultMap>
	<!-- GSHSフラグ情報の取得（GHS） -->
	<select id="selectGHSRKeiBiInfo" resultMap="BaseResultMap">
		SELECT 
			R.FLG_GSHS
		FROM R_KEIBI R
			INNER JOIN R_DENKEI_MNG D ON 
			R.LN_KEIBI = D.LN_KEIBI
		WHERE 
			R.LN_KEIBI = #{keibi}
			AND D.FLG_LAST = '1'
	</select>
		<!-- 地区名の取得(GHS) -->
	<select id="selectGHSLnKbChiKuInfo" resultMap="BaseResultMap" >
		SELECT 
			T1.LN_KB_CHIKU,
			T1.SD_KOBETU_NM,
			T1.SUB_ADDR
		FROM 
			R_KB_CHIKU T1
			INNER JOIN R_KEIBI T2 ON 
			T1.LN_KEIBI = T2.LN_KEIBI
		WHERE 
			T1.LN_KEIBI = #{keibi}
			AND T1.ENTRY_STS = '1'
			ORDER BY T1.SUB_ADDR
	</select>
	
	<!-- チケット＃5091 START -->
	<!-- C)地区情報（住戸以外）を取得（GHS） -->
	<select id="selectGHSLnKbChiKuInfoJyuukoOther" resultMap="BaseResultMap" >
	SELECT 
			T2.LN_KB_CHIKU,
			T2.SUB_ADDR,
			T2.SD_KOBETU_NM,
			T2.ENTRY_STS,
			T2.UPDATE_TS
	FROM R_KEIBI T1
	    LEFT JOIN R_KB_CHIKU T2 ON  T1.LN_KEIBI = T2.LN_KEIBI
	WHERE 
	       T2.LN_KEIBI = #{keibi}
	       <if test="chikuNumList != null and chikuNumList.size > 0">
	       AND T2.SUB_ADDR IN 
	       <foreach item="item" index="index" collection="chikuNumList"
                open="(" separator="," close=")">
                #{item}
	        </foreach>
	        </if>
	  ORDER BY T2.SUB_ADDR
	  </select>
	  
	  <!-- D)地区情報（住戸）を取得（GHS） -->
	 <select id="selectGHSLnKbChiKuInfoJyuuko" resultMap="BaseResultMap" >
	SELECT 
			T2.LN_KB_CHIKU,
			T2.SUB_ADDR,
			T2.SD_KOBETU_NM,
			T2.ENTRY_STS,
			T2.UPDATE_TS
	FROM R_KEIBI T1
	    LEFT JOIN R_KB_CHIKU T2 ON  T1.LN_KEIBI = T2.LN_KEIBI
	WHERE 
	     T2.ENTRY_STS = '1'
	     AND T2.LN_KEIBI = #{keibi}
	     <if test="chikuNumList != null and chikuNumList.size > 0">
	     AND T2.SUB_ADDR NOT IN 
	       <foreach item="item" index="index" collection="chikuNumList"
                open="(" separator="," close=")">
                #{item}
	        </foreach>
	        </if>
	  ORDER BY T2.SUB_ADDR
	  </select>
	<!-- チケット＃5091 END -->
	</mapper>