<assembly
	xmlns="http://maven.apache.org/plugins/maven-assembly-plugin/assembly/1.1.2"
	xmlns:xsi="http://www.w3.org/2001/XMLSchema-instance"
	xsi:schemaLocation="http://maven.apache.org/plugins/maven-assembly-plugin/assembly/1.1.2 http://maven.apache.org/xsd/assembly-1.1.2.xsd">
	<id>MM-${project.version}</id>
	<formats>
		<format>zip</format>
	</formats>
	<fileSets>
		<!-- fileSet of ${project.basedir}/wildfly-8.1.0.Final must be 1st -->
		<!-- Because assembly plugIn can't overwirte resources -->
		<fileSet>
			<directory>${project.basedir}/wildfly-${version.wildfly}</directory>
			<outputDirectory>/</outputDirectory>
			<includes>
				<include>**/*</include>
			</includes>
		</fileSet>
		<fileSet>
			<directory>${project.build.directory}/unpacked/wildfly-${version.wildfly}</directory>
			<outputDirectory>/</outputDirectory>
		</fileSet>
		<fileSet>
			<directory>${project.build.directory}</directory>
			<outputDirectory>standalone/deployments</outputDirectory>
			<includes>
				<include>${project.build.finalName}.ear</include>
			</includes>
		</fileSet>	
	</fileSets>
	
	  
	<dependencySets>	
		<dependencySet>
			<includes>
				<include>mysql:mysql-connector-java</include> 
			</includes>
			<outputDirectory>modules/com/mysql/driver8/main/</outputDirectory>
			<outputFileNameMapping>mysql-connector-java-8.0.17.jar</outputFileNameMapping>
		</dependencySet> 
	</dependencySets>
	
</assembly>
