<?xml version="1.0" encoding="UTF-8"?>
<metadata>
  <groupId>jp.co.nec.aim.jaxb</groupId>
  <artifactId>jaxb</artifactId>
  <versioning>
    <release>5.3.0.0</release>
    <versions>
      <version>5.0.0-SNAPSHOT</version>
      <version>5.0.1-SNAPSHOT</version>
      <version>5.1.0-SNAPSHOT</version>
      <version>5.2.0-SNAPSHOT</version>
      <version>5.3.0-SNAPSHOT</version>
      <version>5.3.0.0</version>
    </versions>
    <lastUpdated>20161212031207</lastUpdated>
  </versioning>
</metadata>
