<?xml version="1.0" encoding="UTF-8"?>
<beans xmlns="http://www.springframework.org/schema/beans"
       xmlns:xsi="http://www.w3.org/2001/XMLSchema-instance"
       xsi:schemaLocation="http://www.springframework.org/schema/beans http://www.springframework.org/schema/beans/spring-beans.xsd">

    <bean id="global.spring.ejb.context"
          class="org.springframework.context.support.ClassPathXmlApplicationContext">
        <constructor-arg>
            <list>
                <value><![CDATA[com/nec/biomatcher/resources/spring/spring-biomatcher.xml]]></value>
            </list>
        </constructor-arg>
    </bean>
</beans>