<?xml version="1.0" encoding="UTF-8"?>
<metadata modelVersion="1.1.0">
  <groupId>jp.co.nec.aim.clientapi.afis</groupId>
  <artifactId>afis-common</artifactId>
  <version>5.0.0-SNAPSHOT</version>
  <versioning>
    <snapshot>
      <timestamp>20150312.103651</timestamp>
      <buildNumber>7</buildNumber>
    </snapshot>
    <lastUpdated>20150312103651</lastUpdated>
    <snapshotVersions>
      <snapshotVersion>
        <extension>jar</extension>
        <value>5.0.0-20150312.103651-7</value>
        <updated>20150312103651</updated>
      </snapshotVersion>
      <snapshotVersion>
        <extension>pom</extension>
        <value>5.0.0-20150312.103651-7</value>
        <updated>20150312103651</updated>
      </snapshotVersion>
    </snapshotVersions>
  </versioning>
</metadata>
