<assembly
	xmlns="http://maven.apache.org/plugins/maven-assembly-plugin/assembly/1.1.2"
	xmlns:xsi="http://www.w3.org/2001/XMLSchema-instance"
	xsi:schemaLocation="http://maven.apache.org/plugins/maven-assembly-plugin/assembly/1.1.2 http://maven.apache.org/xsd/assembly-1.1.2.xsd">
	<id>DM-${project.version}</id>
	<formats>
		<format>zip</format>
	</formats>
	<fileSets>
		<!-- declare important fileSet first -->
		<!-- assembly plugIn can't overwrite resources -->
		<fileSet>
			<directory>${project.basedir}/${shipping.location}</directory>
			<outputDirectory>/</outputDirectory>
			<includes>
				<include>**/*</include>
			</includes>
		</fileSet>
		<fileSet>
			<directory>${project.basedir}/wildfly-${version.wildfly}</directory>
			<outputDirectory>/</outputDirectory>
			<includes>
				<include>**/*</include>
			</includes>
		</fileSet>
		<fileSet>
			<directory>${project.build.directory}/unpacked/wildfly-${version.wildfly}</directory>
			<outputDirectory>/</outputDirectory>
		</fileSet>
		<fileSet>
			<directory>${project.build.directory}</directory>
			<outputDirectory>standalone/deployments</outputDirectory>
			<includes>
				<include>${project.build.finalName}.war</include>
			</includes>
		</fileSet>
	</fileSets>	
	
	   
	<dependencySets>	
		<dependencySet>
			<includes>
				<include>com.oracle.jdbc:ojdbc8</include> 
			</includes>
			<outputDirectory>modules/com/oracle/jdbc/main/</outputDirectory>
			<outputFileNameMapping>ojdbc8.jar</outputFileNameMapping>
		</dependencySet> 
	</dependencySets>
	
	
</assembly>
