<project xmlns="http://maven.apache.org/POM/4.0.0" xmlns:xsi="http://www.w3.org/2001/XMLSchema-instance" xsi:schemaLocation="http://maven.apache.org/POM/4.0.0 http://maven.apache.org/maven-v4_0_0.xsd">
	<modelVersion>4.0.0</modelVersion>
	<groupId>jp.co.nec.aim.dm</groupId>
	<artifactId>indextool</artifactId>
	<packaging>jar</packaging>
	<version>0.1</version>
	<name>indextool</name>
	<url>http://www.nec.co.jp</url>

	<properties>
		<project.build.sourceEncoding>UTF-8</project.build.sourceEncoding>
		<svninfodir>target/datamanager/META-INF</svninfodir>
		<svninfo>svninfo.txt</svninfo>
		<spring.version>3.1.0.RELEASE</spring.version>
		<version.wildfly>9.0.2.Final</version.wildfly>
		<version.oracle>12.2.0.1</version.oracle>
	</properties>

	<build>
		<plugins>
			<plugin>
				<groupId>org.apache.maven.plugins</groupId>
				<artifactId>maven-compiler-plugin</artifactId>
				<version>3.2</version>
				<configuration>
					<source>1.8</source>
					<target>1.8</target>
				</configuration>
			</plugin>
			<plugin>
				<groupId>org.codehaus.mojo</groupId>
				<artifactId>versions-maven-plugin</artifactId>
				<version>2.1</version>
			</plugin>
			<plugin>
				<groupId>org.apache.maven.plugins</groupId>
				<artifactId>maven-jar-plugin</artifactId>
				<version>2.4</version>
				<configuration>
					<archive>
						<manifest>
							<addClasspath>true</addClasspath>
							<mainClass>jp.co.nec.aim.dm.manager.IndexFileCreator</mainClass>
							<classpathLayoutType>custom</classpathLayoutType>
							<customClasspathLayout>${artifact.artifactId}.${artifact.extension}</customClasspathLayout>
						</manifest>
						<manifestEntries>
							<Class-Path>./</Class-Path>
						</manifestEntries>
					</archive>
				</configuration>
			</plugin>
			<plugin>
				<groupId>org.apache.maven.plugins</groupId>
				<artifactId>maven-assembly-plugin</artifactId>
				<version>3.1.1</version>
				<configuration>
					<descriptors>
						<descriptor>src/main/assembly/index-tool.xml</descriptor>
					</descriptors>
					<descriptorRefs>
						<descriptorRef>jar-with-dependencies</descriptorRef>
					</descriptorRefs>
					<archive>
						<manifest>
							<mainClass>jp.co.nec.aim.dm.manager.IndexFileCreator</mainClass>
						</manifest>
					</archive>
				</configuration>
				<executions>
					<execution>
						<id>make-assembly</id>
						<phase>package</phase>
						<goals>
							<goal>single</goal>
						</goals>
					</execution>
				</executions>
			</plugin>
		</plugins>
	</build>

	<dependencies>
		<!-- <dependency> <groupId>com.necam.aim.verify</groupId> <artifactId>aim-verify</artifactId> <version>1.0</version> </dependency> -->

		<dependency>
			<groupId>jp.co.nec.aim.uid.proto</groupId>
			<artifactId>proto</artifactId>
			<version>1.0.1-SNAPSHOT</version>
			<scope>provided</scope>
		</dependency>

		<dependency>
			<groupId>jp.co.nec.aim.helper</groupId>
			<artifactId>helper</artifactId>
			<version>aim5.0-SNAPSHOT</version>
			<scope>provided</scope>
		</dependency>

		<!-- protobuf related -->
		<dependency>
			<groupId>com.google.protobuf</groupId>
			<artifactId>protobuf-java</artifactId>
			<version>2.6.1</version>
			<scope>provided</scope>
		</dependency>

			<dependency>
				<groupId>com.oracle.jdbc</groupId>
				<artifactId>ojdbc8</artifactId>
				<version>${version.oracle}</version>
				<scope>provided</scope>
			</dependency>

		<dependency>
			<groupId>org.apache.httpcomponents</groupId>
			<artifactId>httpclient</artifactId>
			<version>4.3.6</version>
			<scope>provided</scope>
		</dependency>

		<dependency>
			<groupId>org.apache.httpcomponents</groupId>
			<artifactId>httpmime</artifactId>
			<version>4.3.6</version>
			<scope>provided</scope>
		</dependency>


		<dependency>
			<groupId>commons-lang</groupId>
			<artifactId>commons-lang</artifactId>
			<version>2.3</version>
		</dependency>
		<!-- <dependency> <groupId>commons-httpclient</groupId> <artifactId>commons-httpclient</artifactId> <version>3.1</version> </dependency> -->
		<dependency>
			<groupId>commons-io</groupId>
			<artifactId>commons-io</artifactId>
			<version>2.1</version>
		</dependency>

		<dependency>
			<groupId>junit</groupId>
			<artifactId>junit</artifactId>
			<version>4.10</version>
			<scope>test</scope>
		</dependency>
		<dependency>
			<groupId>javax.servlet</groupId>
			<artifactId>servlet-api</artifactId>
			<version>2.5</version>
			<scope>provided</scope>
		</dependency>
		<dependency>
			<groupId>javax.xml.bind</groupId>
			<artifactId>jaxb-api</artifactId>
			<version>2.1</version>
			<scope>provided</scope>
		</dependency>
		<dependency>
			<groupId>org.slf4j</groupId>
			<artifactId>slf4j-jdk14</artifactId>
			<version>1.6.6</version>
		</dependency>
		<dependency>
			<groupId>org.jboss.slf4j</groupId>
			<artifactId>slf4j-jboss-logging</artifactId>
			<version>1.0.2.GA</version>
			<scope>provided</scope>
		</dependency>
		<dependency>
			<groupId>org.springframework</groupId>
			<artifactId>spring-core</artifactId>
			<version>${spring.version}</version>
			<scope>provided</scope>
		</dependency>
		<dependency>
			<groupId>org.springframework</groupId>
			<artifactId>spring-jdbc</artifactId>
			<version>${spring.version}</version>
			<scope>provided</scope>
		</dependency>
		<dependency>
			<groupId>org.springframework</groupId>
			<artifactId>spring-test</artifactId>
			<version>${spring.version}</version>
			<scope>test</scope>
		</dependency>
		<dependency>
			<groupId>cglib</groupId>
			<artifactId>cglib</artifactId>
			<version>2.2</version>
			<scope>provided</scope>
		</dependency>
		<dependency>
			<groupId>asm</groupId>
			<artifactId>asm</artifactId>
			<version>3.3</version>
			<scope>provided</scope>
		</dependency>
		<dependency>
			<groupId>commons-dbcp</groupId>
			<artifactId>commons-dbcp</artifactId>
			<version>1.4</version>
			<scope>test</scope>
		</dependency>
		<dependency>
			<groupId>net.sf.opencsv</groupId>
			<artifactId>opencsv</artifactId>
			<version>2.3</version>
		</dependency>
		<dependency>
			<groupId>args4j</groupId>
			<artifactId>args4j</artifactId>
			<version>2.0.26</version>
		</dependency>

		<dependency>
			<groupId>org.mortbay.jetty</groupId>
			<artifactId>jetty-servlet-tester</artifactId>
			<version>6.1.26</version>
			<scope>test</scope>
		</dependency>

		<dependency>
			<groupId>com.googlecode.jmockit</groupId>
			<artifactId>jmockit</artifactId>
			<version>0.999.12</version>
			<scope>test</scope>
		</dependency>
	</dependencies>

	<reporting>
		<plugins>
			<plugin>
				<groupId>org.codehaus.mojo</groupId>
				<artifactId>cobertura-maven-plugin</artifactId>
				<version>2.5.1</version>
			</plugin>
		</plugins>
	</reporting>
</project>
