<configuration>
	<appender name="STDOUT" class="ch.qos.logback.core.ConsoleAppender">
		<filter class="ch.qos.logback.classic.filter.ThresholdFilter">
			<level>INFO</level>
		</filter>
		<encoder>
			<pattern>%msg %n</pattern>
		</encoder>
	</appender>

	<appender name="INFO_FILE"
		class="ch.qos.logback.core.rolling.RollingFileAppender">
		<File>../log/info.log</File>
		<rollingPolicy class="ch.qos.logback.core.rolling.TimeBasedRollingPolicy">
			<FileNamePattern>../log/info.%d{yyyy-MM-dd}.log</FileNamePattern>
		</rollingPolicy>
		<filter class="ch.qos.logback.classic.filter.ThresholdFilter">
			<level>INFO</level>
		</filter>
		<encoder>
			<pattern>%d{HH:mm:ss.SSS} %-5level - %msg %n</pattern>
		</encoder>
	</appender>

	<!-- Daily rolling file appender -->
	<appender name="DEBUG_FILE"
		class="ch.qos.logback.core.rolling.RollingFileAppender">
		<File>../log/debug.log</File>
		<rollingPolicy class="ch.qos.logback.core.rolling.TimeBasedRollingPolicy">
			<FileNamePattern>../log/debug.%d{yyyy-MM-dd}.log</FileNamePattern>
		</rollingPolicy>
		<encoder>
			<pattern>%d{HH:mm:ss.SSS} [%thread] %-5level %logger{36} - %msg%n
			</pattern>
		</encoder>
	</appender>

	<root level="debug">
		<appender-ref ref="DEBUG_FILE" />
	</root>

	<logger name="jp.co.nec.aim.df" level="debug">
		<appender-ref ref="STDOUT" />
	</logger>

	<logger name="jp.co.nec.aim.df" level="debug">
		<appender-ref ref="INFO_FILE" />
	</logger>
</configuration>