<?xml version="1.0" encoding="UTF-8" ?>
<!DOCTYPE mapper
        PUBLIC "-//mybatis.org//DTD Mapper 3.0//EN"
        "http://mybatis.org/dtd/mybatis-3-mapper.dtd">
<mapper namespace="jp.co.alsok.g6.zwu.dao.mapper.com.SZWU4900ComMapper">

	<resultMap id="BaseResultMap" type="jp.co.alsok.g6.zwu.entity.g6.SZWU4900Info">
		<id column="LN_ACNT_USER_COMMON" jdbcType="CHAR" property="lnAcntUserCommon" />
		<result column="ACNT_ID" jdbcType="CHAR" property="acntId" />
		<result column="ML_ADDR" jdbcType="CHAR" property="mlAddr" />
		<result column="ACNT_NM" jdbcType="CHAR" property="acntNm" />
		<result column="JUCHU_JIGYOU_NM" jdbcType="CHAR" property="juchuJigyouNm" />
		<result column="JUCHU_JIGYOU_TEL_NUM" jdbcType="CHAR" property="juchuJigyouTelNum" />
		<result column="JISSHI_JIGYOU_NM" jdbcType="CHAR" property="jisshiJigyouNm" />
		<result column="JISSHI_JIGYOU_TEL_NUM" jdbcType="CHAR" property="jisshiJigyouTelNum" />
	</resultMap>
	
	<!-- D)利用者アカウント共通情報の取得 -->
	<select id="searchKacntUserCommon" parameterType="java.util.HashMap" resultMap="BaseResultMap">
        <![CDATA[
	        SELECT
	        	LN_ACNT_USER_COMMON,
	        	ACNT_ID,
	        	ML_ADDR,
				ACNT_NM
	 		FROM
	 			K_ACNT_USER_COMMON
	        WHERE
	            LN_ACNT_USER_COMMON = #{lnAcntUserCommon} /*-- LN_利用者アカウント共通論理番号 */
        ]]>
	</select>
	
	<!-- E)受注事業所情報の取得 -->
	<select id="searchJuchuJigyou" parameterType="java.util.HashMap" resultMap="BaseResultMap">
        <![CDATA[
        SELECT
			a.JIGYOU_NM AS JUCHU_JIGYOU_NM, /* --受注事業所名称*/
	        a.JIGYOU_TEL_NUM AS JUCHU_JIGYOU_TEL_NUM  /*--受注事業所電話番号*/
		FROM
			commondb.K_JIGYOU a
		INNER JOIN
			g6db.R_KEIBI b
		ON
			b.JUCHU_JIGYOU_CD = a.JIGYOU_CD
		WHERE
	   		b.LN_KEIBI = #{lnKeibi} /*-- LN_警備先論理番号 */
        ]]>
	</select>

	<!-- F)実施事業所情報の取得 -->
	<select id="searchJisshiJigyou" parameterType="java.util.HashMap" resultMap="BaseResultMap">
        <![CDATA[
        SELECT
			a.JIGYOU_NM AS JISSHI_JIGYOU_NM, /*--実施事業所名称*/
	        a.JIGYOU_TEL_NUM AS JISSHI_JIGYOU_TEL_NUM  /*--実施事業所電話番号*/
		FROM
			commondb.K_JIGYOU a
		INNER JOIN
			g6db.R_KEIBI b
		ON
			b.JISSHI_JIGYOU_CD = a.JIGYOU_CD
		WHERE
			b.LN_KEIBI = #{lnKeibi} /*-- LN_警備先論理番号 */
        ]]>
	</select>
	
</mapper>