<?xml version="1.0" encoding="UTF-8" ?>
<!DOCTYPE mapper
        PUBLIC "-//mybatis.org//DTD Mapper 3.0//EN"
        "http://mybatis.org/dtd/mybatis-3-mapper.dtd">
<mapper namespace="jp.co.alsok.g6.zwu.dao.mapper.com.SZWU6700ComMapper">
    <!-- 返却用 -->
    <resultMap id="resultMap1" type="jp.co.alsok.g6.zwu.entity.g6.SZWU6700Info">
		<result column="LN_ACNT_USER_COMMON" jdbcType="CHAR" property="lnAcntUserCommon" />
	</resultMap>
    <resultMap id="resultMap2" type="jp.co.alsok.g6.zwu.entity.g6.SZWU6700Info">
        <result column="JIGYOU_NM" jdbcType="CHAR" property="juchuJigyouNm" />
        <result column="JIGYOU_TEL_NUM" jdbcType="CHAR" property="juchuTelNum" />
    </resultMap>
    <resultMap id="resultMap3" type="jp.co.alsok.g6.zwu.entity.g6.SZWU6700Info">
        <result column="JIGYOU_NM" jdbcType="CHAR" property="jisshiJigyouNm" />
        <result column="JIGYOU_TEL_NUM" jdbcType="CHAR" property="jisshiTelNum" />
    </resultMap>


    <!-- 受注事業所情報の取得 -->
    <select id="getJuchuKJigyouInfo" parameterType="java.lang.String" resultMap="resultMap2">
		SELECT
			kj.JIGYOU_NM,
			kj.JIGYOU_TEL_NUM
		FROM
			K_JIGYOU kj
		INNER JOIN
			g6db.R_KEIBI rk
		ON
			kj.JIGYOU_CD = rk.JUCHU_JIGYOU_CD
		WHERE
			rk.LN_KEIBI = #{lnKeibi}
	</select>

    <!-- 実施事業所情報の取得 -->
    <select id="getJisshiKJigyouInfo" parameterType="java.lang.String" resultMap="resultMap3">
		SELECT
			kj.JIGYOU_NM,
			kj.JIGYOU_TEL_NUM
		FROM
			K_JIGYOU kj
		INNER JOIN
			g6db.R_KEIBI rk
		ON
			kj.JIGYOU_CD = rk.JISSHI_JIGYOU_CD
		WHERE
			rk.LN_KEIBI = #{lnKeibi}
	</select>
	
	<!-- A)利用者メールアドレス検索 -->
	<select id="selectByMlAddr" parameterType="java.lang.String" resultMap="resultMap1">
		SELECT
		  LN_ACNT_USER_COMMON
		FROM
		  K_ACNT_USER_COMMON
		WHERE ML_ADDR = #{mlAddr}
	</select>
</mapper>
