<?xml version="1.0" encoding="UTF-8" ?>
<!DOCTYPE mapper
        PUBLIC "-//mybatis.org//DTD Mapper 3.0//EN"
        "http://mybatis.org/dtd/mybatis-3-mapper.dtd">
<mapper namespace="jp.co.alsok.g6.zwu.dao.mapper.com.SZWU7300ComMapper">
  <!-- 返却用 -->
  <resultMap id="BaseResultMap" type="jp.co.alsok.g6.zwu.entity.g6.SZWU7300Info">
    <result column="lnAcntUserCommon" jdbcType="CHAR" property="lnAcntUserCommon" />
    <result column="lnAcntCommon" jdbcType="CHAR" property="lnAcntKeiyk" />
    <result column="passWd" jdbcType="CHAR" property="passWd" />
    <result column="jigyouNm" jdbcType="CHAR" property="jigyouNm" />
    <result column="jigyouTelNum" jdbcType="CHAR" property="jigyouTelNum" />
    <result column="acntNmKana" jdbcType="CHAR" property="acntNmKana" />
  </resultMap>

  <!-- 利用者メールアドレス検索 -->
  <select id="searchMlAddr" resultMap="BaseResultMap">
	SELECT 
		LN_ACNT_USER_COMMON AS lnAcntUserCommon
	FROM 
		K_ACNT_USER_COMMON
	WHERE
		ML_ADDR = #{mlAddr}
  </select>
  
  <!-- 利用者アカウント共通のロック -->
  <select id="searchKAcntUserCommon" resultMap="BaseResultMap">
	SELECT 
		LN_ACNT_USER_COMMON AS lnAcntUserCommon,
		ACNT_NM_KANA AS acntNmKana
	FROM
		K_ACNT_USER_COMMON
	WHERE
		LN_ACNT_USER_COMMON = #{lnAcntUserCommon}
  </select>

  <!-- 事業所情報の取得 -->
  <select id="searchKJigyou" resultMap="BaseResultMap">
	SELECT 
    	B.JIGYOU_NM AS jigyouNm, 
    	B.JIGYOU_TEL_NUM AS jigyouTelNum
	FROM
		commondb.K_JIGYOU B
    INNER JOIN
    	g6db.R_KEIBI AS A ON A.JUCHU_JIGYOU_CD = B.JIGYOU_CD
	WHERE
    	A.LN_KEIBI = #{lnAcntUserCommon}
  </select>

  <!-- 利用者アカウント共通を更新 -->
  <update id="updateKAcntUserCommon" parameterType="java.util.Map" >
    UPDATE K_ACNT_USER_COMMON
    <set >
      <if test="acntId != null" >
        ACNT_ID = #{acntId,jdbcType=CHAR},
      </if>
      <if test="mlAddr != null" >
        ML_ADDR = #{mlAddr,jdbcType=CHAR},
      </if>
      <if test="passwd != null" >
        PASSWD = #{passwd,jdbcType=CHAR},
      </if>
      <if test="acntNm != null" >
        ACNT_NM = #{acntNm,jdbcType=CHAR},
      </if>
      <if test="acntNmKana != null" >
        ACNT_NM_KANA = #{acntNmKana,jdbcType=CHAR},
      </if>
      <if test="syainCd != null" >
        SYAIN_CD = #{syainCd,jdbcType=CHAR},
      </if>
      <if test="busyoNm != null" >
        BUSYO_NM = #{busyoNm,jdbcType=CHAR},
      </if>
      <if test="busyoNmKana != null" >
        BUSYO_NM_KANA = #{busyoNmKana,jdbcType=CHAR},
      </if>
      <if test="yakusyokuNm != null" >
        YAKUSYOKU_NM = #{yakusyokuNm,jdbcType=CHAR},
      </if>
      <if test="yakusyokuKana != null" >
        YAKUSYOKU_KANA = #{yakusyokuKana,jdbcType=CHAR},
      </if>
      <if test="acntUserKbn != null" >
        ACNT_USER_KBN = #{acntUserKbn,jdbcType=CHAR},
      </if>
      <if test="telNum1 != null" >
        TEL_NUM_1 = #{telNum1,jdbcType=CHAR},
      </if>
      <if test="telNum2 != null" >
        TEL_NUM_2 = #{telNum2,jdbcType=CHAR},
      </if>
      <if test="jigyouToiawase != null" >
        JIGYOU_TOIAWASE = #{jigyouToiawase,jdbcType=CHAR},
      </if>
      <if test="telNumToiawase != null" >
        TEL_NUM_TOIAWASE = #{telNumToiawase,jdbcType=CHAR},
      </if>
      <if test="question1 != null" >
        QUESTION_1 = #{question1,jdbcType=CHAR},
      </if>
      <if test="answer1 != null" >
        ANSWER_1 = #{answer1,jdbcType=CHAR},
      </if>
      <if test="question2 != null" >
        QUESTION_2 = #{question2,jdbcType=CHAR},
      </if>
      <if test="answer2 != null" >
        ANSWER_2 = #{answer2,jdbcType=CHAR},
      </if>
      <if test="question3 != null" >
        QUESTION_3 = #{question3,jdbcType=CHAR},
      </if>
      <if test="answer3 != null" >
        ANSWER_3 = #{answer3,jdbcType=CHAR},
      </if>
      <if test="insertId != null" >
        INSERT_ID = #{insertId,jdbcType=CHAR},
      </if>
      <if test="insertNm != null" >
        INSERT_NM = #{insertNm,jdbcType=CHAR},
      </if>
      <if test="insertTs != null" >
        INSERT_TS = #{insertTs,jdbcType=TIMESTAMP},
      </if>
      <if test="updateId != null" >
        UPDATE_ID = #{updateId,jdbcType=CHAR},
      </if>
      <if test="updateNm != null" >
        UPDATE_NM = #{updateNm,jdbcType=CHAR},
      </if>
      <if test="updateTs != null" >
        UPDATE_TS = #{updateTs,jdbcType=TIMESTAMP},
      </if>
    </set>
    WHERE LN_ACNT_USER_COMMON = #{lnAcntUserCommon,jdbcType=CHAR}
  </update>

</mapper>