<?xml version="1.0" encoding="UTF-8" ?>
<!DOCTYPE mapper
		PUBLIC "-//mybatis.org//DTD Mapper 3.0//EN"
		"http://mybatis.org/dtd/mybatis-3-mapper.dtd">
<mapper
	namespace="jp.co.alsok.g6.zwu.dao.mapper.com.SZWU7800ComMapper">

	<!--利用者アカウント共通-利用者アカウント連関更新 -->
	<update id="updateInfo" parameterType="java.util.HashMap">
		UPDATE K_ACNT_USER_COMMON_ACNT_USER
		<set>
			LN_ACNT_USER = #{lnAcntUser}
			,LN_ACNT_USER_COMMON = #{lnAcntUserCommon}
			,UPDATE_ID = #{updateId}
			,UPDATE_NM = #{updateNm}
			,UPDATE_TS = #{updateTs}
		</set>
		WHERE LN_ACNT_USER_COMMON_ACNT_USER = #{lnAcntUserCommonAcntUserUp}
		AND ACNT_KIND = '1'
	</update>

	<!--利用者アカウント共通情報更新 -->
	<insert id="insertInfo" parameterType="java.util.HashMap">
		insert into
		K_ACNT_USER_COMMON_ACNT_USER
		(
		LN_ACNT_USER_COMMON_ACNT_USER,
		LN_ACNT_USER_COMMON,
		LN_ACNT_USER,
		ACNT_KIND,
		INSERT_ID,
		INSERT_NM,
		INSERT_TS,
		UPDATE_ID,
		UPDATE_NM,
		UPDATE_TS)
		values(
		#{lnAcntUserCommonAcntUser,jdbcType=CHAR},
		#{lnAcntUserCommon,jdbcType=CHAR},
		#{lnAcntUser,jdbcType=CHAR},
		#{acntKind,jdbcType=CHAR},
		#{insertId,jdbcType=CHAR},
		#{insertNm,jdbcType=CHAR},
		#{insertTs,jdbcType=TIMESTAMP},
		#{updateId,jdbcType=CHAR},
		#{updateNm,jdbcType=CHAR},
		#{updateTs,jdbcType=TIMESTAMP})
	</insert>
	
	 <!--B)利用者アカウント共通情報の取得 -->
    <select id="selectKAcntUserCommonAcntUserInfo" resultType="java.lang.String">
		SELECT
		LN_ACNT_USER_COMMON_ACNT_USER
		FROM 
		K_ACNT_USER_COMMON_ACNT_USER
		WHERE ACNT_KIND = '1'
		AND LN_ACNT_USER_COMMON = #{lnAcntUserCommon}
	</select>
	
	<!--B)利用者アカウント共通情報の取得 -->
    <select id="selectJigyouInfo" resultType="jp.co.alsok.g6.zwu.entity.gv.SZWU7800Info">
		SELECT 
		JIGYOU_NM as jigyouNm,
		JIGYOU_TEL_NUM as jigyouTelNum
	  	FROM K_JIGYOU
	  	WHERE JIGYOU_CD=#{jigyouCd};
	</select>

</mapper>