<?xml version="1.0" encoding="UTF-8" ?>
<!DOCTYPE mapper
        PUBLIC "-//mybatis.org//DTD Mapper 3.0//EN"
        "http://mybatis.org/dtd/mybatis-3-mapper.dtd">
<mapper namespace="jp.co.alsok.g6.zwu.dao.mapper.com.SZWU0200ComMapper">
	<resultMap id="BaseResultMap" type="jp.co.alsok.g6.zwu.entity.g6.SZWU0200Info">
		<id column="LN_ACNT_USER_COMMON" jdbcType="CHAR" property="lnAcntUserCommon" />
		<result column="ACNT_ID" jdbcType="CHAR" property="acntId" />
		<result column="ML_ADDR" jdbcType="CHAR" property="mlAddr" />
		<result column="ACNT_NM" jdbcType="CHAR" property="acntNm" />
		<result column="QUESTION_1" jdbcType="CHAR" property="question1" />
		<result column="ANSWER_1" jdbcType="CHAR" property="answer1" />
		<result column="QUESTION_2" jdbcType="CHAR" property="question2" />
		<result column="ANSWER_2" jdbcType="CHAR" property="answer2" />
		<result column="QUESTION_3" jdbcType="CHAR" property="question3" />
		<result column="ANSWER_3" jdbcType="CHAR" property="answer3" />
		<result column="JIGYOU_NM" jdbcType="CHAR" property="jigyouNm" />
		<result column="JIGYOU_TEL_NUM" jdbcType="CHAR" property="jigyouTelNum" />
		<result column="LN_ACNT_USER" jdbcType="CHAR" property="lnAcntUser" />
	</resultMap>

	<!-- 秘密の質問情報の取得 -->
	<select id="searchAcntUserCommon" parameterType="java.util.HashMap" resultMap="BaseResultMap">
        <![CDATA[
        SELECT
        	LN_ACNT_USER_COMMON,
        	ACNT_ID,
        	ML_ADDR,
			ACNT_NM,
        	QUESTION_1,
			ANSWER_1,
			QUESTION_2,
			ANSWER_2,
			QUESTION_3,
			ANSWER_3
 		FROM
 			K_ACNT_USER_COMMON
        WHERE
            LN_ACNT_USER_COMMON = #{lnAcntUserCommon} /*-- LN_利用者アカウント共通論理番号 */
        ]]>
	</select>

	<!-- 事業所情報の取得 -->
	<select id="searchKjigyou" parameterType="java.util.HashMap" resultMap="BaseResultMap">
        <![CDATA[
        SELECT
			JIGYOU_NM, /* --事業所名称*/
	        JIGYOU_TEL_NUM /*--事業所電話番号*/
		FROM 
			K_JIGYOU
		WHERE
	   		JIGYOU_CD = #{jigyouCd} /*-- 事業所コード */
        ]]>
	</select>

	<!-- 利用者アカウント共通-利用者アカウント連関情報の取得 -->
	<select id="selectAcntUser" parameterType="java.util.HashMap" resultMap="BaseResultMap">
        <![CDATA[
        SELECT 
        	LN_ACNT_USER /*--LN_アカウント論理番号*/
 		FROM
 			K_ACNT_USER_COMMON_ACNT_USER
        WHERE
        	ACNT_KIND IN ('2','3')
        AND
           LN_ACNT_USER_COMMON = #{lnAcntUserCommon} /*-- LN_利用者アカウント共通論理番号 */
             
        ]]>
	</select>

</mapper>