<?xml version="1.0" encoding="UTF-8" ?>
<!DOCTYPE mapper
        PUBLIC "-//mybatis.org//DTD Mapper 3.0//EN"
        "http://mybatis.org/dtd/mybatis-3-mapper.dtd">
<mapper namespace="jp.co.alsok.g6.zwu.dao.mapper.com.SZWU7600ComMapper">
	<resultMap id="BaseResultMap" type="jp.co.alsok.g6.zwu.entity.g6.SZWU7600Info">
		<id column="LN_ACNT_USER_COMMON" jdbcType="CHAR" property="lnAcntUserCommon" />
		<result column="ACNT_ID" jdbcType="CHAR" property="acntId" />
		<result column="ML_ADDR" jdbcType="CHAR" property="mlAddr" />
		<result column="ACNT_NM" jdbcType="CHAR" property="acntNm" />
		<result column="QUESTION_1" jdbcType="CHAR" property="question1" />
		<result column="ANSWER_1" jdbcType="CHAR" property="answer1" />
		<result column="QUESTION_2" jdbcType="CHAR" property="question2" />
		<result column="ANSWER_2" jdbcType="CHAR" property="answer2" />
		<result column="QUESTION_3" jdbcType="CHAR" property="question3" />
		<result column="ANSWER_3" jdbcType="CHAR" property="answer3" />
		<result column="JUCHU_JIGYOU_NM" jdbcType="CHAR" property="juchuJigyouNm" />
		<result column="JUCHU_JIGYOU_TEL_NUM" jdbcType="CHAR" property="juchuJigyouTelNum" />
		<result column="JISSHI_JIGYOU_NM" jdbcType="CHAR" property="jisshiJigyouNm" />
		<result column="JISSHI_JIGYOU_TEL_NUM" jdbcType="CHAR" property="jisshiJigyouTelNum" />
		<result column="UPDATE_TS" jdbcType="CHAR" property="updateTs" />
	</resultMap>

	<!-- 秘密の質問情報の取得 -->
	<select id="searchAcntUserCommon" parameterType="java.util.HashMap" resultMap="BaseResultMap">
        SELECT
        	LN_ACNT_USER_COMMON,
        	ACNT_ID,
        	ML_ADDR,
			ACNT_NM,
        	QUESTION_1,
			ANSWER_1,
			QUESTION_2,
			ANSWER_2,
			QUESTION_3,
			ANSWER_3,
			UPDATE_TS
 		FROM
 			K_ACNT_USER_COMMON
        WHERE
            LN_ACNT_USER_COMMON =#{lnAcntUserCommon} /*-- LN_利用者アカウント共通論理番号 */
            <if test="updateTs != null and updateTs != ''">
			AND UPDATE_TS = '${updateTs}'
		    </if>
	</select>

	<!-- アカウント共通情報更新処理 -->
	<update id="updateAcntUserCommon" parameterType="java.util.HashMap">
		UPDATE
			K_ACNT_USER_COMMON
		SET
			QUESTION_1 = #{question1},
			ANSWER_1 = #{answer1},
		<if test="question2 != null">
			QUESTION_2 = #{question2},
		</if>
		<if test="answer2 != null">
			ANSWER_2 = #{answer2},
		</if>
		<if test="question3 != null">
			QUESTION_3 = #{question3},
		</if>
		<if test="answer3 != null">
			ANSWER_3 = #{answer3},
		</if>
			UPDATE_ID = #{updateId},
			UPDATE_NM = #{updateNm},
			UPDATE_TS = #{updateTs}
		WHERE
			LN_ACNT_USER_COMMON = #{lnAcntUserCommon} /*--LN_利用者アカウント共通論理番号*/
	</update>

	<!-- 受注事業所情報の取得 -->
	<select id="searchJuchuJigyou" parameterType="java.util.HashMap" resultMap="BaseResultMap">
        <![CDATA[
        SELECT
			a.JIGYOU_NM AS JUCHU_JIGYOU_NM, /* --受注事業所名称*/
	        a.JIGYOU_TEL_NUM AS JUCHU_JIGYOU_TEL_NUM  /*--受注事業所電話番号*/
		FROM
			commondb.K_JIGYOU a
		INNER JOIN
			g6db.R_KEIBI b
		ON
			b.JUCHU_JIGYOU_CD = a.JIGYOU_CD
		WHERE
	   		b.LN_KEIBI = #{lnKeibi} /*-- LN_警備先論理番号 */
        ]]>
	</select>

	<!-- 実施事業所情報の取得 -->
	<select id="searchJisshiJigyou" parameterType="java.util.HashMap" resultMap="BaseResultMap">
        <![CDATA[
        SELECT
			a.JIGYOU_NM AS JISSHI_JIGYOU_NM, /*--実施事業所名称*/
	        a.JIGYOU_TEL_NUM AS JISSHI_JIGYOU_TEL_NUM  /*--実施事業所電話番号*/
		FROM
			commondb.K_JIGYOU a
		INNER JOIN
			g6db.R_KEIBI b
		ON
			b.JISSHI_JIGYOU_CD = a.JIGYOU_CD
		WHERE
			b.LN_KEIBI = #{lnKeibi} /*-- LN_警備先論理番号 */
        ]]>
	</select>

</mapper>