<?xml version="1.0" encoding="UTF-8" ?>
<!DOCTYPE mapper
        PUBLIC "-//mybatis.org//DTD Mapper 3.0//EN"
        "http://mybatis.org/dtd/mybatis-3-mapper.dtd">
<mapper namespace="jp.co.alsok.g6.zwu.dao.mapper.com.SZWU4600ComMapper">
	<!-- 返却用 -->
	<resultMap id="resultMap1" type="jp.co.alsok.g6.zwu.entity.g6.SZWU4600Info">
		<id column="LN_ACNT_USER_COMMON" jdbcType="CHAR" property="lnAcntUserCommon" />
		<result column="ACNT_NM" jdbcType="CHAR" property="acntNm" />
		<result column="ROWNUM" jdbcType="CHAR" property="rownum" />
		<result column="ML_ADDR" jdbcType="CHAR" property="mlAddr" />
		<result column="ACNT_USER_KBN" jdbcType="CHAR" property="acntUserKbn" />
		<result column="SYAIN_CD" jdbcType="CHAR" property="syainCd" />
		<result column="BUSYO_NM" jdbcType="CHAR" property="busyoNm" />
		<result column="BUSYO_NM_KANA" jdbcType="CHAR" property="busyoNmKana" />
		<result column="YAKUSYOKU_NM" jdbcType="CHAR" property="yakusyokuNm" />
		<result column="YAKUSYOKU_KANA" jdbcType="CHAR" property="yakusyokuKana" />
		<result column="TEL_NUM_1" jdbcType="CHAR" property="telNum1" />
		<result column="CHECK_STS" jdbcType="CHAR" property="checkSts" />
	</resultMap>
	<resultMap id="resultMap2" type="jp.co.alsok.g6.zwu.entity.g6.SZWU4600Info">
		<result column="JIGYOU_NM" jdbcType="CHAR" property="juchuJigyouNm" />
		<result column="JIGYOU_TEL_NUM" jdbcType="CHAR" property="juchuTelNum" />
	</resultMap>
	<resultMap id="resultMap3" type="jp.co.alsok.g6.zwu.entity.g6.SZWU4600Info">
		<result column="JIGYOU_NM" jdbcType="CHAR" property="jisshiJigyouNm" />
		<result column="JIGYOU_TEL_NUM" jdbcType="CHAR" property="jisshiTelNum" />
	</resultMap>

	<!-- 利用者アカウント共通のロック -->
	<select id="getKAcntUserCommonForUpd" parameterType="java.lang.String" resultType="java.lang.String">
		SELECT
			LN_ACNT_USER_COMMON
		FROM
			K_ACNT_USER_COMMON
		WHERE
			LN_ACNT_USER_COMMON = #{lnAcntUserCommon}
		AND 
			UPDATE_TS = #{updateTs}
	</select>

	<!-- 受注事業所情報の取得 -->
	<select id="getJuchuKJigyouInfo" parameterType="java.lang.String" resultMap="resultMap2">
		SELECT
			kj.JIGYOU_NM,
			kj.JIGYOU_TEL_NUM
		FROM
			K_JIGYOU kj
		INNER JOIN
			g6db.R_KEIBI rk
		ON
			kj.JIGYOU_CD = rk.JUCHU_JIGYOU_CD
		WHERE
			rk.LN_KEIBI = #{lnKeibi}
	</select>

	<!-- 実施事業所情報の取得 -->
	<select id="getJisshiKJigyouInfo" parameterType="java.lang.String" resultMap="resultMap3">
		SELECT
			kj.JIGYOU_NM,
			kj.JIGYOU_TEL_NUM
		FROM
			K_JIGYOU kj
		INNER JOIN
			g6db.R_KEIBI rk
		ON
			kj.JIGYOU_CD = rk.JISSHI_JIGYOU_CD
		WHERE
			rk.LN_KEIBI = #{lnKeibi}
	</select>
	
	<!-- ワークテーブル削除SQL -->
	<delete id="deleteBySessionId" parameterType="java.util.List">
    	DELETE FROM W_SZWU4600
    	WHERE SESSION_ID = #{sessionId,jdbcType=CHAR}
    	<if test="null != rownum and '' != rownum">
    	 	AND ROWNUM = #{rownum,jdbcType=CHAR}
    	</if>
  	</delete>
  	
  	<!-- ワークテーブル登録SQL -->
    <insert id="insertWorkTableByKey" parameterType="java.util.List">
        INSERT INTO W_SZWU4600 
        (
	        SESSION_ID,
	        LN_ACNT_USER_COMMON,
	        ROWNUM,
	        ACNT_NM,
	        ACNT_NM_KANA,
	        ACNT_ID,
	        ACNT_USER_KBN,
	        SYAIN_CD,
	        BUSYO_NM,
	        BUSYO_NM_KANA,
	        YAKUSYOKU_NM,
	        YAKUSYOKU_KANA,
	        TEL_NUM_1
        )
    	VALUES 
        <foreach collection="dataList" item="data" index="index" separator="," >
        	(
              #{sessionId,jdbcType=CHAR}, 
              #{data.lnAcntUserCommon,jdbcType=CHAR}, 
              #{data.rownum,jdbcType=CHAR},
              #{data.acntNm,jdbcType=CHAR},
              #{data.acntNmKana,jdbcType=CHAR},
              #{data.mlAddr,jdbcType=CHAR},
              #{data.acntUserKbn,jdbcType=CHAR},
              #{data.syainCd,jdbcType=CHAR},
              #{data.busyoNm,jdbcType=CHAR},
              #{data.busyoNmKana,jdbcType=CHAR},
              #{data.yakusyokuNm,jdbcType=CHAR},
              #{data.yakusyokuKana,jdbcType=CHAR},
              #{data.telNum1,jdbcType=CHAR}
         	)
        </foreach>
    </insert>
    <!-- 検索結果一覧の取得 -->
	<select id="selectBySessionId" parameterType="java.lang.String" resultMap="resultMap1">
		SELECT
			LN_ACNT_USER_COMMON,
			ROWNUM,
			ACNT_NM,
			ACNT_ID AS ML_ADDR,
			ACNT_USER_KBN,
			SYAIN_CD,
			BUSYO_NM,
			BUSYO_NM_KANA,
			YAKUSYOKU_NM,
			YAKUSYOKU_KANA,
			TEL_NUM_1,
			CHECK_STS
		FROM
			W_SZWU4600 
		WHERE
			SESSION_ID = #{sessionId,jdbcType=CHAR}
		ORDER BY ROWNUM
	</select>
	
	<!-- E)利用者アカウント共通-アカウント連関のロック -->
	<select id="getKacntUserCommonAcntUserLock" parameterType="java.lang.String" resultMap="resultMap1">
		SELECT
		  LN_ACNT_USER_COMMON
		FROM
		  K_ACNT_USER_COMMON_ACNT_USER
		WHERE LN_ACNT_USER_COMMON = #{lnAcntUserCommon}
		LIMIT 1
	</select>
	
	<!--  G)利用者ログイン状態のロック -->
	<select id="getKacntUserLoginStsLock" parameterType="java.lang.String" resultMap="resultMap1">
		SELECT
			LN_ACNT_USER_COMMON
		FROM 
			K_ACNT_USER_LOGIN_STS
		WHERE LN_ACNT_USER_COMMON = #{lnAcntUserCommon}
	</select>
	
	<!-- G)利用者ログイン状態の削除 -->
	<delete id="deleteKacntUserLoginSts" parameterType="java.lang.String">
		DELETE FROM K_ACNT_USER_LOGIN_STS
		WHERE LN_ACNT_USER_COMMON = #{lnAcntUserCommon}
	</delete>
	
	<!-- E)利用者アカウント共通-アカウント連関の削除 -->
	<delete id="deleteKacntUserCommonAcntUser" parameterType="java.lang.String">
		DELETE FROM K_ACNT_USER_COMMON_ACNT_USER
		WHERE LN_ACNT_USER_COMMON = #{lnAcntUserCommon}
	</delete>
	
	<!-- B)利用者メールアドレス検索 -->
	<select id="selectByMlAddr" parameterType="java.lang.String" resultMap="resultMap1">
		SELECT
		  LN_ACNT_USER_COMMON
		FROM
		  K_ACNT_USER_COMMON
		WHERE ML_ADDR = #{mlAddr}
	</select>
</mapper>
