<?xml version="1.0" encoding="UTF-8" ?>
<!DOCTYPE mapper
        PUBLIC "-//mybatis.org//DTD Mapper 3.0//EN"
        "http://mybatis.org/dtd/mybatis-3-mapper.dtd">
<mapper namespace="jp.co.alsok.g6.zwu.dao.mapper.com.SZWU0800ComMapper">
<resultMap id="BaseResultMap" type="jp.co.alsok.g6.zwu.entity.com.SZWU0800Info">
		<id column="lnAcntUserCommon" jdbcType="CHAR" property="lnAcntUserCommon" />
		<id column="ACNT_USER_KBN" jdbcType="CHAR" property="acntUserKbn" />
		<id column="LN_USER_ROLE" jdbcType="CHAR" property="lnUserRole" />
</resultMap>
 	<!-- ログアウト更新 -->
	<update id="updateAcntUser" parameterType="java.util.HashMap">
		UPDATE K_ACNT_USER_LOGIN_STS
		<set>
			LAST_LOGOUT_TS = #{LAST_LOGIN_TS}
			,FLG_LOGIN_STS=#{FLG_LOGIN_STS}
			,UPDATE_ID = #{UPDATE_ID}
			,UPDATE_NM = #{UPDATE_NM}
			,UPDATE_TS = #{UPDATE_TS}
		</set>
		where LN_ACNT_USER_COMMON = #{LN_ACNT_USER_COMMON};
	</update>
	
	<!--  利用者アカウント情報の取得. -->
	<select id="selectAcntUserInfo" resultMap="BaseResultMap">
		SELECT
			ACNT_USER_KBN,
			LN_USER_ROLE
		FROM K_ACNT_USER_COMMON  KAUC
			LEFT JOIN g6db.A_ACNT_USER_ROLE AAUR
			ON KAUC.LN_ACNT_USER_COMMON = AAUR.LN_ACNT_USER_COMMON
		WHERE KAUC.LN_ACNT_USER_COMMON = #{lnAcntUserCommon}
	</select>
</mapper>