<?xml version="1.0" encoding="UTF-8"?>
<metadata modelVersion="1.1.0">
  <groupId>jp.co.nec.aim.license.helper</groupId>
  <artifactId>license-helper</artifactId>
  <version>5.0.0-SNAPSHOT</version>
  <versioning>
    <snapshot>
      <timestamp>20160929.061229</timestamp>
      <buildNumber>4</buildNumber>
    </snapshot>
    <lastUpdated>20160929061229</lastUpdated>
    <snapshotVersions>
      <snapshotVersion>
        <extension>jar</extension>
        <value>5.0.0-20160929.061229-4</value>
        <updated>20160929061229</updated>
      </snapshotVersion>
      <snapshotVersion>
        <extension>pom</extension>
        <value>5.0.0-20160929.061229-4</value>
        <updated>20160929061229</updated>
      </snapshotVersion>
    </snapshotVersions>
  </versioning>
</metadata>
