<?xml version="1.0" encoding="UTF-8"?>
<beans xmlns="http://www.springframework.org/schema/beans"
       xmlns:xsi="http://www.w3.org/2001/XMLSchema-instance"
       xsi:schemaLocation="http://www.springframework.org/schema/beans http://www.springframework.org/schema/beans/spring-beans.xsd">
       
	<bean id="loggerLevelConfig" 
		class="com.nec.biomatcher.core.framework.common.LoggerLevelConfig" lazy-init="false">
		<property name = "logCategoryMap" >
			<map>
				<entry key="org.hibernate" value="WARN" />
				<entry key="org.hibernate.transaction" value="WARN" />
				<entry key="org.hibernate.type" value="WARN" />
				<entry key="org.hibernate.event.def.AbstractFlushingEventListener" value="WARN" />
				<entry key="httpclient.wire.header" value="WARN" />
				<entry key="httpclient.wire.content" value="WARN" />
				<entry key="org.apache.commons.httpclient" value="WARN" />
				<entry key="org.springframework" value="WARN" />
			</map>
		</property>
    </bean>  

    
</beans>
