<?xml version="1.0" encoding="UTF-8"?>
<beans xmlns="http://www.springframework.org/schema/beans"
       xmlns:xsi="http://www.w3.org/2001/XMLSchema-instance"
       xsi:schemaLocation="http://www.springframework.org/schema/beans http://www.springframework.org/schema/beans/spring-beans.xsd">
       
	<bean id="metricsDataReporter" 
		class="com.nec.biomatcher.comp.metrics.MetricsDataReporter" lazy-init="false">
		<property name = "bioParameterService" ref="bioParameterService"/>
		<property name = "bioMatcherConfigService" ref="bioMatcherConfigService"/>
		<property name = "metricsFileStorage" ref="metricsFileStorage"/>
    </bean>  
    
    <bean id="metricsFileStorage" 
		class="com.nec.biomatcher.comp.metrics.MetricsFileStorage" lazy-init="false">
		<property name = "bioParameterService" ref="bioParameterService"/>
    </bean>  

    
</beans>

