<?xml version="1.0" encoding="UTF-8"?>
<beans xmlns="http://www.springframework.org/schema/beans"
       xmlns:xsi="http://www.w3.org/2001/XMLSchema-instance"
       xsi:schemaLocation="http://www.springframework.org/schema/beans http://www.springframework.org/schema/beans/spring-beans.xsd">


    <import resource="classpath:/com/nec/biomatcher/resources/spring/spring-logging.xml"/>
    <import resource="classpath:/com/nec/biomatcher/resources/spring/spring-properties.xml"/>
    <import resource="classpath:/com/nec/biomatcher/resources/spring/spring-hibernate.xml"/>
    <import resource="classpath:/com/nec/biomatcher/resources/spring/spring-persistent.xml"/>
    <import resource="classpath:/com/nec/biomatcher/resources/spring/spring-service.xml"/>
    <import resource="classpath:/com/nec/biomatcher/resources/spring/spring-cache.xml"/>
    <import resource="classpath:/com/nec/biomatcher/resources/spring/spring-metrics.xml"/>
    <import resource="classpath:/com/nec/biomatcher/resources/spring/spring-self-assignment.xml"/>
    
	<import resource="classpath:/com/nec/biomatcher/comp/resources/spring/services/spring-service-locking.xml"/>
    <import resource="classpath:/com/nec/biomatcher/comp/resources/spring/services/spring-service-parameter.xml"/>
   <!-- <import resource="classpath:/com/nec/biomatcher/comp/resources/spring/services/spring-service-messagelog.xml"/>-->
    <import resource="classpath:/com/nec/biomatcher/comp/resources/spring/services/spring-service-sequences.xml"/>
    <import resource="classpath:/com/nec/biomatcher/comp/resources/spring/services/spring-service-template-storage.xml"/>
    <import resource="classpath:/com/nec/biomatcher/comp/resources/spring/services/spring-service-biomatcher-config.xml"/>
    <import resource="classpath:/com/nec/biomatcher/comp/resources/spring/services/spring-service-biomatcher-manager.xml"/>
    <import resource="classpath:/com/nec/biomatcher/comp/resources/spring/services/spring-service-biometric-event.xml"/>
    <import resource="classpath:/com/nec/biomatcher/comp/resources/spring/services/spring-service-lobstream.xml"/>
    <import resource="classpath:/com/nec/biomatcher/comp/resources/spring/services/spring-service-admin.xml"/>
    <import resource="classpath:/com/nec/biomatcher/comp/resources/spring/services/spring-service-biomatcher-node.xml"/>    
    <import resource="classpath:/com/nec/biomatcher/comp/resources/spring/services/spring-sync-seg-complete-service-dao.xml"/>
    
    <import resource="classpath:/com/nec/biomatcher/verifier/resources/spring/services/spring-service-verifier.xml"/>
    
    <import resource="classpath:/com/nec/biomatcher/extractor/resources/spring/services/spring-service-extractor.xml"/>
    
    <import resource="classpath:/com/nec/biomatcher/template/validator/resources/spring/services/spring-service-template-validator.xml"/>
    
    <import resource="classpath:/com/nec/biomatcher/identifier/resources/spring/services/spring-service-identifier.xml"/>

 </beans>