<?xml version="1.0" encoding="UTF-8"?>
<beans xmlns="http://www.springframework.org/schema/beans"
       xmlns:xsi="http://www.w3.org/2001/XMLSchema-instance"
       xsi:schemaLocation="http://www.springframework.org/schema/beans http://www.springframework.org/schema/beans/spring-beans.xsd">

    <bean id="propertiesLocationFactory" class="com.nec.biomatcher.core.framework.common.ScopedPropertyFileLoader">
        <property name="fallbackToDefault" value="true"/>
        <property name="scopedValueListMap">
            <map>
            	<entry key="common">
                    <list>
						<value>classpath:/com/nec/biomatcher/resources/properties/application.properties</value>
                    </list>
                </entry>
                <entry key="default">
                    <list>
						<value>classpath:/com/nec/biomatcher/resources/properties/jdbc.properties</value>
                    </list>
                </entry>
                <entry key="PRODUCTION">
                    <list>
						<value>classpath:/com/nec/biomatcher/resources/properties/PROD/jdbc.properties</value>
                    </list>
                </entry>
            </map>
        </property>
    </bean>

    <bean id="propertyConfigurer"
          class="org.springframework.beans.factory.config.PropertyPlaceholderConfigurer">
        <property name="ignoreResourceNotFound">
            <value>true</value>
        </property>
        <property name="systemPropertiesModeName">
            <value>SYSTEM_PROPERTIES_MODE_OVERRIDE</value>
        </property>
        <property name="locations">
            <bean factory-bean="propertiesLocationFactory" factory-method="getValueList"/>
        </property>
    </bean>

    <bean id="applicationBuildInfo"
          class="com.nec.biomatcher.core.framework.common.ApplicationBuildInfo">
        <property name="buildVersion" value="${build.version}"/>
        <property name="buildDateTime" value="${build.date}"/>
    </bean>

</beans>