<?xml version="1.0" encoding="UTF-8"?>
<metadata modelVersion="1.1.0">
  <groupId>jp.co.nec.aim.helper</groupId>
  <artifactId>helper</artifactId>
  <version>aim5.0-SNAPSHOT</version>
  <versioning>
    <snapshot>
      <timestamp>20150312.061040</timestamp>
      <buildNumber>2</buildNumber>
    </snapshot>
    <lastUpdated>20150312061040</lastUpdated>
    <snapshotVersions>
      <snapshotVersion>
        <extension>jar</extension>
        <value>aim5.0-20150312.061040-2</value>
        <updated>20150312061040</updated>
      </snapshotVersion>
      <snapshotVersion>
        <extension>pom</extension>
        <value>aim5.0-20150312.061040-2</value>
        <updated>20150312061040</updated>
      </snapshotVersion>
      <snapshotVersion>
        <classifier>sources</classifier>
        <extension>jar</extension>
        <value>aim5.0-20150312.061040-2</value>
        <updated>20150312061040</updated>
      </snapshotVersion>
    </snapshotVersions>
  </versioning>
</metadata>
