<?xml version="1.0" encoding="UTF-8" standalone="yes"?>
<verifyJobResultDto>
    <jobId>verifyjob1</jobId>
    <candidateResultList>
        <candidateId>CandidateId1538635302382</candidateId>
        <fusionScore>999.0</fusionScore>
        <modalScoreList>
            <compositeScore>999.0</compositeScore>
            <modal>FINGER</modal>
            <rawScoreList>
                <score>999</score>
                <algorithmType>FINGER_LFML</algorithmType>
                <probePosition>ROLL_LINDEX</probePosition>
                <position>ROLL_LINDEX</position>
                <probeMinutiaDataIndex>0</probeMinutiaDataIndex>
                <targetMinutiaDataIndex>0</targetMinutiaDataIndex>
                <quality>10</quality>
                <probeMatchedAreaCenter x="100" y="100"/>
                <targetMatchedAreaCenter x="200" y="200"/>
                <minutiaPairList probeMinutiaNumber="47" targetMinutiaNumber="48" similitude="34" probeDirection="2" probeX="109" probeY="116" targetDirection="2" targetX="67" targetY="21"/>
                <minutiaPairList probeMinutiaNumber="20" targetMinutiaNumber="40" similitude="19" probeDirection="2" probeX="215" probeY="150" targetDirection="2" targetX="105" targetY="170"/>
                <minutiaPairList probeMinutiaNumber="32" targetMinutiaNumber="7" similitude="94" probeDirection="2" probeX="79" probeY="30" targetDirection="2" targetX="192" targetY="190"/>
                <minutiaPairList probeMinutiaNumber="27" targetMinutiaNumber="64" similitude="28" probeDirection="2" probeX="136" probeY="116" targetDirection="2" targetX="113" targetY="109"/>
                <minutiaPairList probeMinutiaNumber="31" targetMinutiaNumber="1" similitude="58" probeDirection="2" probeX="128" probeY="165" targetDirection="2" targetX="178" targetY="213"/>
                <minutiaPairList probeMinutiaNumber="56" targetMinutiaNumber="10" similitude="78" probeDirection="2" probeX="99" probeY="206" targetDirection="2" targetX="144" targetY="37"/>
                <minutiaPairList probeMinutiaNumber="19" targetMinutiaNumber="38" similitude="9" probeDirection="2" probeX="171" probeY="94" targetDirection="2" targetX="72" targetY="183"/>
                <minutiaPairList probeMinutiaNumber="15" targetMinutiaNumber="10" similitude="4" probeDirection="2" probeX="144" probeY="5" targetDirection="2" targetX="20" targetY="138"/>
                <minutiaPairList probeMinutiaNumber="29" targetMinutiaNumber="28" similitude="59" probeDirection="2" probeX="137" probeY="203" targetDirection="2" targetX="34" targetY="159"/>
                <minutiaPairList probeMinutiaNumber="45" targetMinutiaNumber="18" similitude="48" probeDirection="2" probeX="158" probeY="22" targetDirection="2" targetX="152" targetY="192"/>
                <minutiaPairList probeMinutiaNumber="39" targetMinutiaNumber="41" similitude="80" probeDirection="2" probeX="192" probeY="57" targetDirection="2" targetX="132" targetY="85"/>
                <minutiaPairList probeMinutiaNumber="34" targetMinutiaNumber="44" similitude="7" probeDirection="2" probeX="71" probeY="119" targetDirection="2" targetX="39" targetY="162"/>
                <minutiaPairList probeMinutiaNumber="23" targetMinutiaNumber="18" similitude="14" probeDirection="2" probeX="97" probeY="82" targetDirection="2" targetX="183" targetY="75"/>
                <minutiaPairList probeMinutiaNumber="44" targetMinutiaNumber="2" similitude="57" probeDirection="2" probeX="60" probeY="132" targetDirection="2" targetX="12" targetY="115"/>
                <minutiaPairList probeMinutiaNumber="8" targetMinutiaNumber="14" similitude="18" probeDirection="2" probeX="152" probeY="58" targetDirection="2" targetX="96" targetY="106"/>
                <minutiaPairList probeMinutiaNumber="3" targetMinutiaNumber="59" similitude="62" probeDirection="2" probeX="189" probeY="49" targetDirection="2" targetX="185" targetY="23"/>
                <minutiaPairList probeMinutiaNumber="15" targetMinutiaNumber="47" similitude="26" probeDirection="2" probeX="157" probeY="103" targetDirection="2" targetX="42" targetY="75"/>
                <minutiaPairList probeMinutiaNumber="28" targetMinutiaNumber="41" similitude="83" probeDirection="2" probeX="14" probeY="73" targetDirection="2" targetX="93" targetY="167"/>
                <minutiaPairList probeMinutiaNumber="39" targetMinutiaNumber="34" similitude="28" probeDirection="2" probeX="93" probeY="193" targetDirection="2" targetX="121" targetY="186"/>
                <minutiaPairList probeMinutiaNumber="29" targetMinutiaNumber="56" similitude="99" probeDirection="2" probeX="214" probeY="60" targetDirection="2" targetX="152" targetY="64"/>
                <minutiaPairList probeMinutiaNumber="61" targetMinutiaNumber="54" similitude="40" probeDirection="2" probeX="155" probeY="172" targetDirection="2" targetX="152" targetY="178"/>
                <minutiaPairList probeMinutiaNumber="19" targetMinutiaNumber="40" similitude="34" probeDirection="2" probeX="28" probeY="122" targetDirection="2" targetX="188" targetY="71"/>
                <minutiaPairList probeMinutiaNumber="42" targetMinutiaNumber="53" similitude="7" probeDirection="2" probeX="100" probeY="79" targetDirection="2" targetX="161" targetY="176"/>
                <minutiaPairList probeMinutiaNumber="60" targetMinutiaNumber="9" similitude="4" probeDirection="2" probeX="76" probeY="70" targetDirection="2" targetX="92" targetY="72"/>
                <minutiaPairList probeMinutiaNumber="44" targetMinutiaNumber="41" similitude="29" probeDirection="2" probeX="125" probeY="96" targetDirection="2" targetX="143" targetY="84"/>
                <minutiaPairList probeMinutiaNumber="45" targetMinutiaNumber="54" similitude="30" probeDirection="2" probeX="32" probeY="51" targetDirection="2" targetX="141" targetY="210"/>
                <minutiaPairList probeMinutiaNumber="60" targetMinutiaNumber="31" similitude="84" probeDirection="2" probeX="26" probeY="52" targetDirection="2" targetX="168" targetY="66"/>
                <minutiaPairList probeMinutiaNumber="41" targetMinutiaNumber="20" similitude="92" probeDirection="2" probeX="97" probeY="176" targetDirection="2" targetX="70" targetY="14"/>
                <minutiaPairList probeMinutiaNumber="9" targetMinutiaNumber="17" similitude="53" probeDirection="2" probeX="176" probeY="132" targetDirection="2" targetX="206" targetY="68"/>
                <minutiaPairList probeMinutiaNumber="41" targetMinutiaNumber="46" similitude="32" probeDirection="2" probeX="132" probeY="216" targetDirection="2" targetX="166" targetY="43"/>
            </rawScoreList>
            <rawScoreList>
                <score>999</score>
                <algorithmType>FINGER_LFML</algorithmType>
                <probePosition>ROLL_LINDEX</probePosition>
                <position>ROLL_LINDEX</position>
                <probeMinutiaDataIndex>0</probeMinutiaDataIndex>
                <targetMinutiaDataIndex>0</targetMinutiaDataIndex>
                <quality>10</quality>
                <probeMatchedAreaCenter x="100" y="100"/>
                <targetMatchedAreaCenter x="200" y="200"/>
                <minutiaPairList probeMinutiaNumber="47" targetMinutiaNumber="48" similitude="34" probeDirection="2" probeX="109" probeY="116" targetDirection="2" targetX="67" targetY="21"/>
                <minutiaPairList probeMinutiaNumber="20" targetMinutiaNumber="40" similitude="19" probeDirection="2" probeX="215" probeY="150" targetDirection="2" targetX="105" targetY="170"/>
                <minutiaPairList probeMinutiaNumber="32" targetMinutiaNumber="7" similitude="94" probeDirection="2" probeX="79" probeY="30" targetDirection="2" targetX="192" targetY="190"/>
                <minutiaPairList probeMinutiaNumber="27" targetMinutiaNumber="64" similitude="28" probeDirection="2" probeX="136" probeY="116" targetDirection="2" targetX="113" targetY="109"/>
                <minutiaPairList probeMinutiaNumber="31" targetMinutiaNumber="1" similitude="58" probeDirection="2" probeX="128" probeY="165" targetDirection="2" targetX="178" targetY="213"/>
                <minutiaPairList probeMinutiaNumber="56" targetMinutiaNumber="10" similitude="78" probeDirection="2" probeX="99" probeY="206" targetDirection="2" targetX="144" targetY="37"/>
                <minutiaPairList probeMinutiaNumber="19" targetMinutiaNumber="38" similitude="9" probeDirection="2" probeX="171" probeY="94" targetDirection="2" targetX="72" targetY="183"/>
                <minutiaPairList probeMinutiaNumber="15" targetMinutiaNumber="10" similitude="4" probeDirection="2" probeX="144" probeY="5" targetDirection="2" targetX="20" targetY="138"/>
                <minutiaPairList probeMinutiaNumber="29" targetMinutiaNumber="28" similitude="59" probeDirection="2" probeX="137" probeY="203" targetDirection="2" targetX="34" targetY="159"/>
                <minutiaPairList probeMinutiaNumber="45" targetMinutiaNumber="18" similitude="48" probeDirection="2" probeX="158" probeY="22" targetDirection="2" targetX="152" targetY="192"/>
                <minutiaPairList probeMinutiaNumber="39" targetMinutiaNumber="41" similitude="80" probeDirection="2" probeX="192" probeY="57" targetDirection="2" targetX="132" targetY="85"/>
                <minutiaPairList probeMinutiaNumber="34" targetMinutiaNumber="44" similitude="7" probeDirection="2" probeX="71" probeY="119" targetDirection="2" targetX="39" targetY="162"/>
                <minutiaPairList probeMinutiaNumber="23" targetMinutiaNumber="18" similitude="14" probeDirection="2" probeX="97" probeY="82" targetDirection="2" targetX="183" targetY="75"/>
                <minutiaPairList probeMinutiaNumber="44" targetMinutiaNumber="2" similitude="57" probeDirection="2" probeX="60" probeY="132" targetDirection="2" targetX="12" targetY="115"/>
                <minutiaPairList probeMinutiaNumber="8" targetMinutiaNumber="14" similitude="18" probeDirection="2" probeX="152" probeY="58" targetDirection="2" targetX="96" targetY="106"/>
                <minutiaPairList probeMinutiaNumber="3" targetMinutiaNumber="59" similitude="62" probeDirection="2" probeX="189" probeY="49" targetDirection="2" targetX="185" targetY="23"/>
                <minutiaPairList probeMinutiaNumber="15" targetMinutiaNumber="47" similitude="26" probeDirection="2" probeX="157" probeY="103" targetDirection="2" targetX="42" targetY="75"/>
                <minutiaPairList probeMinutiaNumber="28" targetMinutiaNumber="41" similitude="83" probeDirection="2" probeX="14" probeY="73" targetDirection="2" targetX="93" targetY="167"/>
                <minutiaPairList probeMinutiaNumber="39" targetMinutiaNumber="34" similitude="28" probeDirection="2" probeX="93" probeY="193" targetDirection="2" targetX="121" targetY="186"/>
                <minutiaPairList probeMinutiaNumber="29" targetMinutiaNumber="56" similitude="99" probeDirection="2" probeX="214" probeY="60" targetDirection="2" targetX="152" targetY="64"/>
                <minutiaPairList probeMinutiaNumber="61" targetMinutiaNumber="54" similitude="40" probeDirection="2" probeX="155" probeY="172" targetDirection="2" targetX="152" targetY="178"/>
                <minutiaPairList probeMinutiaNumber="19" targetMinutiaNumber="40" similitude="34" probeDirection="2" probeX="28" probeY="122" targetDirection="2" targetX="188" targetY="71"/>
                <minutiaPairList probeMinutiaNumber="42" targetMinutiaNumber="53" similitude="7" probeDirection="2" probeX="100" probeY="79" targetDirection="2" targetX="161" targetY="176"/>
                <minutiaPairList probeMinutiaNumber="60" targetMinutiaNumber="9" similitude="4" probeDirection="2" probeX="76" probeY="70" targetDirection="2" targetX="92" targetY="72"/>
                <minutiaPairList probeMinutiaNumber="44" targetMinutiaNumber="41" similitude="29" probeDirection="2" probeX="125" probeY="96" targetDirection="2" targetX="143" targetY="84"/>
                <minutiaPairList probeMinutiaNumber="45" targetMinutiaNumber="54" similitude="30" probeDirection="2" probeX="32" probeY="51" targetDirection="2" targetX="141" targetY="210"/>
                <minutiaPairList probeMinutiaNumber="60" targetMinutiaNumber="31" similitude="84" probeDirection="2" probeX="26" probeY="52" targetDirection="2" targetX="168" targetY="66"/>
                <minutiaPairList probeMinutiaNumber="41" targetMinutiaNumber="20" similitude="92" probeDirection="2" probeX="97" probeY="176" targetDirection="2" targetX="70" targetY="14"/>
                <minutiaPairList probeMinutiaNumber="9" targetMinutiaNumber="17" similitude="53" probeDirection="2" probeX="176" probeY="132" targetDirection="2" targetX="206" targetY="68"/>
                <minutiaPairList probeMinutiaNumber="41" targetMinutiaNumber="46" similitude="32" probeDirection="2" probeX="132" probeY="216" targetDirection="2" targetX="166" targetY="43"/>
            </rawScoreList>
        </modalScoreList>
        <success>false</success>
    </candidateResultList>
    <featureData algorithmType="FINGER_LFML">
        <minutiaDataList index="0">
            <minutia algorithmType="FINGER_CML">
                <data>TWludXRpYURhdGFGb3JUZXN0</data>
            </minutia>
        </minutiaDataList>
        <minutiaDataList index="1">
            <minutia algorithmType="FINGER_CML">
                <data>TWludXRpYURhdGFGb3JUZXN0</data>
            </minutia>
        </minutiaDataList>
        <minutiaDataList index="2">
            <minutia algorithmType="FINGER_CML">
                <data>TWludXRpYURhdGFGb3JUZXN0</data>
            </minutia>
        </minutiaDataList>
        <data>RmVhdHVyZURhdGFGb3JUZXN0</data>
    </featureData>
</verifyJobResultDto>
