<?xml version="1.0"?>
<!DOCTYPE hibernate-mapping PUBLIC "-//Hibernate/Hibernate Mapping DTD 3.0//EN"
	"http://www.hibernate.org/dtd/hibernate-mapping-3.0.dtd">
	
<hibernate-mapping package="com.nec.biomatcher.comp.common.locking.dataAccess">
	<class name="BioLockInfo" table="BIO_LOCK_INFO">
		<id name="lockKey" type="java.lang.String" column="LOCK_KEY">
			<generator class="assigned" />
		</id>
		<property name="lockHost" type="java.lang.String" column="LOCK_HOST" not-null="true">
		</property>
		<property name="lockAcquireMilli" type="java.lang.Long"  column="LOCK_ACQUIRE_MILLI">
		</property>
		<property name="lockTimeoutMilli" type="java.lang.Long" column="LOCK_TIMEOUT_MILLI">
		</property>
	</class>
</hibernate-mapping>
