<?xml version="1.0"?>
<!DOCTYPE hibernate-mapping PUBLIC "-//Hibernate/Hibernate Mapping DTD 3.0//EN"
	"http://www.hibernate.org/dtd/hibernate-mapping-3.0.dtd">
<hibernate-mapping package="com.nec.biomatcher.comp.entities.dataAccess">
	<class name="BioMatcherNodeSegmentInfo" table="BIO_MATCHER_NODE_SEGMENT_INFO">
		<composite-id>
			<key-property name="matcherNodeId" column="MATCHER_NODE_ID"
				type="java.lang.String">
			</key-property>
			<key-property name="segmentId" column="SEGMENT_ID"
				type="java.lang.Integer">
			</key-property>
		</composite-id>		
		<property name="assignedFlag" type="yes_no" column="ASSIGNED_FLAG" not-null="true"/>
		<property name="segmentVersion" type="java.lang.Long" column="SEGMENT_VERSION" not-null="true" />
		<property name="updateDateTime" type="java.util.Date" column="UPDATE_DATETIME" not-null="true" />
	</class>
</hibernate-mapping>
