<?xml version="1.0"?>
<!DOCTYPE hibernate-mapping PUBLIC "-//Hibernate/Hibernate Mapping DTD 3.0//EN"
	"http://www.hibernate.org/dtd/hibernate-mapping-3.0.dtd">

<hibernate-mapping package="com.nec.biomatcher.comp.entities.dataAccess">
	<class name="BioMatcherBinInfo" table="BIO_MATCHER_BIN_INFO">
		<id name="binId" type="java.lang.Integer" column="BIN_ID">
			<generator class="assigned" />
		</id>
		<property name="templateType" column="TEMPLATE_TYPE" not-null="true" type="java.lang.String">
			
			<!-- type name="org.hibernate.type.EnumType">
	        	<param name="enumClass">com.nec.biomatcher.spec.transfer.model.TemplateType</param>
	        	<param name="useNamed">true</param>
	    	</type -->
		</property>
		<property name="dataPriority" type="java.lang.Integer" column="DATA_PRIORITY" not-null="true" />
	</class>
</hibernate-mapping>
