<?xml version="1.0"?>
<!DOCTYPE hibernate-mapping PUBLIC "-//Hibernate/Hibernate Mapping DTD 3.0//EN"
	"http://www.hibernate.org/dtd/hibernate-mapping-3.0.dtd">

<hibernate-mapping package="com.nec.biomatcher.comp.entities.dataAccess">
	<class name="BioServerInfo" table="BIO_SERVER_INFO">
		<id name="serverId" type="java.lang.String" column="SERVER_ID">
			<generator class="assigned" />
		</id>
		
		<property name="serverHost" type="java.lang.String" column="SERVER_HOSTNAME" not-null="true" />
		
		<property name="serverType" column="SERVER_TYPE" not-null="true">
			<type name="org.hibernate.type.EnumType">
	        	<param name="enumClass">com.nec.biomatcher.comp.entities.dataAccess.types.BioServerType</param>
	        	<param name="useNamed">true</param>
	    	</type>
		</property>
		<property name="serverState" column="SERVER_STATE" not-null="true">
			<type name="org.hibernate.type.EnumType">
	        	<param name="enumClass">com.nec.biomatcher.comp.entities.dataAccess.types.BioServerState</param>
	        	<param name="useNamed">true</param>
	    	</type>
		</property>
		<property name="componentType" column="COMPONENT_TYPE" not-null="true">
			<type name="org.hibernate.type.EnumType">
	        	<param name="enumClass">com.nec.biomatcher.comp.entities.dataAccess.types.BioComponentType</param>
	        	<param name="useNamed">true</param>
	    	</type>
		</property>
		<property name="serverGroupId" type="java.lang.String" column="SERVER_GROUP_ID" not-null="false" />
		<property name="subSystemGroupId" type="java.lang.String" column="SUB_SYSTEM_GROUP_ID" not-null="false" />
		<property name="maxJobCount" type="java.lang.Integer" column="MAX_JOB_COUNT" not-null="true" />
		
		<property name="serverProperties" column="SERVER_PROPERTIES" not-null="false" >
			<type name="com.nec.biomatcher.core.framework.dataAccess.types.StringMapUserType" />
		</property>		
		
		<property name="createDateTime" type="java.util.Date" column="CREATE_DATETIME" not-null="true"/>
		<property name="updateDateTime" type="java.util.Date" column="UPDATE_DATETIME" not-null="false"/>
	</class>
</hibernate-mapping>
