<?xml version="1.0"?>
<!DOCTYPE hibernate-mapping PUBLIC "-//Hibernate/Hibernate Mapping DTD 3.0//EN"
	"http://www.hibernate.org/dtd/hibernate-mapping-3.0.dtd">

<hibernate-mapping package="com.nec.biomatcher.comp.entities.dataAccess">
	<class name="BioServerConnectionInfo" table="BIO_SERVER_CONNECTION_INFO">
		<composite-id>
			<key-property name="serverId" column="SERVER_ID"
				type="java.lang.String">
			</key-property>
			<key-property name="componentType" column="COMPONENT_TYPE">
				<type name="org.hibernate.type.EnumType">
		        	<param name="enumClass">com.nec.biomatcher.comp.entities.dataAccess.types.BioComponentType</param>
		        	<param name="useNamed">true</param>
		    	</type>
			</key-property>
			<key-property name="connectionType" column="CONNECTION_TYPE">
				<type name="org.hibernate.type.EnumType">
		        	<param name="enumClass">com.nec.biomatcher.comp.entities.dataAccess.types.BioConnectionType</param>
		        	<param name="useNamed">true</param>
		    	</type>
			</key-property>
		</composite-id>		
		
		<property name="protocolType" column="PROTOCOL_TYPE" not-null="true">
			<type name="org.hibernate.type.EnumType">
	        	<param name="enumClass">com.nec.biomatcher.comp.entities.dataAccess.types.BioProtocolType</param>
	        	<param name="useNamed">true</param>
	    	</type>
		</property>
						
		<property name="connectionUrl" type="java.lang.String" column="CONNECTION_URL" not-null="true" />
		
		<property name="connectionProperties" column="CONNECTION_PROPERTIES" not-null="false" >
			<type name="com.nec.biomatcher.core.framework.dataAccess.types.StringMapUserType" />
		</property>

	</class>
</hibernate-mapping>
