<?xml version="1.0"?>
<!DOCTYPE hibernate-mapping PUBLIC "-//Hibernate/Hibernate Mapping DTD 3.0//EN"
	"http://www.hibernate.org/dtd/hibernate-mapping-3.0.dtd">

<hibernate-mapping package="com.nec.biomatcher.comp.entities.dataAccess">
	<class name="BioServerGroupInfo" table="BIO_SERVER_GROUP_INFO">
		<id name="groupId" type="java.lang.String" column="GROUP_ID">
			<generator class="assigned" />
		</id>

		<property name="componentType" column="COMPONENT_TYPE" not-null="true">
			<type name="org.hibernate.type.EnumType">
	        	<param name="enumClass">com.nec.biomatcher.comp.entities.dataAccess.types.BioComponentType</param>
	        	<param name="useNamed">true</param>
	    	</type>
		</property>
				
		<property name="description" type="java.lang.String" column="DESCRIPTION" not-null="false" />

	</class>
</hibernate-mapping>
