<?xml version="1.0" encoding="UTF-8" standalone="no"?>
<!-- Generated 2018/06/23 21:44:10 by Hibernate Tools 5.2.10.Final --><!DOCTYPE hibernate-mapping PUBLIC "-//Hibernate/Hibernate Mapping DTD 3.0//EN" "http://www.hibernate.org/dtd/hibernate-mapping-3.0.dtd">
<hibernate-mapping auto-import="true" default-access="property" default-cascade="none" default-lazy="true">
    <class dynamic-insert="false" dynamic-update="false" mutable="true" name="com.xia.entity.BioEventInfo" optimistic-lock="version" polymorphism="implicit" schema="public" select-before-update="false" table="bio_event_info">
        <id name="biometricId" type="long">
            <column name="biometric_id"/>
            <generator class="assigned"/>
        </id>
        <many-to-one class="com.xia.entity.BioMatcherBinInfo" embed-xml="true" fetch="select" insert="true" name="bioMatcherBinInfo" not-found="exception" optimistic-lock="true" unique="false" update="true">
            <column name="bin_id" not-null="true"/>
        </many-to-one>
        <many-to-one class="com.xia.entity.BioMatcherSegmentInfo" embed-xml="true" fetch="select" insert="true" name="bioMatcherSegmentInfo" not-found="exception" optimistic-lock="true" unique="false" update="true">
            <column name="assigned_segment_id"/>
        </many-to-one>
        <property generated="never" lazy="false" name="externalId" optimistic-lock="true" type="string" unique="false">
            <column length="36" name="external_id" not-null="true"/>
        </property>
        <property generated="never" lazy="false" name="eventId" optimistic-lock="true" type="string" unique="false">
            <column length="36" name="event_id"/>
        </property>
        <property generated="never" lazy="false" name="status" optimistic-lock="true" type="string" unique="false">
            <column length="15" name="status" not-null="true"/>
        </property>
        <property generated="never" lazy="false" name="phase" optimistic-lock="true" type="string" unique="false">
            <column length="15" name="phase" not-null="true"/>
        </property>
        <property generated="never" lazy="false" name="createDatetime" optimistic-lock="true" type="timestamp" unique="false">
            <column length="29" name="create_datetime" not-null="true"/>
        </property>
        <property generated="never" lazy="false" name="updateDatetime" optimistic-lock="true" type="timestamp" unique="false">
            <column length="29" name="update_datetime"/>
        </property>
        <property generated="never" lazy="false" name="templateDataKey" optimistic-lock="true" type="string" unique="false">
            <column length="60" name="template_data_key"/>
        </property>
        <property generated="never" lazy="false" name="templateSize" optimistic-lock="true" type="java.lang.Integer" unique="false">
            <column name="template_size"/>
        </property>
        <property generated="never" lazy="false" name="dataVersion" optimistic-lock="true" type="java.lang.Long" unique="false">
            <column name="data_version"/>
        </property>
        <property generated="never" lazy="false" name="segmentSyncDatetime" optimistic-lock="true" type="timestamp" unique="false">
            <column length="29" name="segment_sync_datetime"/>
        </property>
        <property generated="never" lazy="false" name="siteId" optimistic-lock="true" type="string" unique="false">
            <column length="36" name="site_id"/>
        </property>
        <property generated="never" lazy="false" name="errorDatetime" optimistic-lock="true" type="timestamp" unique="false">
            <column length="29" name="error_datetime"/>
        </property>
    </class>
</hibernate-mapping>
