<?xml version="1.0" encoding="UTF-8" standalone="no"?>
<!-- Generated 2018/06/23 21:44:10 by Hibernate Tools 5.2.10.Final --><!DOCTYPE hibernate-mapping PUBLIC "-//Hibernate/Hibernate Mapping DTD 3.0//EN" "http://www.hibernate.org/dtd/hibernate-mapping-3.0.dtd">
<hibernate-mapping auto-import="true" default-access="property" default-cascade="none" default-lazy="true">
    <class dynamic-insert="false" dynamic-update="false" mutable="true" name="com.xia.entity.BioIdentifierDetailInfo" optimistic-lock="version" polymorphism="implicit" schema="public" select-before-update="false" table="bio_identifier_detail_info">
        <id name="biometricId" type="long">
            <column name="biometric_id"/>
            <generator class="assigned"/>
        </id>
        <many-to-one class="com.xia.entity.BioIdentifierInfo" embed-xml="true" fetch="select" insert="true" name="bioIdentifierInfo" not-found="exception" optimistic-lock="true" unique="false" update="true">
            <column name="segment_id" not-null="true"/>
        </many-to-one>
        <many-to-one class="com.xia.entity.BioMatcherBinInfo" embed-xml="true" fetch="select" insert="true" name="bioMatcherBinInfo" not-found="exception" optimistic-lock="true" unique="false" update="true">
            <column name="bin_id" not-null="true"/>
        </many-to-one>
        <property generated="never" lazy="false" name="reuseFlag" optimistic-lock="true" type="string" unique="false">
            <column length="1" name="reuse_flag" not-null="true"/>
        </property>
        <property generated="never" lazy="false" name="acquiredHost" optimistic-lock="true" type="string" unique="false">
            <column length="128" name="acquired_host"/>
        </property>
        <property generated="never" lazy="false" name="acquiredDatetime" optimistic-lock="true" type="timestamp" unique="false">
            <column length="29" name="acquired_datetime"/>
        </property>
    </class>
</hibernate-mapping>
