<?xml version="1.0" encoding="UTF-8" standalone="no"?>
<!-- Generated 2018/06/23 21:44:10 by Hibernate Tools 5.2.10.Final --><!DOCTYPE hibernate-mapping PUBLIC "-//Hibernate/Hibernate Mapping DTD 3.0//EN" "http://www.hibernate.org/dtd/hibernate-mapping-3.0.dtd">
<hibernate-mapping auto-import="true" default-access="property" default-cascade="none" default-lazy="true">
    <class dynamic-insert="false" dynamic-update="false" mutable="true" name="com.xia.entity.BioIdentifierInfo" optimistic-lock="version" polymorphism="implicit" schema="public" select-before-update="false" table="bio_identifier_info">
        <id name="segmentId" type="long">
            <column name="segment_id"/>
            <generator class="foreign">
                <param name="property">bioMatcherSegmentInfo</param>
            </generator>
        </id>
        <many-to-one class="com.xia.entity.BioMatcherBinInfo" embed-xml="true" fetch="select" insert="true" name="bioMatcherBinInfo" not-found="exception" optimistic-lock="true" unique="false" update="true">
            <column name="bin_id" not-null="true"/>
        </many-to-one>
        <one-to-one class="com.xia.entity.BioMatcherSegmentInfo" constrained="true" embed-xml="true" name="bioMatcherSegmentInfo"/>
        <property generated="never" lazy="false" name="startBiometricId" optimistic-lock="true" type="long" unique="false">
            <column name="start_biometric_id" not-null="true"/>
        </property>
        <property generated="never" lazy="false" name="endBiometricId" optimistic-lock="true" type="long" unique="false">
            <column name="end_biometric_id" not-null="true"/>
        </property>
        <property generated="never" lazy="false" name="currBiometricId" optimistic-lock="true" type="long" unique="false">
            <column name="curr_biometric_id" not-null="true"/>
        </property>
        <set embed-xml="true" fetch="select" inverse="true" lazy="true" mutable="true" name="bioIdentifierDetailInfos" optimistic-lock="true" sort="unsorted" table="bio_identifier_detail_info">
            <key on-delete="noaction">
                <column name="segment_id" not-null="true"/>
            </key>
            <one-to-many class="com.xia.entity.BioIdentifierDetailInfo" embed-xml="true" not-found="exception"/>
        </set>
    </class>
</hibernate-mapping>
