<?xml version="1.0" encoding="UTF-8" standalone="no"?>
<!-- Generated 2018/06/23 21:44:10 by Hibernate Tools 5.2.10.Final --><!DOCTYPE hibernate-mapping PUBLIC "-//Hibernate/Hibernate Mapping DTD 3.0//EN" "http://www.hibernate.org/dtd/hibernate-mapping-3.0.dtd">
<hibernate-mapping auto-import="true" default-access="property" default-cascade="none" default-lazy="true">
    <class dynamic-insert="false" dynamic-update="false" mutable="true" name="com.xia.entity.BioLockInfo" optimistic-lock="version" polymorphism="implicit" schema="public" select-before-update="false" table="bio_lock_info">
        <id name="lockKey" type="string">
            <column length="128" name="lock_key"/>
            <generator class="assigned"/>
        </id>
        <property generated="never" lazy="false" name="lockHost" optimistic-lock="true" type="string" unique="false">
            <column length="56" name="lock_host"/>
        </property>
        <property generated="never" lazy="false" name="lockAcquireMilli" optimistic-lock="true" type="java.lang.Long" unique="false">
            <column name="lock_acquire_milli"/>
        </property>
        <property generated="never" lazy="false" name="lockTimeoutMilli" optimistic-lock="true" type="java.lang.Long" unique="false">
            <column name="lock_timeout_milli"/>
        </property>
    </class>
</hibernate-mapping>
