<?xml version="1.0" encoding="UTF-8" standalone="no"?>
<!-- Generated 2018/06/23 21:44:10 by Hibernate Tools 5.2.10.Final --><!DOCTYPE hibernate-mapping PUBLIC "-//Hibernate/Hibernate Mapping DTD 3.0//EN" "http://www.hibernate.org/dtd/hibernate-mapping-3.0.dtd">
<hibernate-mapping auto-import="true" default-access="property" default-cascade="none" default-lazy="true">
    <class dynamic-insert="false" dynamic-update="false" mutable="true" name="com.xia.entity.BioMessageInfoLog" optimistic-lock="version" polymorphism="implicit" schema="public" select-before-update="false" table="bio_message_info_log">
        <id name="messageId" type="string">
            <column length="36" name="message_id"/>
            <generator class="assigned"/>
        </id>
        <property generated="never" lazy="false" name="messageType" optimistic-lock="true" type="string" unique="false">
            <column length="15" name="message_type" not-null="true"/>
        </property>
        <property generated="never" lazy="false" name="messageCode" optimistic-lock="true" type="string" unique="false">
            <column length="15" name="message_code" not-null="true"/>
        </property>
        <property generated="never" lazy="false" name="messageInfo" optimistic-lock="true" type="string" unique="false">
            <column length="500" name="message_info" not-null="true"/>
        </property>
        <property generated="never" lazy="false" name="messageDetail" optimistic-lock="true" type="string" unique="false">
            <column length="300" name="message_detail"/>
        </property>
        <property generated="never" lazy="false" name="referenceKeyType1" optimistic-lock="true" type="string" unique="false">
            <column length="36" name="reference_key_type1"/>
        </property>
        <property generated="never" lazy="false" name="referenceKeyValue1" optimistic-lock="true" type="string" unique="false">
            <column length="36" name="reference_key_value1"/>
        </property>
        <property generated="never" lazy="false" name="referenceKeyType2" optimistic-lock="true" type="string" unique="false">
            <column length="36" name="reference_key_type2"/>
        </property>
        <property generated="never" lazy="false" name="referenceKeyValue2" optimistic-lock="true" type="string" unique="false">
            <column length="36" name="reference_key_value2"/>
        </property>
        <property generated="never" lazy="false" name="createDatetime" optimistic-lock="true" type="timestamp" unique="false">
            <column length="29" name="create_datetime" not-null="true"/>
        </property>
    </class>
</hibernate-mapping>
