<?xml version="1.0" encoding="UTF-8" standalone="no"?>
<!-- Generated 2018/06/23 21:44:10 by Hibernate Tools 5.2.10.Final --><!DOCTYPE hibernate-mapping PUBLIC "-//Hibernate/Hibernate Mapping DTD 3.0//EN" "http://www.hibernate.org/dtd/hibernate-mapping-3.0.dtd">
<hibernate-mapping auto-import="true" default-access="property" default-cascade="none" default-lazy="true">
    <class dynamic-insert="false" dynamic-update="false" mutable="true" name="com.xia.entity.BioMatcherSegmentInfo" optimistic-lock="version" polymorphism="implicit" schema="public" select-before-update="false" table="bio_matcher_segment_info">
        <id name="segmentId" type="long">
            <column name="segment_id"/>
            <generator class="assigned"/>
        </id>
        <many-to-one class="com.xia.entity.BioMatcherBinInfo" embed-xml="true" fetch="select" insert="true" name="bioMatcherBinInfo" not-found="exception" optimistic-lock="true" unique="false" update="true">
            <column name="bin_id" not-null="true"/>
        </many-to-one>
        <property generated="never" lazy="false" name="segmentVersion" optimistic-lock="true" type="long" unique="false">
            <column name="segment_version" not-null="true"/>
        </property>
        <property generated="never" lazy="false" name="updateDatetime" optimistic-lock="true" type="timestamp" unique="false">
            <column length="29" name="update_datetime" not-null="true"/>
        </property>
        <set embed-xml="true" fetch="select" inverse="true" lazy="true" mutable="true" name="bioRemoteSiteSyncInfos" optimistic-lock="true" sort="unsorted" table="bio_remote_site_sync_info">
            <key on-delete="noaction">
                <column name="segment_id" not-null="true"/>
            </key>
            <one-to-many class="com.xia.entity.BioRemoteSiteSyncInfo" embed-xml="true" not-found="exception"/>
        </set>
        <set embed-xml="true" fetch="select" inverse="true" lazy="true" mutable="true" name="bioEventInfos" optimistic-lock="true" sort="unsorted" table="bio_event_info">
            <key on-delete="noaction">
                <column name="assigned_segment_id"/>
            </key>
            <one-to-many class="com.xia.entity.BioEventInfo" embed-xml="true" not-found="exception"/>
        </set>
        <one-to-one class="com.xia.entity.BioIdentifierInfo" constrained="false" embed-xml="true" name="bioIdentifierInfo"/>
        <set embed-xml="true" fetch="select" inverse="true" lazy="true" mutable="true" name="bioMatcherNodeSegmentInfos" optimistic-lock="true" sort="unsorted" table="bio_matcher_node_segment_info">
            <key on-delete="noaction">
                <column name="segment_id" not-null="true"/>
            </key>
            <one-to-many class="com.xia.entity.BioMatcherNodeSegmentInfo" embed-xml="true" not-found="exception"/>
        </set>
    </class>
</hibernate-mapping>
