<?xml version="1.0" encoding="UTF-8" standalone="no"?>
<!-- Generated 2018/06/23 21:44:10 by Hibernate Tools 5.2.10.Final --><!DOCTYPE hibernate-mapping PUBLIC "-//Hibernate/Hibernate Mapping DTD 3.0//EN" "http://www.hibernate.org/dtd/hibernate-mapping-3.0.dtd">
<hibernate-mapping auto-import="true" default-access="property" default-cascade="none" default-lazy="true">
    <class dynamic-insert="false" dynamic-update="false" mutable="true" name="com.xia.entity.BioMatcherBinInfo" optimistic-lock="version" polymorphism="implicit" schema="public" select-before-update="false" table="bio_matcher_bin_info">
        <id name="binId" type="long">
            <column name="bin_id"/>
            <generator class="assigned"/>
        </id>
        <property generated="never" lazy="false" name="templateType" optimistic-lock="true" type="string" unique="false">
            <column length="20" name="template_type" not-null="true"/>
        </property>
        <property generated="never" lazy="false" name="dataPriority" optimistic-lock="true" type="long" unique="false">
            <column name="data_priority" not-null="true"/>
        </property>
        <set embed-xml="true" fetch="select" inverse="true" lazy="true" mutable="true" name="bioIdentifierDetailInfos" optimistic-lock="true" sort="unsorted" table="bio_identifier_detail_info">
            <key on-delete="noaction">
                <column name="bin_id" not-null="true"/>
            </key>
            <one-to-many class="com.xia.entity.BioIdentifierDetailInfo" embed-xml="true" not-found="exception"/>
        </set>
        <set embed-xml="true" fetch="select" inverse="true" lazy="true" mutable="true" name="bioMatcherSegmentInfos" optimistic-lock="true" sort="unsorted" table="bio_matcher_segment_info">
            <key on-delete="noaction">
                <column name="bin_id" not-null="true"/>
            </key>
            <one-to-many class="com.xia.entity.BioMatcherSegmentInfo" embed-xml="true" not-found="exception"/>
        </set>
        <set embed-xml="true" fetch="select" inverse="true" lazy="true" mutable="true" name="bioEventInfos" optimistic-lock="true" sort="unsorted" table="bio_event_info">
            <key on-delete="noaction">
                <column name="bin_id" not-null="true"/>
            </key>
            <one-to-many class="com.xia.entity.BioEventInfo" embed-xml="true" not-found="exception"/>
        </set>
        <set embed-xml="true" fetch="select" inverse="true" lazy="true" mutable="true" name="bioIdentifierInfos" optimistic-lock="true" sort="unsorted" table="bio_identifier_info">
            <key on-delete="noaction">
                <column name="bin_id" not-null="true"/>
            </key>
            <one-to-many class="com.xia.entity.BioIdentifierInfo" embed-xml="true" not-found="exception"/>
        </set>
    </class>
</hibernate-mapping>
