<?xml version="1.0" encoding="UTF-8" standalone="no"?>
<!-- Generated 2018/06/23 21:44:10 by Hibernate Tools 5.2.10.Final --><!DOCTYPE hibernate-mapping PUBLIC "-//Hibernate/Hibernate Mapping DTD 3.0//EN" "http://www.hibernate.org/dtd/hibernate-mapping-3.0.dtd">
<hibernate-mapping auto-import="true" default-access="property" default-cascade="none" default-lazy="true">
    <class dynamic-insert="false" dynamic-update="false" mutable="true" name="com.xia.entity.BioParameters" optimistic-lock="version" polymorphism="implicit" schema="public" select-before-update="false" table="bio_parameters">
        <composite-id class="com.xia.entity.BioParametersId" mapped="false" name="id" unsaved-value="undefined">
            <key-property name="name" type="string">
                <column length="128" name="name"/>
            </key-property>
            <key-property name="scope" type="string">
                <column length="128" name="scope"/>
            </key-property>
        </composite-id>
        <many-to-one class="com.xia.entity.BioParameterScope" embed-xml="true" fetch="select" insert="false" name="bioParameterScope" not-found="exception" optimistic-lock="true" unique="false" update="false">
            <column length="128" name="scope" not-null="true"/>
        </many-to-one>
        <property generated="never" lazy="false" name="value" optimistic-lock="true" type="string" unique="false">
            <column name="value"/>
        </property>
        <property generated="never" lazy="false" name="description" optimistic-lock="true" type="string" unique="false">
            <column length="128" name="description"/>
        </property>
        <property generated="never" lazy="false" name="datatype" optimistic-lock="true" type="string" unique="false">
            <column length="128" name="datatype"/>
        </property>
        <property generated="never" lazy="false" name="createDatetime" optimistic-lock="true" type="timestamp" unique="false">
            <column length="29" name="create_datetime" not-null="true"/>
        </property>
        <property generated="never" lazy="false" name="updateDatetime" optimistic-lock="true" type="timestamp" unique="false">
            <column length="29" name="update_datetime"/>
        </property>
        <property generated="never" lazy="false" name="createby" optimistic-lock="true" type="string" unique="false">
            <column length="128" name="createby" not-null="true"/>
        </property>
        <property generated="never" lazy="false" name="updateby" optimistic-lock="true" type="string" unique="false">
            <column length="128" name="updateby"/>
        </property>
    </class>
</hibernate-mapping>
