<?xml version="1.0" encoding="UTF-8" standalone="no"?>
<!-- Generated 2018/06/23 21:44:10 by Hibernate Tools 5.2.10.Final --><!DOCTYPE hibernate-mapping PUBLIC "-//Hibernate/Hibernate Mapping DTD 3.0//EN" "http://www.hibernate.org/dtd/hibernate-mapping-3.0.dtd">
<hibernate-mapping auto-import="true" default-access="property" default-cascade="none" default-lazy="true">
    <class dynamic-insert="false" dynamic-update="false" mutable="true" name="com.xia.entity.BioParameterScope" optimistic-lock="version" polymorphism="implicit" schema="public" select-before-update="false" table="bio_parameter_scope">
        <id name="scopeName" type="string">
            <column length="128" name="scope_name"/>
            <generator class="assigned"/>
        </id>
        <property generated="never" lazy="false" name="description" optimistic-lock="true" type="string" unique="false">
            <column length="128" name="description"/>
        </property>
        <set embed-xml="true" fetch="select" inverse="true" lazy="true" mutable="true" name="bioParameterses" optimistic-lock="true" sort="unsorted" table="bio_parameters">
            <key on-delete="noaction">
                <column length="128" name="scope" not-null="true"/>
            </key>
            <one-to-many class="com.xia.entity.BioParameters" embed-xml="true" not-found="exception"/>
        </set>
    </class>
</hibernate-mapping>
