<?xml version="1.0" encoding="UTF-8" standalone="no"?>
<!-- Generated 2018/06/23 21:44:10 by Hibernate Tools 5.2.10.Final --><!DOCTYPE hibernate-mapping PUBLIC "-//Hibernate/Hibernate Mapping DTD 3.0//EN" "http://www.hibernate.org/dtd/hibernate-mapping-3.0.dtd">
<hibernate-mapping auto-import="true" default-access="property" default-cascade="none" default-lazy="true">
    <class dynamic-insert="false" dynamic-update="false" mutable="true" name="com.xia.entity.BioRemoteSiteSyncInfo" optimistic-lock="version" polymorphism="implicit" schema="public" select-before-update="false" table="bio_remote_site_sync_info">
        <composite-id class="com.xia.entity.BioRemoteSiteSyncInfoId" mapped="false" name="id" unsaved-value="undefined">
            <key-property name="siteId" type="string">
                <column length="36" name="site_id"/>
            </key-property>
            <key-property name="segmentId" type="long">
                <column name="segment_id"/>
            </key-property>
        </composite-id>
        <many-to-one class="com.xia.entity.BioMatcherSegmentInfo" embed-xml="true" fetch="select" insert="false" name="bioMatcherSegmentInfo" not-found="exception" optimistic-lock="true" unique="false" update="false">
            <column name="segment_id" not-null="true"/>
        </many-to-one>
        <property generated="never" lazy="false" name="insertSegmentVersion" optimistic-lock="true" type="long" unique="false">
            <column name="insert_segment_version" not-null="true"/>
        </property>
        <property generated="never" lazy="false" name="deleteSegmentVersion" optimistic-lock="true" type="long" unique="false">
            <column name="delete_segment_version" not-null="true"/>
        </property>
        <property generated="never" lazy="false" name="updateDatetime" optimistic-lock="true" type="timestamp" unique="false">
            <column length="29" name="update_datetime" not-null="true"/>
        </property>
    </class>
</hibernate-mapping>
