<?xml version="1.0" encoding="UTF-8" standalone="no"?>
<!-- Generated 2018/06/23 21:44:10 by Hibernate Tools 5.2.10.Final --><!DOCTYPE hibernate-mapping PUBLIC "-//Hibernate/Hibernate Mapping DTD 3.0//EN" "http://www.hibernate.org/dtd/hibernate-mapping-3.0.dtd">
<hibernate-mapping auto-import="true" default-access="property" default-cascade="none" default-lazy="true">
    <class dynamic-insert="false" dynamic-update="false" mutable="true" name="com.xia.entity.BioServerInfo" optimistic-lock="version" polymorphism="implicit" schema="public" select-before-update="false" table="bio_server_info">
        <id name="serverId" type="string">
            <column length="15" name="server_id"/>
            <generator class="assigned"/>
        </id>
        <property generated="never" lazy="false" name="serverHostname" optimistic-lock="true" type="string" unique="false">
            <column length="128" name="server_hostname" not-null="true"/>
        </property>
        <property generated="never" lazy="false" name="serverType" optimistic-lock="true" type="string" unique="false">
            <column length="15" name="server_type" not-null="true"/>
        </property>
        <property generated="never" lazy="false" name="serverState" optimistic-lock="true" type="string" unique="false">
            <column length="15" name="server_state" not-null="true"/>
        </property>
        <property generated="never" lazy="false" name="componentType" optimistic-lock="true" type="string" unique="false">
            <column length="15" name="component_type" not-null="true"/>
        </property>
        <property generated="never" lazy="false" name="serverGroupId" optimistic-lock="true" type="string" unique="false">
            <column length="15" name="server_group_id"/>
        </property>
        <property generated="never" lazy="false" name="subSystemGroupId" optimistic-lock="true" type="string" unique="false">
            <column length="15" name="sub_system_group_id"/>
        </property>
        <property generated="never" lazy="false" name="maxJobCount" optimistic-lock="true" type="long" unique="false">
            <column name="max_job_count" not-null="true"/>
        </property>
        <property generated="never" lazy="false" name="serverProperties" optimistic-lock="true" type="string" unique="false">
            <column length="1024" name="server_properties"/>
        </property>
        <property generated="never" lazy="false" name="createDatetime" optimistic-lock="true" type="timestamp" unique="false">
            <column length="29" name="create_datetime" not-null="true"/>
        </property>
        <property generated="never" lazy="false" name="updateDatetime" optimistic-lock="true" type="timestamp" unique="false">
            <column length="29" name="update_datetime"/>
        </property>
        <set embed-xml="true" fetch="select" inverse="true" lazy="true" mutable="true" name="bioMatcherNodeSegmentInfos" optimistic-lock="true" sort="unsorted" table="bio_matcher_node_segment_info">
            <key on-delete="noaction">
                <column length="15" name="matcher_node_id" not-null="true"/>
            </key>
            <one-to-many class="com.xia.entity.BioMatcherNodeSegmentInfo" embed-xml="true" not-found="exception"/>
        </set>
        <set embed-xml="true" fetch="select" inverse="true" lazy="true" mutable="true" name="bioServerConnectionInfos" optimistic-lock="true" sort="unsorted" table="bio_server_connection_info">
            <key on-delete="noaction">
                <column length="15" name="server_id" not-null="true"/>
            </key>
            <one-to-many class="com.xia.entity.BioServerConnectionInfo" embed-xml="true" not-found="exception"/>
        </set>
    </class>
</hibernate-mapping>
