<?xml version="1.0" encoding="UTF-8" standalone="no"?>
<!-- Generated 2018/06/23 21:44:10 by Hibernate Tools 5.2.10.Final --><!DOCTYPE hibernate-mapping PUBLIC "-//Hibernate/Hibernate Mapping DTD 3.0//EN" "http://www.hibernate.org/dtd/hibernate-mapping-3.0.dtd">
<hibernate-mapping auto-import="true" default-access="property" default-cascade="none" default-lazy="true">
    <class dynamic-insert="false" dynamic-update="false" mutable="true" name="com.xia.entity.BioSequences" optimistic-lock="version" polymorphism="implicit" schema="public" select-before-update="false" table="bio_sequences">
        <composite-id class="com.xia.entity.BioSequencesId" mapped="false" name="id" unsaved-value="undefined">
            <key-property name="sequenceName" type="string">
                <column length="128" name="sequence_name"/>
            </key-property>
            <key-property name="sequenceGroup" type="string">
                <column length="128" name="sequence_group"/>
            </key-property>
        </composite-id>
        <property generated="never" lazy="false" name="sequenceValue" optimistic-lock="true" type="long" unique="false">
            <column name="sequence_value" not-null="true"/>
        </property>
        <property generated="never" lazy="false" name="resetPolicy" optimistic-lock="true" type="java.lang.Long" unique="false">
            <column name="reset_policy"/>
        </property>
        <property generated="never" lazy="false" name="minNumber" optimistic-lock="true" type="long" unique="false">
            <column name="min_number" not-null="true"/>
        </property>
        <property generated="never" lazy="false" name="datetimeCreate" optimistic-lock="true" type="timestamp" unique="false">
            <column length="29" name="datetime_create" not-null="true"/>
        </property>
        <property generated="never" lazy="false" name="datetimeLastReset" optimistic-lock="true" type="timestamp" unique="false">
            <column length="29" name="datetime_last_reset"/>
        </property>
    </class>
</hibernate-mapping>
