<?xml version="1.0" encoding="UTF-8" standalone="no"?>
<!-- Generated 2018/06/23 21:44:10 by Hibernate Tools 5.2.10.Final --><!DOCTYPE hibernate-mapping PUBLIC "-//Hibernate/Hibernate Mapping DTD 3.0//EN" "http://www.hibernate.org/dtd/hibernate-mapping-3.0.dtd">
<hibernate-mapping auto-import="true" default-access="property" default-cascade="none" default-lazy="true">
    <class dynamic-insert="false" dynamic-update="false" mutable="true" name="com.xia.entity.BioServerConnectionInfo" optimistic-lock="version" polymorphism="implicit" schema="public" select-before-update="false" table="bio_server_connection_info">
        <composite-id class="com.xia.entity.BioServerConnectionInfoId" mapped="false" name="id" unsaved-value="undefined">
            <key-property name="serverId" type="string">
                <column length="15" name="server_id"/>
            </key-property>
            <key-property name="componentType" type="string">
                <column length="15" name="component_type"/>
            </key-property>
            <key-property name="connectionType" type="string">
                <column length="15" name="connection_type"/>
            </key-property>
        </composite-id>
        <many-to-one class="com.xia.entity.BioServerInfo" embed-xml="true" fetch="select" insert="false" name="bioServerInfo" not-found="exception" optimistic-lock="true" unique="false" update="false">
            <column length="15" name="server_id" not-null="true"/>
        </many-to-one>
        <property generated="never" lazy="false" name="protocolType" optimistic-lock="true" type="string" unique="false">
            <column length="15" name="protocol_type" not-null="true"/>
        </property>
        <property generated="never" lazy="false" name="connectionUrl" optimistic-lock="true" type="string" unique="false">
            <column length="500" name="connection_url" not-null="true"/>
        </property>
        <property generated="never" lazy="false" name="connectionProperties" optimistic-lock="true" type="string" unique="false">
            <column length="1024" name="connection_properties"/>
        </property>
    </class>
</hibernate-mapping>
