<?xml version="1.0" encoding="UTF-8" standalone="no"?>
<!-- Generated 2018/06/23 21:44:10 by Hibernate Tools 5.2.10.Final --><!DOCTYPE hibernate-mapping PUBLIC "-//Hibernate/Hibernate Mapping DTD 3.0//EN" "http://www.hibernate.org/dtd/hibernate-mapping-3.0.dtd">
<hibernate-mapping auto-import="true" default-access="property" default-cascade="none" default-lazy="true">
    <class dynamic-insert="false" dynamic-update="false" mutable="true" name="com.xia.entity.BioServerGroupInfo" optimistic-lock="version" polymorphism="implicit" schema="public" select-before-update="false" table="bio_server_group_info">
        <id name="groupId" type="string">
            <column length="15" name="group_id"/>
            <generator class="assigned"/>
        </id>
        <property generated="never" lazy="false" name="componentType" optimistic-lock="true" type="string" unique="false">
            <column length="15" name="component_type" not-null="true"/>
        </property>
        <property generated="never" lazy="false" name="description" optimistic-lock="true" type="string" unique="false">
            <column length="500" name="description"/>
        </property>
    </class>
</hibernate-mapping>
