<?xml version="1.0" encoding="UTF-8" standalone="no"?>
<!-- Generated 2018/06/23 21:44:10 by Hibernate Tools 5.2.10.Final --><!DOCTYPE hibernate-mapping PUBLIC "-//Hibernate/Hibernate Mapping DTD 3.0//EN" "http://www.hibernate.org/dtd/hibernate-mapping-3.0.dtd">
<hibernate-mapping auto-import="true" default-access="property" default-cascade="none" default-lazy="true">
    <class dynamic-insert="false" dynamic-update="false" mutable="true" name="com.xia.entity.BioTemplateStorageInfo" optimistic-lock="version" polymorphism="implicit" schema="public" select-before-update="false" table="bio_template_storage_info">
        <id name="storageId" type="long">
            <column name="storage_id"/>
            <generator class="assigned"/>
        </id>
        <property generated="never" lazy="false" name="rootPath" optimistic-lock="true" type="string" unique="false">
            <column length="128" name="root_path" not-null="true"/>
        </property>
        <property generated="never" lazy="false" name="activeFlag" optimistic-lock="true" type="string" unique="false">
            <column length="1" name="active_flag" not-null="true"/>
        </property>
        <property generated="never" lazy="false" name="createDatetime" optimistic-lock="true" type="timestamp" unique="false">
            <column length="29" name="create_datetime" not-null="true"/>
        </property>
        <property generated="never" lazy="false" name="updateDatetime" optimistic-lock="true" type="timestamp" unique="false">
            <column length="29" name="update_datetime"/>
        </property>
    </class>
</hibernate-mapping>
