<?xml version="1.0" encoding="UTF-8"?>
<!DOCTYPE tiles-definitions PUBLIC
       "-//Apache Software Foundation//DTD Tiles Configuration 3.0//EN"
       "http://tiles.apache.org/dtds/tiles-config_3_0.dtd">

<tiles-definitions>
	<!-- TEMPLATES -->
	<definition name="baseLayout" template="/WEB-INF/jsp/template/baseLayout.jsp">
		<put-attribute name="menu" value="/WEB-INF/jsp/common/menu.jsp" />
		<put-attribute name="messageNerror" value="/WEB-INF/jsp/common/messageNerror.jsp" />
		<put-attribute name="footer" value="/WEB-INF/jsp/_footer.jsp" />
	</definition>
	
	<definition name="blankLayout" template="/WEB-INF/jsp/template/blankLayout.jsp">
		<put-attribute name="messageNerror" value="/WEB-INF/jsp/common/messageNerror.jsp" />
		<put-attribute name="footer" value="/WEB-INF/jsp/_footer.jsp" />
	</definition>
	
	<definition name="blankHeaderLayout" template="/WEB-INF/jsp/template/blankHeaderLayout.jsp">
		<put-attribute name="messageNerror" value="/WEB-INF/jsp/common/messageNerror.jsp" />
    	<put-attribute name="footer" value="/WEB-INF/jsp/_footer.jsp" />
  	</definition>
  	
	<definition name="blankHeaderFooterLayout">
		<put-attribute name="debugMode" value="Y" />
	</definition>  	
  	
	<definition name="errorPage" template="/WEB-INF/jsp/common/errorPage.jsp">
  	</definition>
	
	
	<!-- TEMPLATES -->
	
	
	<!-- Login Pages -->	
	<definition extends="blankHeaderFooterLayout" name="changePasswordPage" template="/WEB-INF/jsp/template/changePasswordBlankLayout.jsp">
		<put-attribute name="title" type="string" value="" />
		<put-attribute name="messageNerror" value="/WEB-INF/jsp/common/messageNerror.jsp" />
    	<put-attribute name="content" value="/WEB-INF/jsp/login/changePassword.jsp" />
    	<put-attribute name="footer" value="" />
  	</definition>	
		
	  <definition name="redirectLoginPage" extends="blankHeaderLayout" template="/WEB-INF/jsp/template/loginLayout.jsp">
	    <put-attribute name="content" value="/WEB-INF/jsp/login/redirect_login.jsp" />
	  </definition>
	
	<definition name="login" extends="blankHeaderLayout" template="/WEB-INF/jsp/template/loginLayout.jsp" >
		<put-attribute name="title" type="string" value="Login" />	
		<put-attribute name="content"  value="/WEB-INF/jsp/login/login.jsp" />
	</definition>
	
	<definition name="preLogin" extends="blankHeaderLayout" template="/WEB-INF/jsp/template/loginLayout.jsp" >
		<put-attribute name="content"  value="/WEB-INF/jsp/login/pre-login.jsp" />
	</definition>

    <definition name="logout" extends="blankHeaderLayout" template="/WEB-INF/jsp/template/loginLayout.jsp"  >
		<put-attribute name="title" type="string" value="Logout" />	
		<put-attribute name="content"  value="/WEB-INF/jsp/login/login.jsp" />
	</definition>
	
	
	<definition name="home" extends="baseLayout" >
		<put-attribute name="title" type="string" value="Home" />
		<put-attribute name="content"  value="/WEB-INF/jsp/home/main.jsp" />
	</definition>
	

  
    <definition name="dashboard" template="/WEB-INF/jsp/admin/dashboard/dashboard.jsp" >    	
    </definition>
    
    <!-- System Parameter Management -->
    <definition name="parameters.list" template="/WEB-INF/jsp/admin/parameter/parameter_list.jsp" >    	
    </definition>
    
    <!-- User Management -->
    <definition name="user.list" template="/WEB-INF/jsp/admin/user/user_list.jsp" >    	
    </definition>

	 <!-- Template Storage Management -->
    <definition name="storage.list" template="/WEB-INF/jsp/admin/templatestorage/storage_list.jsp" >    	
    </definition>


	<!-- Bio Manager Management -->
    <definition name="servergroup.list" template="/WEB-INF/jsp/admin/biomanager/servergroup_list.jsp" >    	
    </definition>

    <definition name="serverinfo.list" template="/WEB-INF/jsp/admin/biomanager/serverinfo_list.jsp" >    	
    </definition>
    
    <definition name="serverconninfo.list" template="/WEB-INF/jsp/admin/biomanager/serverconninfo_list.jsp" >    	
    </definition>
    
    <definition name="matcherbin.list" template="/WEB-INF/jsp/admin/biomanager/matcherbin_list.jsp" >    	
    </definition>
    
    <definition name="matchersegment.list" template="/WEB-INF/jsp/admin/biomanager/matchersegment_list.jsp" >    	
    </definition>
    
    <definition name="matchernodesegment.list" template="/WEB-INF/jsp/admin/biomanager/matchernodesegment_list.jsp" >    	
    </definition>

    <definition name="resegmentation.list" template="/WEB-INF/jsp/admin/biomanager/resegmentation_list.jsp" >    	
    </definition>

    <definition name="biometricevent.list" template="/WEB-INF/jsp/admin/bioevent/biometricevent_list.jsp" >    	
    </definition>        
        
    <!-- Utilities --> 
    <definition name="caching.list" template="/WEB-INF/jsp/admin/utilities/caching/caching_list.jsp" >    	
    </definition>

    <definition name="logging.list" template="/WEB-INF/jsp/admin/utilities/logging/logging_list.jsp" >    	
    </definition>
    
    <!-- Dashboard --> 
    <definition name="dashboard.init" template="/WEB-INF/jsp/admin/dashboard/dashboard.jsp" >    	
    </definition>
    
    <!-- Monitoring -->
    <definition name="statmonitor.latest_statistics" template="/WEB-INF/jsp/admin/monitoring/monitoring-latest_statistics.jsp" >    	
    </definition>

    <definition name="statmonitor.window_statistics" template="/WEB-INF/jsp/admin/monitoring/monitoring-window_statistics.jsp" >    	
    </definition>

    <definition name="statmonitor.search_controller_statistics" template="/WEB-INF/jsp/admin/monitoring/monitoring-search-controller.jsp" >    	
    </definition>
    
</tiles-definitions>