<assembly
	xmlns="http://maven.apache.org/plugins/maven-assembly-plugin/assembly/1.1.2"
	xmlns:xsi="http://www.w3.org/2001/XMLSchema-instance"
	xsi:schemaLocation="http://maven.apache.org/plugins/maven-assembly-plugin/assembly/1.1.2 http://maven.apache.org/xsd/assembly-1.1.2.xsd">
	<id>mm-${project.version}</id>
	<formats>
		<format>zip</format>
	</formats>
	<fileSets>
		<!-- fileSet of ${project.basedir}/tomcat must be 1st -->
		<!-- Because assembly plugIn can't overwirte resources -->
		<fileSet>
			<directory>${project.basedir}/tomcat</directory>
			<outputDirectory>/</outputDirectory>
			<includes>
				<include>**/*</include>
			</includes>
		</fileSet>
		<fileSet>
			<directory>${project.build.directory}/unpacked/apache-tomcat-${tomcat.version}</directory>
			<outputDirectory>/</outputDirectory>
		</fileSet>
		<fileSet>
			<directory>${project.build.directory}</directory>
			<outputDirectory>webapps</outputDirectory>
			<includes>
				<include>${project.build.finalName}.war</include>
			</includes>
		</fileSet>
	</fileSets>
	<dependencySets>
		<dependencySet>
			<includes>
				<include>com.oracle:ojdbc7</include> 
			</includes>
			<outputDirectory>lib/</outputDirectory>
			<outputFileNameMapping>ojdbc7.jar</outputFileNameMapping>
		</dependencySet> 
		<dependencySet>
			<includes>
				<include>org.postgresql:postgresql</include> 
			</includes>
			<outputDirectory>lib/</outputDirectory>
			<outputFileNameMapping>postgresql-9.4-1205-jdbc41.jar</outputFileNameMapping>
		</dependencySet>
		<dependencySet>
			<includes>
				<include>mysql:mysql-connector-java</include> 
			</includes>
			<outputDirectory>lib/</outputDirectory>
			<outputFileNameMapping>mysql-connector-java-5.1.39.jar</outputFileNameMapping>
		</dependencySet>
		<dependencySet>
			<includes>
				<include>com.microsoft.sqlserver:sqljdbc4</include> 
			</includes>
			<outputDirectory>lib/</outputDirectory>
			<outputFileNameMapping>sqljdbc4-4.0.jar</outputFileNameMapping>
		</dependencySet>		
		
	</dependencySets>	
</assembly>