<configuration xmlns="urn:hornetq"
	xmlns:xsi="http://www.w3.org/2001/XMLSchema-instance"
	xsi:schemaLocation="urn:hornetq /schema/hornetq-jms.xsd">

	<connection-factory name="NettyConnectionFactory">
		<xa>true</xa>
		<connectors>
			<connector-ref connector-name="netty" />
		</connectors>
		<entries>
			<entry name="/ConnectionFactory" />
			<entry name="/XAConnectionFactory" />
		</entries>
	</connection-factory>

	<connection-factory name="NettyThroughputConnectionFactory">
		<xa>true</xa>
		<connectors>
			<connector-ref connector-name="netty-throughput" />
		</connectors>
		<entries>
			<entry name="/ThroughputConnectionFactory" />
			<entry name="/XAThroughputConnectionFactory" />
		</entries>
	</connection-factory>

	<connection-factory name="InVMConnectionFactory">
		<xa>true</xa>
		<connectors>
			<connector-ref connector-name="in-vm" />
		</connectors>
		<entries>
			<entry name="java:/ConnectionFactory" />
			<entry name="java:/XAConnectionFactory" />
		</entries>
	</connection-factory>

	<queue name="DLQ">
		<entry name="/queue/DLQ" />
	</queue>

	<queue name="ExpiryQueue">
		<entry name="/queue/ExpiryQueue" />
	</queue>

	<queue name="aggregation_queue_event">
		<entry name="queue/aggregation_queue_event" />
	</queue>

	<queue name="identify_queue_event">
		<entry name="queue/identify_queue_event" />
	</queue>

	<queue name="identify_DLQ_event">
		<entry name="queue/identify_DLQ_event" />
	</queue>

	<queue name="timer-startup-queue">
		<entry name="queue/timer-startup-queue" />
	</queue>

	<queue name="identify_prepare_template_event">
		<entry name="queue/identify_prepare_template_event" />
	</queue>
</configuration>