<?xml version="1.0" encoding="UTF-8" ?>

<!-- ログ出力の設定をするためのXMLファイルです。 -->
<!-- このファイルと同じディレクトリ内にXMLスキーマ appLog.xsd を配置してください。 -->
<configurations xmlns:xsi="http://www.w3.org/2001/XMLSchema-instance" xsi:noNamespaceSchemaLocation="appLog.xsd">

  <!-- エラー通知の設定をするための要素です。 -->
  <!-- プロセスでエラー通知を行わない場合は、この要素を削除してください。 -->
  <!-- 以下の子要素で送信先およびプロセスの設定をします。 -->
  <!--     host:エラー通知送信先のホスト名 -->
  <!--     port:エラー通知送信先のポート番号(0～65535) -->
  <!--     procId:G6のプロセスID(ZBG001など) -->
<!--
  <notifies>
    <host>localhost</host>
    <port>9999</port>
    <procId>PRC001</procId>
  </notifies>
-->

  <!-- ログメッセージを設定するための要素です。 -->
  <messages>
    <!-- ログメッセージは、message要素で設定します。message要素は任意の数設定できます。 -->
    <!-- message要素は、以下の属性を持ちます。 -->
    <!--     id:ログメッセージを識別する一意のID -->
    <!--     level:ログレベル レベルをあらわすE,W,I,Dいずれかの文字を設定 -->
    <!--     outputsToImLog:統合監視用ログへの出力可否(省略可能) true:出力する false:出力しない 省略時:false -->
    <!--     notifies:エラー通知可否(省略可能) true:通知する false:通知しない 省略時:false -->
    <!-- message要素の以下の子要素でログに出力するメッセージフォーマットを設定します。 -->
    <!--     formatAppLog:アプリケーションログに出力するメッセージの書式 -->
    <!--     formatImLog:統合監視用ログに出力するメッセージの書式(省略可能) 省略時:formatAppLogで設定した書式 -->
    <!--     formatNotify:エラー通知する際のメッセージの書式(省略可能) 省略時:formatImLogで設定した書式 -->
    <!-- ※省略 = 属性または要素が存在しない状態。 -->

    <!-- 利用者サイトアプリケーションのログID -->
    <message id="LZWP2000" level="D" outputsToImLog="false" notifies="false">
      <formatAppLog>&lt;START&gt;{}</formatAppLog>
    </message>
    <message id="LZWP2001" level="D" outputsToImLog="false" notifies="false">
      <formatAppLog>&lt;END&gt;{}</formatAppLog>
    </message>
    <message id="LZWP2002" level="E" outputsToImLog="true" notifies="false">
      <formatAppLog>システムエラーが発生しました。{}</formatAppLog>
      <formatImLog>システムエラーが発生しました。{}</formatImLog>
      <formatNotify>システムエラーが発生しました。{}</formatNotify>
    </message>
      <message id="LZWP2003" level="W" outputsToImLog="false" notifies="false">
      <formatAppLog>警告エラーが発生しました。{}</formatAppLog>
    </message>
  </messages>
</configurations>
