<?xml version="1.0" encoding="UTF-8"?>
<beans xmlns="http://www.springframework.org/schema/beans"
	xmlns:xsi="http://www.w3.org/2001/XMLSchema-instance" xmlns:context="http://www.springframework.org/schema/context"
	xmlns:mvc="http://www.springframework.org/schema/mvc"
	xsi:schemaLocation="http://www.springframework.org/schema/mvc http://www.springframework.org/schema/mvc/spring-mvc-3.2.xsd
		http://www.springframework.org/schema/beans http://www.springframework.org/schema/beans/spring-beans-3.2.xsd
		http://www.springframework.org/schema/context http://www.springframework.org/schema/context/spring-context-3.2.xsd">

	<description>Spring MVC Configuration</description>

	<!-- load the properties file -->
	<context:property-placeholder
		ignore-unresolvable="true" location="classpath*:/spring.properties" />

	<!-- register the bean automatic, only scan the annotation with @Controller -->
	<context:component-scan base-package="jp.co.nec.aim.sm"
		use-default-filters="false">
		<context:include-filter type="annotation"
			expression="org.springframework.stereotype.Controller" />
	</context:component-scan>

	<mvc:annotation-driven>
		<mvc:message-converters register-defaults="true">
			<!-- set the StringHttpMessageCOnverter UTF-8 -->
			<bean class="org.springframework.http.converter.StringHttpMessageConverter">
				<constructor-arg value="UTF-8" />
			</bean>
		</mvc:message-converters>
	</mvc:annotation-driven>

	<!-- default annotation mapping support, org.springframework.web.servlet.mvc.method.annotation.RequestMappingHandlerMapping -->
	<mvc:annotation-driven />

	<!-- access to the static resource -->
	<mvc:default-servlet-handler />

	<!-- The Interceptor setting -->
	<mvc:interceptors>
		<bean class="jp.co.nec.aim.sm.log.sys.interceptor.LogInterceptor" />
	</mvc:interceptors>

	<!-- web view prefix and suffix setting -->
	<bean
		class="org.springframework.web.servlet.view.InternalResourceViewResolver">
		<property name="prefix" value="${web.view.prefix}" />
		<property name="suffix" value="${web.view.suffix}" />
	</bean>

	<!-- support the path that without the controller -->
	<mvc:view-controller path="/" view-name="redirect:${web.view.index}" />

	<!-- support the Shiro -->
	<!-- <bean class="org.springframework.aop.framework.autoproxy.DefaultAdvisorAutoProxyCreator" 
		depends-on="lifecycleBeanPostProcessor"> <property name="proxyTargetClass" 
		value="true" /> </bean> <bean class="org.springframework.web.servlet.handler.SimpleMappingExceptionResolver"> 
		<property name="exceptionMappings"> <props> <prop key="org.apache.shiro.authz.UnauthorizedException">error/403</prop> 
		</props> </property> </bean> -->
	<!-- Shiro end -->
</beans>