<?xml version="1.0" encoding="UTF-8"?>
<beans xmlns="http://www.springframework.org/schema/beans"
	xmlns:xsi="http://www.w3.org/2001/XMLSchema-instance"
	xsi:schemaLocation="http://www.springframework.org/schema/beans http://www.springframework.org/schema/beans/spring-beans.xsd">

	<import resource="spring-service-searchbroker.xml"/>	
	<import resource="spring-service-searchcontroller.xml"/>

	<bean id="segmentJobSnClientHelper"
		class="com.nec.biomatcher.identifier.util.SegmentJobSnClientHelper">
		<property name="bioParameterService" ref="bioParameterService" />
		<property name="bioMatcherConfigService" ref="bioMatcherConfigService" />
		<property name="bioSearchControllerManager" ref="bioSearchControllerManager" />
		<property name="bioSearchBrokerManager" ref="bioSearchBrokerManager" />
	</bean>

</beans>
