
<persistence xmlns="http://java.sun.com/xml/ns/persistence"
	xmlns:xsi="http://www.w3.org/2001/ XMLSchema-instance"
	xsi:schemaLocation="http://java.sun.com/xml/ns/persistence http://java.sun.com/xml/ns/persistence/persistence_1_0.xsd"
	version="1.0">
	<!-- the persistence unit postgres -->
	<persistence-unit name="postgresUnit" transaction-type="RESOURCE_LOCAL">
		<provider>org.hibernate.ejb.HibernatePersistence</provider>
		<non-jta-data-source>postgresDataSource</non-jta-data-source>
		<class>jp.co.nec.aim.sm.modules.sys.postgres.entity.EventLogEntity</class>
		<class>jp.co.nec.aim.sm.modules.sys.postgres.entity.JobQueueEntity</class>
		<class>jp.co.nec.aim.sm.modules.sys.postgres.entity.ExtractJobQueueEntity</class>
		<class>jp.co.nec.aim.sm.modules.sys.postgres.entity.MenuEntity</class>
		<class>jp.co.nec.aim.sm.modules.sys.postgres.entity.RoleEntity</class>
		<class>jp.co.nec.aim.sm.modules.sys.postgres.entity.UserEntity</class>
		<class>jp.co.nec.aim.sm.modules.sys.postgres.entity.JobStatistics</class>
		<class>jp.co.nec.aim.sm.modules.sys.postgres.entity.FunctionEntity</class>
		<exclude-unlisted-classes>true</exclude-unlisted-classes>
		<properties>
			<property name="hibernate.hbm2ddl.auto" value="" />
			<property name="hibernate.dialect" value="org.hibernate.dialect.PostgreSQLDialect" />
			<property name="hibernate.order_updates" value="true" />
			<property name="hibernate.use_sql_comments" value="true" />
			<property name="hibernate.connection.aggressive_release" value="true"></property>
<!-- 			<property name="hibernate.generate_statistics" value="true" />
			<property name="hibernate.cache.use_structured_entries" value="true" /> -->
		</properties>
	</persistence-unit>
</persistence>
