
<persistence xmlns="http://java.sun.com/xml/ns/persistence"
	xmlns:xsi="http://www.w3.org/2001/ XMLSchema-instance"
	xsi:schemaLocation="http://java.sun.com/xml/ns/persistence http://java.sun.com/xml/ns/persistence/persistence_1_0.xsd"
	version="1.0">
	<!-- the persistence unit oracle -->
	<persistence-unit name="oracleUnit" transaction-type="RESOURCE_LOCAL">
		<provider>org.hibernate.ejb.HibernatePersistence</provider>
		<non-jta-data-source>oracleDataSource</non-jta-data-source>
		<!-- <class>jp.co.nec.aim.sm.modules.sys.oracle.entity.MatchUnitEntity</class>
		<exclude-unlisted-classes>true</exclude-unlisted-classes> -->
		<properties>
			<property name="hibernate.hbm2ddl.auto" value="" />
			<property name="hibernate.dialect" value="org.hibernate.dialect.Oracle10gDialect" />
			<property name="hibernate.order_updates" value="true" />
			<property name="hibernate.use_sql_comments" value="true" />
			<property name="hibernate.connection.aggressive_release" value="true" />
		</properties>
	</persistence-unit>
</persistence>
