<?xml version="1.0" encoding="UTF-8"?>
<beans xmlns="http://www.springframework.org/schema/beans"
	xmlns:xsi="http://www.w3.org/2001/XMLSchema-instance"
	xsi:schemaLocation="http://www.springframework.org/schema/beans http://www.springframework.org/schema/beans/spring-beans.xsd">

	<bean id="matcherNodeStatusCheckHelper"
		class="com.nec.biomatcher.comp.matcher.node.MatcherNodeStatusCheckHelper" depends-on="bioMatcherNodeParameterConfigurator">
		<property name="bioParameterService" ref="bioParameterService" />
		<property name="bioMatcherConfigService" ref="bioMatcherConfigService" />
	</bean>

	<bean id="bioMatcherNodeParameterConfigurator" class="com.nec.biomatcher.comp.util.BioParameterConfigurator" lazy-init="false">
		<property name="bioParameterService" ref="bioParameterService" />
		<property name="bioParameters">
			<list>
				<value>{ name:"IDLE_SERVER_CHECK_DELAY_MILLI", value="120000", scope="DEFAULT", dataType="NUMBER", description="Idle search/extract/verify node status check delay"}</value>
				<value>{ name:"SN_SEND_SERVER_CAPACITY_TIMEOUT_MILLI", value="1000", scope="DEFAULT", dataType="NUMBER", description="SN Send capacity timeout milliseconds"}</value>
				<value>{ name:"EN_SEND_SERVER_CAPACITY_TIMEOUT_MILLI", value="1000", scope="DEFAULT", dataType="NUMBER", description="EN Send capacity timeout milliseconds"}</value>
				<value>{ name:"VN_SEND_SERVER_CAPACITY_TIMEOUT_MILLI", value="1000", scope="DEFAULT", dataType="NUMBER", description="VN Send capacity timeout milliseconds"}</value>
			</list>
		</property>
	</bean>
		
</beans>
