<?xml version="1.0" encoding="UTF-8" ?>
<!DOCTYPE mapper
		PUBLIC "-//mybatis.org//DTD Mapper 3.0//EN"
		"http://mybatis.org/dtd/mybatis-3-mapper.dtd">
<mapper namespace="jp.co.alsok.g6.zwu.dao.mapper.g6.SZWU9220Mapper">
	<!-- 返却用 -->
	<resultMap id="BaseResultMap" type="jp.co.alsok.g6.zwu.entity.g6.SZWU9220Info">
		<result column="LN_KB_CHIKU" jdbcType="CHAR" property="lnKbChiku" />
		<result column="LN_KNRN_MEIBO_KYUKYU" jdbcType="CHAR" property="lnKnrnMeiboKyukyu" />
		<result column="KNRN_NM" jdbcType="CHAR" property="knrnNm" />
		<result column="LN_KB_CHIKU_KNRN_MEIBO_KANKEI" jdbcType="CHAR" property="lnKbChikuKnrnMeiboKankei" />
		<result column="ORDER_NUM" jdbcType="CHAR" property="orderNum" />
	</resultMap>


	<!-- 警備先地区情報の取得 -->
	<select id="selectRkbChiku" resultMap="BaseResultMap">
		SELECT
		R.LN_KB_CHIKU
		FROM
		A_USER_OPERATION_HANI A 
		INNER JOIN R_KB_CHIKU R 
		    ON A.LN_ACNT_USER_COMMON = #{lnAcntUserCommon} 
		    AND (
		      A.PATH_INF = R.PATH_INF 
		      OR A.PATH_INF = LEFT (R.PATH_INF, 41) 
		      OR A.PATH_INF = LEFT (R.PATH_INF, 20)
		    )
		WHERE
		R.LN_KEIBI = #{lnKeibi}
		AND R.DEL_FLG = '0'
		order by R.SUB_ADDR,LN_KEIBI asc
	</select>


	<!-- 緊急連絡先情報の取得 -->
	<select id="selectLnKbChikuGhs" resultMap="BaseResultMap">
		select
		LN_KNRN_MEIBO_KYUKYU,
		ORDER_NUM,
		KNRN_NM
		from
		R_KNRN_MEIBO_KYUKYU
		inner join R_KB_CHIKU_KNRN_MEIBO_KANKEI
		on R_KNRN_MEIBO_KYUKYU.LN_KB_CHIKU_KNRN_MEIBO_KANKEI = R_KB_CHIKU_KNRN_MEIBO_KANKEI.LN_KB_CHIKU_KNRN_MEIBO_KANKEI
		where
		R_KB_CHIKU_KNRN_MEIBO_KANKEI.LN_KB_CHIKU = #{lnKbChiku}
		AND R_KB_CHIKU_KNRN_MEIBO_KANKEI.MEIBO_KBN = '3'
		AND R_KB_CHIKU_KNRN_MEIBO_KANKEI.DEL_FLG = '0'
		AND R_KNRN_MEIBO_KYUKYU.DEL_FLG = '0'
		order by R_KNRN_MEIBO_KYUKYU.ORDER_NUM asc
	</select>
</mapper>