<?xml version="1.0" encoding="UTF-8"?>
<!DOCTYPE mapper
        PUBLIC "-//mybatis.org//DTD Mapper 3.0//EN"
        "http://mybatis.org/dtd/mybatis-3-mapper.dtd">
<mapper namespace="jp.co.alsok.g6.zwu.dao.mapper.g6.SZWU4300Mapper">
	<!-- 返却用 -->

	<resultMap id="BaseResultMap" type="jp.co.alsok.g6.zwu.entity.g6.SZWU4300Info">
		<id column="PIC_INF" jdbcType="CHAR" property="picInf" />
		<result column="NICK_NAME" jdbcType="CHAR" property="nickName" />
		<result column="PIC_DESCRIPTION" jdbcType="CHAR" property="picDescription" />
		<result column="REGIST_TS" jdbcType="CHAR" property="registTs" />
		<result column="AUTH_LIMIT" jdbcType="CHAR" property="authLimit" />
		<result column="LN_R_AUTH_PIC_INF" jdbcType="CHAR" property="lnRAuthPicInf" />
		<result column="AUTH_LIMIT_FLG" jdbcType="CHAR" property="authLimitFlg" />

	</resultMap>

	<!-- 検索結果一覧の取得 -->

	<select id="selectSZWU4300InfoList" parameterType="java.util.HashMap" resultMap="BaseResultMap">
		SELECT DISTINCT
			T2.PIC_INF_CUTCOUT AS PIC_INF,
			T2.NICK_NAME,
			T2.PIC_DESCRIPTION,
			DATE_FORMAT(
				T2.REGIST_TS,
				"%Y/%m/%d %T"
			) AS REGIST_TS,
			DATE_FORMAT(
				T2.AUTH_LIMIT,
				"%Y/%m/%d %T"
			) AS AUTH_LIMIT,
			T2.LN_R_AUTH_PIC_INF,
			T2.AUTH_LIMIT_FLG,
			T2.REGIST_TS
		FROM
			R_PIC_INF_DEV_STS T1
		LEFT JOIN R_AUTH_PIC_INF T2 ON T1.LN_R_AUTH_PIC_INF = T2.LN_R_AUTH_PIC_INF
		WHERE
			T2.NICK_NAME LIKE CONCAT(CONCAT('%', #{nickName}, '%')) ESCAPE '/'
		AND T2.PIC_DESCRIPTION LIKE CONCAT(CONCAT('%', #{picDescription}, '%')) ESCAPE '/'
		AND T2.DEL_FLG = '0'
		AND T1.DEL_FLG = '0'
		AND T2.PIC_KIND = '2'
		AND T2.PIC_INF_CUTCOUT LIKE '${picInf}%'
		ORDER BY
			T2.NICK_NAME ${nickNameOrder}, T2.REGIST_TS ${registTsOrder}

		limit #{offset} , #{pageSize}
	</select>

	<!-- 検索結果一覧件数の取得 -->
	<select id="searchListInfoCnt" parameterType="java.util.HashMap" resultType="java.lang.Integer">
		SELECT
			COUNT(DISTINCT T1.LN_R_AUTH_PIC_INF)
		FROM
			R_PIC_INF_DEV_STS T1
		LEFT JOIN R_AUTH_PIC_INF T2
		ON T1.LN_R_AUTH_PIC_INF = T2.LN_R_AUTH_PIC_INF
		WHERE
			T2.NICK_NAME LIKE CONCAT(CONCAT('%', #{nickName}, '%')) ESCAPE '/'
		AND T2.PIC_DESCRIPTION LIKE CONCAT(CONCAT('%', #{picDescription}, '%')) ESCAPE '/'
		AND T2.DEL_FLG = '0'
		AND T1.DEL_FLG = '0'
		AND T2.PIC_KIND = '2'
		AND T2.PIC_INF_CUTCOUT LIKE '${picInf}%'
	</select>

	<!-- 登録台数の取得 -->
	<select id="searchRegistCount" parameterType="java.util.HashMap" resultType="java.lang.Integer">
		SELECT
			COUNT(T1.LN_R_AUTH_PIC_INF) AS count
		FROM
			R_PIC_INF_DEV_STS T1
		WHERE
			T1.LN_R_AUTH_PIC_INF = #{lnRAuthPicInf}
		AND T1.DEL_FLG = '0'
		AND (T1.AUTH_STS='1' OR (T1.AUTH_STS='2' AND T1.REGIST_STS_KBN='1'))
	</select>

</mapper>