<?xml version="1.0" encoding="UTF-8" ?>
<!DOCTYPE mapper
        PUBLIC "-//mybatis.org//DTD Mapper 3.0//EN"
        "http://mybatis.org/dtd/mybatis-3-mapper.dtd">
<mapper namespace="jp.co.alsok.g6.zwu.dao.mapper.g6.SZWU4900Mapper">

	<resultMap id="BaseResultMap" type="jp.co.alsok.g6.zwu.entity.g6.SZWU4900Info">
		<result column="lnAcntUserCommon" jdbcType="CHAR" property="lnAcntUserCommon" />
		<result column="lnKeibiMailSendSetting" jdbcType="CHAR" property="lnKeibiMailSendSetting" />
		<result column="keibiName1" jdbcType="CHAR" property="keibiName1" />
		<result column="sdKobetuNm" jdbcType="CHAR" property="sdKobetuNm" />
		<result column="subAddr" jdbcType="CHAR" property="subAddr" />
		<result column="keibiOpeSendKbn" jdbcType="CHAR" property="keibiOpeSendKbn" />
		<result column="keihoSendKbn" jdbcType="CHAR" property="keihoSendKbn" />
		<result column="registPersonSendKbn" jdbcType="CHAR" property="registPersonSendKbn" />
		<result column="importantCrimeSendKbn" jdbcType="CHAR" property="importantCrimeSendKbn" />
		<result column="otherSendKbn" jdbcType="CHAR" property="otherSendKbn" />
		<result column="lnKeibiMailSendSetting" jdbcType="CHAR" property="lnKeibiMailSendSetting" />
		<result column="updateTs" jdbcType="CHAR" property="updateTs" />
		<result column="pathInf" jdbcType="CHAR" property="pathInf" />
	</resultMap>
	<!-- 警備先メール送信設定情報の取得 -->
	<select id="selectSendMailInfo" parameterType="java.util.HashMap" resultMap="BaseResultMap">
      <![CDATA[
		SELECT
		  B.PATH_INF AS pathInf
		  , D.LN_ACNT_USER_COMMON AS lnAcntUserCommon
		  , C.KEIBI_NAME1 AS keibiName1
		  , B.SD_KOBETU_NM AS sdKobetuNm
		  , B.SUB_ADDR AS subAddr
		  , IFNULL(D.KEIBI_OPE_SEND_KBN, 0) AS keibiOpeSendKbn
		  , IFNULL(D.KEIHO_SEND_KBN, 0) AS keihoSendKbn
		  , IFNULL(D.REGIST_PERSON_SEND_KBN, 0) AS registPersonSendKbn
		  , IFNULL(D.IMPORTANT_CRIME_SEND_KBN, 0) AS importantCrimeSendKbn
		  , IFNULL(D.OTHER_SEND_KBN, 0) AS otherSendKbn 
		FROM
		  A_USER_OPERATION_HANI A 
		  INNER JOIN R_KB_CHIKU B 
		    ON A.LN_ACNT_USER_COMMON = #{lnAcntUserCommon} 
		    AND ( 
		      A.PATH_INF = B.PATH_INF 
		      OR A.PATH_INF = 
		        LEFT (B.PATH_INF, 41) 
		        OR A.PATH_INF = 
		        LEFT (B.PATH_INF, 20)
		    ) 
		    AND B.DEL_FLG = '0' 
		  INNER JOIN R_KEIBI C 
		    ON B.LN_KEIBI = C.LN_KEIBI 
		    AND C.DEL_FLG = '0' 
		  LEFT JOIN R_KEIBI_MAIL_SEND_SETTING D 
		    ON A.LN_ACNT_USER_COMMON = D.LN_ACNT_USER_COMMON 
		    AND B.PATH_INF = D.PATH_INF 
		    AND D.DEL_FLG = '0' 
		GROUP BY
		  B.PATH_INF
		  , D.LN_ACNT_USER_COMMON
		  , C.KEIBI_NAME1
		  , B.LN_KEIBI
		  , B.PATH_INF
		  , B.SD_KOBETU_NM
		  , B.SUB_ADDR
		  , D.KEIBI_OPE_SEND_KBN
		  , D.KEIHO_SEND_KBN
		  , D.REGIST_PERSON_SEND_KBN
		  , D.IMPORTANT_CRIME_SEND_KBN
		  , D.OTHER_SEND_KBN
		ORDER BY
			LEFT(B.PATH_INF, 20), B.LN_KEIBI, B.SUB_ADDR
          ]]>
	</select>

	<!-- 警備先メール送信設定のロック -->
	<select id="selectRKeibiMailSendSetting" resultType="java.lang.Integer">
		SELECT 
			COUNT(LN_KEIBI_MAIL_SEND_SETTING)
		FROM
		    R_KEIBI_MAIL_SEND_SETTING
		WHERE 0 = 0
		<if test="lnKeibiMailSendSetting != null and lnKeibiMailSendSetting !=''">
			AND LN_KEIBI_MAIL_SEND_SETTING = #{lnKeibiMailSendSetting}
		</if>
		<if test="updateTs != null">
			AND UPDATE_TS = #{updateTs}
		</if>
	</select>

	<!-- メール送信フラグの更新（次期警備） -->
	<update id="updateRKeibiMailSendSetting" parameterType="java.util.Map">
		UPDATE R_KEIBI_MAIL_SEND_SETTING
		<set>
			<if test="lnAcntUserCommon != null">
				LN_ACNT_USER_COMMON = #{lnAcntUserCommon,jdbcType=CHAR},
			</if>
			<if test="pathInf != null">
				PATH_INF = #{pathInf,jdbcType=CHAR},
			</if>
			<if test="keibiOpeSendKbn != null">
				KEIBI_OPE_SEND_KBN = #{keibiOpeSendKbn,jdbcType=CHAR},
			</if>
			<if test="keihoSendKbn != null">
				KEIHO_SEND_KBN = #{keihoSendKbn,jdbcType=CHAR},
			</if>
			<if test="registPersonSendKbn != null">
				REGIST_PERSON_SEND_KBN = #{registPersonSendKbn,jdbcType=CHAR},
			</if>
			<if test="importantCrimeSendKbn != null">
				IMPORTANT_CRIME_SEND_KBN = #{importantCrimeSendKbn,jdbcType=CHAR},
			</if>
			<if test="otherSendKbn != null">
				OTHER_SEND_KBN = #{otherSendKbn,jdbcType=CHAR},
			</if>
			<if test="delFlg != null">
				DEL_FLG = #{delFlg,jdbcType=CHAR},
			</if>
			<if test="insertId != null">
				INSERT_ID = #{insertId,jdbcType=CHAR},
			</if>
			<if test="insertNm != null">
				INSERT_NM = #{insertNm,jdbcType=CHAR},
			</if>
			<if test="insertTs != null">
				INSERT_TS = #{insertTs,jdbcType=TIMESTAMP},
			</if>
			<if test="updateId != null">
				UPDATE_ID = #{updateId,jdbcType=CHAR},
			</if>
			<if test="updateNm != null">
				UPDATE_NM = #{updateNm,jdbcType=CHAR},
			</if>
			<if test="updateTs != null">
				UPDATE_TS = #{updateTs,jdbcType=TIMESTAMP},
			</if>
		</set>
		WHERE LN_KEIBI_MAIL_SEND_SETTING = #{lnKeibiMailSendSetting,jdbcType=CHAR}
	</update>

	<!-- 警備先メール送信設定を削除（次期警備）-->
	<update id="deleteRKeibiMailSendSetting" parameterType="java.util.Map">
		UPDATE R_KEIBI_MAIL_SEND_SETTING
		<set>
			<if test="delFlg != null">
				DEL_FLG = #{delFlg,jdbcType=CHAR},
			</if>
			<if test="updateId != null">
				UPDATE_ID = #{updateId,jdbcType=CHAR},
			</if>
			<if test="updateNm != null">
				UPDATE_NM = #{updateNm,jdbcType=CHAR},
			</if>
			<if test="updateTs != null">
				UPDATE_TS = #{updateTs,jdbcType=TIMESTAMP},
			</if>
		</set>
		WHERE LN_ACNT_USER_COMMON = #{lnAcntUserCommon,jdbcType=CHAR}
	</update>
	
	<insert id="insertRKeibiMailSendSetting" parameterType="java.util.HashMap">
		INSERT INTO R_KEIBI_MAIL_SEND_SETTING
		<trim prefix="(" suffix=")" suffixOverrides=",">
			<if test="lnKeibiMailSendSetting != null">
				LN_KEIBI_MAIL_SEND_SETTING,
			</if>
			<if test="lnAcntUserCommon != null">
				LN_ACNT_USER_COMMON,
			</if>
			<if test="pathInf != null">
				PATH_INF,
			</if>
			<if test="keibiOpeSendKbn != null">
				KEIBI_OPE_SEND_KBN,
			</if>
			<if test="keihoSendKbn != null">
				KEIHO_SEND_KBN,
			</if>
			<if test="registPersonSendKbn != null">
				REGIST_PERSON_SEND_KBN,
			</if>
			<if test="importantCrimeSendKbn != null">
				IMPORTANT_CRIME_SEND_KBN,
			</if>
			<if test="otherSendKbn != null">
				OTHER_SEND_KBN,
			</if>
			<if test="delFlg != null">
				DEL_FLG,
			</if>
			<if test="insertId != null">
				INSERT_ID,
			</if>
			<if test="insertNm != null">
				INSERT_NM,
			</if>
			<if test="insertTs != null">
				INSERT_TS,
			</if>
			<if test="updateId != null">
				UPDATE_ID,
			</if>
			<if test="updateNm != null">
				UPDATE_NM,
			</if>
			<if test="updateTs != null">
				UPDATE_TS,
			</if>
		</trim>
		<trim prefix="values (" suffix=")" suffixOverrides=",">
			<if test="lnKeibiMailSendSetting != null">
				#{lnKeibiMailSendSetting},
			</if>
			<if test="lnAcntUserCommon != null">
				#{lnAcntUserCommon},
			</if>
			<if test="pathInf != null">
				#{pathInf},
			</if>
			<if test="keibiOpeSendKbn != null">
				#{keibiOpeSendKbn},
			</if>
			<if test="keihoSendKbn != null">
				#{keihoSendKbn},
			</if>
			<if test="registPersonSendKbn != null">
				#{registPersonSendKbn},
			</if>
			<if test="importantCrimeSendKbn != null">
				#{importantCrimeSendKbn},
			</if>
			<if test="otherSendKbn != null">
				#{otherSendKbn},
			</if>
			<if test="delFlg != null">
				#{delFlg},
			</if>
			<if test="insertId != null">
				#{insertId},
			</if>
			<if test="insertNm != null">
				#{insertNm},
			</if>
			<if test="insertTs != null">
				#{insertTs},
			</if>
			<if test="updateId != null">
				#{updateId},
			</if>
			<if test="updateNm != null">
				#{updateNm},
			</if>
			<if test="updateTs != null">
				#{updateTs},
			</if>
		</trim>
	</insert>
	<!-- I)アカウント変更メール送信依頼-->
	<insert id="insertCQueMlTrig" parameterType="java.util.HashMap">
		INSERT INTO C_QUE_ML_TRIG
		<trim prefix="(" suffix=")" suffixOverrides=",">
			<if test="lnMlTrig != null">
				LN_ML_TRIG,
			</if>
			<if test="kind != null">
				KIND,
			</if>
			<if test="sts != null">
				STS,
			</if>
			<if test="lnKbInf != null">
				LN_KB_INF,
			</if>
			<if test="lnNotice != null">
				LN_NOTICE,
			</if>
			<if test="sendAblTs != null">
				SEND_ABL_TS,
			</if>
			<if test="lnKbChiku != null">
				LN_KB_CHIKU,
			</if>
			<if test="lnTenantMng != null">
				LN_TENANT_MNG,
			</if>
			<if test="alsokNoticeSendSvcKind != null">
				ALSOK_NOTICE_SEND_SVC_KIND,
			</if>
			<if test="lnAcntUserCommon != null">
				LN_ACNT_USER_COMMON,
			</if>
			<if test="fileNmTo != null">
				FILE_NM_TO,
			</if>
			<if test="getKindTo != null">
				GET_KIND_TO,
			</if>
			<if test="item1 != null">
				ITEM1,
			</if>
			<if test="item2 != null">
				ITEM2,
			</if>
			<if test="item3 != null">
				ITEM3,
			</if>
			<if test="item4 != null">
				ITEM4,
			</if>
			<if test="item5 != null">
				ITEM5,
			</if>
			<if test="item6 != null">
				ITEM6,
			</if>
			<if test="item7 != null">
				ITEM7,
			</if>
			<if test="item8 != null">
				ITEM8,
			</if>
			<if test="item9 != null">
				ITEM9,
			</if>
			<if test="item10 != null">
				ITEM10,
			</if>
			<if test="item11 != null">
				ITEM11,
			</if>
			<if test="item12 != null">
				ITEM12,
			</if>
			<if test="item13 != null">
				ITEM13,
			</if>
			<if test="item14 != null">
				ITEM14,
			</if>
			<if test="item15 != null">
				ITEM15,
			</if>
			<if test="item16 != null">
				ITEM16,
			</if>
			<if test="item17 != null">
				ITEM17,
			</if>
			<if test="item18 != null">
				ITEM18,
			</if>
			<if test="item19 != null">
				ITEM19,
			</if>
			<if test="item20 != null">
				ITEM20,
			</if>
			<if test="item21 != null">
				ITEM21,
			</if>
			<if test="item22 != null">
				ITEM22,
			</if>
			<if test="item23 != null">
				ITEM23,
			</if>
			<if test="item24 != null">
				ITEM24,
			</if>
			<if test="item25 != null">
				ITEM25,
			</if>
			<if test="item26 != null">
				ITEM26,
			</if>
			<if test="item27 != null">
				ITEM27,
			</if>
			<if test="item28 != null">
				ITEM28,
			</if>
			<if test="item29 != null">
				ITEM29,
			</if>
			<if test="item30 != null">
				ITEM30,
			</if>
			<if test="item31 != null">
				ITEM31,
			</if>
			<if test="item32 != null">
				ITEM32,
			</if>
			<if test="item33 != null">
				ITEM33,
			</if>
			<if test="item34 != null">
				ITEM34,
			</if>
			<if test="item35 != null">
				ITEM35,
			</if>
			<if test="item36 != null">
				ITEM36,
			</if>
			<if test="item37 != null">
				ITEM37,
			</if>
			<if test="item38 != null">
				ITEM38,
			</if>
			<if test="item39 != null">
				ITEM39,
			</if>
			<if test="item40 != null">
				ITEM40,
			</if>
			<if test="item41 != null">
				ITEM41,
			</if>
			<if test="item42 != null">
				ITEM42,
			</if>
			<if test="item43 != null">
				ITEM43,
			</if>
			<if test="item44 != null">
				ITEM44,
			</if>
			<if test="item45 != null">
				ITEM45,
			</if>
			<if test="item46 != null">
				ITEM46,
			</if>
			<if test="item47 != null">
				ITEM47,
			</if>
			<if test="item48 != null">
				ITEM48,
			</if>
			<if test="item49 != null">
				ITEM49,
			</if>
			<if test="item50 != null">
				ITEM50,
			</if>
			<if test="insertId != null">
				INSERT_ID,
			</if>
			<if test="insertNm != null">
				INSERT_NM,
			</if>
			<if test="insertTs != null">
				INSERT_TS,
			</if>
			<if test="updateId != null">
				UPDATE_ID,
			</if>
			<if test="updateNm != null">
				UPDATE_NM,
			</if>
			<if test="updateTs != null">
				UPDATE_TS,
			</if>
		</trim>
		<trim prefix="values (" suffix=")" suffixOverrides=",">
			<if test="lnMlTrig != null">
				#{lnMlTrig},
			</if>
			<if test="kind != null">
				#{kind},
			</if>
			<if test="sts != null">
				#{sts},
			</if>
			<if test="lnKbInf != null">
				#{lnKbInf},
			</if>
			<if test="lnNotice != null">
				#{lnNotice},
			</if>
			<if test="sendAblTs != null">
				#{sendAblTs},
			</if>
			<if test="lnKbChiku != null">
				#{lnKbChiku},
			</if>
			<if test="lnTenantMng != null">
				#{lnTenantMng},
			</if>
			<if test="alsokNoticeSendSvcKind != null">
				#{alsokNoticeSendSvcKind},
			</if>
			<if test="lnAcntUserCommon != null">
				#{lnAcntUserCommon},
			</if>
			<if test="fileNmTo != null">
				#{fileNmTo},
			</if>
			<if test="getKindTo != null">
				#{getKindTo},
			</if>
			<if test="item1 != null">
				#{item1},
			</if>
			<if test="item2 != null">
				#{item2},
			</if>
			<if test="item3 != null">
				#{item3},
			</if>
			<if test="item4 != null">
				#{item4},
			</if>
			<if test="item5 != null">
				#{item5},
			</if>
			<if test="item6 != null">
				#{item6},
			</if>
			<if test="item7 != null">
				#{item7},
			</if>
			<if test="item8 != null">
				#{item8},
			</if>
			<if test="item9 != null">
				#{item9},
			</if>
			<if test="item10 != null">
				#{item10},
			</if>
			<if test="item11 != null">
				#{item11},
			</if>
			<if test="item12 != null">
				#{item12},
			</if>
			<if test="item13 != null">
				#{item13},
			</if>
			<if test="item14 != null">
				#{item14},
			</if>
			<if test="item15 != null">
				#{item15},
			</if>
			<if test="item16 != null">
				#{item16},
			</if>
			<if test="item17 != null">
				#{item17},
			</if>
			<if test="item18 != null">
				#{item18},
			</if>
			<if test="item19 != null">
				#{item19},
			</if>
			<if test="item20 != null">
				#{item20},
			</if>
			<if test="item21 != null">
				#{item21},
			</if>
			<if test="item22 != null">
				#{item22},
			</if>
			<if test="item23 != null">
				#{item23},
			</if>
			<if test="item24 != null">
				#{item24},
			</if>
			<if test="item25 != null">
				#{item25},
			</if>
			<if test="item26 != null">
				#{item26},
			</if>
			<if test="item27 != null">
				#{item27},
			</if>
			<if test="item28 != null">
				#{item28},
			</if>
			<if test="item29 != null">
				#{item29},
			</if>
			<if test="item30 != null">
				#{item30},
			</if>
			<if test="item31 != null">
				#{item31},
			</if>
			<if test="item32 != null">
				#{item32},
			</if>
			<if test="item33 != null">
				#{item33},
			</if>
			<if test="item34 != null">
				#{item34},
			</if>
			<if test="item35 != null">
				#{item35},
			</if>
			<if test="item36 != null">
				#{item36},
			</if>
			<if test="item37 != null">
				#{item37},
			</if>
			<if test="item38 != null">
				#{item38},
			</if>
			<if test="item39 != null">
				#{item39},
			</if>
			<if test="item40 != null">
				#{item40},
			</if>
			<if test="item41 != null">
				#{item41},
			</if>
			<if test="item42 != null">
				#{item42},
			</if>
			<if test="item43 != null">
				#{item43},
			</if>
			<if test="item44 != null">
				#{item44},
			</if>
			<if test="item45 != null">
				#{item45},
			</if>
			<if test="item46 != null">
				#{item46},
			</if>
			<if test="item47 != null">
				#{item47},
			</if>
			<if test="item48 != null">
				#{item48},
			</if>
			<if test="item49 != null">
				#{item49},
			</if>
			<if test="item50 != null">
				#{item50},
			</if>
			<if test="insertId != null">
				#{insertId},
			</if>
			<if test="insertNm != null">
				#{insertNm},
			</if>
			<if test="insertTs != null">
				#{insertTs},
			</if>
			<if test="updateId != null">
				#{updateId},
			</if>
			<if test="updateNm != null">
				#{updateNm},
			</if>
			<if test="updateTs != null">
				#{updateTs},
			</if>
		</trim>
	</insert>

</mapper>