<?xml version="1.0" encoding="UTF-8" ?>
<!DOCTYPE mapper
        PUBLIC "-//mybatis.org//DTD Mapper 3.0//EN"
        "http://mybatis.org/dtd/mybatis-3-mapper.dtd">
<mapper namespace="jp.co.alsok.g6.zwu.dao.mapper.g6.SZWU3500Mapper">
  <!-- 返却用 -->
  <resultMap id="BaseResultMap" type="jp.co.alsok.g6.zwu.entity.g6.SZWU3500Info">
    <id column="LN_R_AUTH_PIC_INF" jdbcType="CHAR" property="lnRAuthPicInf" />
    <result column="PIC_INF" jdbcType="CHAR" property="picInf" />
    <result column="NICK_NAME" jdbcType="CHAR" property="nickName" />
    <result column="PIC_DESCRIPTION" jdbcType="CHAR" property="picDescription" />
    <result column="REGIST_TS" jdbcType="CHAR" property="registTs" />
    <result column="AUTH_LIMIT_FLG" jdbcType="CHAR" property="authLimitFlg" />
    <result column="AUTH_LIMIT" jdbcType="CHAR" property="authLimit" />
  </resultMap>

  <resultMap id="CsvResultMap" type="jp.co.alsok.g6.zwu.entity.g6.SZWU3500Info">
    <id column="LN_R_AUTH_PIC_INF" jdbcType="CHAR" property="lnRAuthPicInf" />
    <result column="PIC_INF" jdbcType="CHAR" property="picInf" />
    <result column="NICK_NAME" jdbcType="CHAR" property="nickName" />
    <result column="PIC_DESCRIPTION" jdbcType="CHAR" property="picDescription" />
    <result column="REGIST_TS" jdbcType="CHAR" property="registTs" />
    <result column="AUTH_LIMIT_FLG" jdbcType="CHAR" property="authLimitFlg" />
    <result column="AUTH_LIMIT" jdbcType="CHAR" property="authLimit" />
  </resultMap>
  <!-- 返却用 -->
  <resultMap id="BaseResultMap2" type="jp.co.alsok.g6.zwu.entity.g6.SZWU3500Info">
    <id column="LN_R_AUTH_PIC_INF" jdbcType="CHAR" property="lnRAuthPicInf" />
    <result column="LN_DEV" jdbcType="CHAR" property="lnDev" />
  </resultMap>

    <!-- 検索結果一覧の取得 -->
  <select id="searchListAllInfo" resultMap="CsvResultMap">
	SELECT
		T1.LN_R_AUTH_PIC_INF,
		T1.PIC_INF_CUTCOUT AS PIC_INF,
		T1.NICK_NAME,
		T1.PIC_DESCRIPTION,
		T1.REGIST_TS,
		T1.AUTH_LIMIT_FLG,
		T1.AUTH_LIMIT
	FROM
		R_AUTH_PIC_INF T1
	WHERE
		T1.DEL_FLG = '0'
	<if test="nickName != null and nickName.length() > 0">
		AND T1.NICK_NAME LIKE CONCAT(CONCAT('%', #{nickName}, '%')) ESCAPE '/'
	</if>
	<if test="picDescription != null and picDescription.length() > 0">
		AND T1.PIC_DESCRIPTION = #{picDescription}
	</if>
	AND DATE_FORMAT(T1.INSERT_TS,'%Y%m%d') &gt;= #{insertFromDate}
	AND DATE_FORMAT(T1.INSERT_TS,'%Y%m%d') &lt;= #{insertToDate}
	<if test="authToDate != null and authToDate.length() > 0">
		AND T1.AUTH_LIMIT &lt;= #{authToDate}
	</if>
	AND T1.PIC_INF_CUTCOUT LIKE '${picInf}%'
	AND T1.PIC_KIND=#{picKind}
	ORDER BY ${orderBySql}
  </select>

  <!-- 検索結果一覧の取得 -->
  <select id="searchListInfo" resultMap="BaseResultMap">
	SELECT
		T1.LN_R_AUTH_PIC_INF,
		T1.PIC_INF_CUTCOUT AS PIC_INF,
		T1.NICK_NAME,
		T1.PIC_DESCRIPTION,
		T1.REGIST_TS,
		T1.AUTH_LIMIT_FLG,
		T1.AUTH_LIMIT
	FROM
		R_AUTH_PIC_INF T1
	WHERE
		T1.DEL_FLG = '0'
	<if test="nickName != null and nickName.length() > 0">
		AND T1.NICK_NAME LIKE CONCAT(CONCAT('%', #{nickName}, '%')) ESCAPE '/'
	</if>
	<if test="picDescription != null and picDescription.length() > 0">
		AND T1.PIC_DESCRIPTION = #{picDescription}
	</if>
	AND DATE_FORMAT(T1.INSERT_TS,'%Y%m%d') &gt;= #{insertFromDate}
	AND DATE_FORMAT(T1.INSERT_TS,'%Y%m%d') &lt;= #{insertToDate}
	<if test="authToDate != null and authToDate.length() > 0">
		AND T1.AUTH_LIMIT &lt;= #{authToDate}
	</if>
	AND T1.PIC_INF_CUTCOUT LIKE '${picInf}%'
	AND T1.PIC_KIND=#{picKind}
	ORDER BY ${orderBySql}

	 LIMIT #{offset} , #{pageSize}

  </select>

  <!-- 検索結果一覧件数の取得 -->
  <select id="searchListCnt" resultType="java.lang.Integer">
    SELECT
        COUNT(T1.LN_R_AUTH_PIC_INF)
    FROM
        R_AUTH_PIC_INF T1
    WHERE
        T1.DEL_FLG = '0'
	<if test="nickName != null and nickName.length() > 0">
		AND T1.NICK_NAME LIKE CONCAT(CONCAT('%', #{nickName}, '%')) ESCAPE '/'
	</if>
	<if test="picDescription != null and picDescription.length() > 0">
		AND T1.PIC_DESCRIPTION = #{picDescription}
	</if>
	AND DATE_FORMAT(T1.INSERT_TS,'%Y%m%d') &gt;= #{insertFromDate}
	AND DATE_FORMAT(T1.INSERT_TS,'%Y%m%d') &lt;= #{insertToDate}
	<if test="authToDate != null and authToDate.length() > 0">
		AND T1.AUTH_LIMIT &lt;= #{authToDate}
	</if>
	AND T1.PIC_INF_CUTCOUT LIKE '${picInf}%'
	AND T1.PIC_KIND=#{picKind}

  </select>

  <!-- レコード件数 -->
  <select id="searchCountByLnRAuthPicInf" resultType="java.lang.Integer">
	SELECT
		COUNT(LN_R_AUTH_PIC_INF)
	FROM
		R_PIC_INF_DEV_STS
	WHERE
		LN_R_AUTH_PIC_INF = #{lnRAuthPicInf}
		<if test="authSts != 1">
			AND AUTH_STS = #{authSts}
		</if>
		<if test="authSts == 1">
			AND 
				(AUTH_STS = #{authSts} 
				OR (AUTH_STS ='2' AND REGIST_STS_KBN='1'))
		</if>
  </select>

  <!-- 認証画像存在チェック -->
  <select id="searchIdByLnRAuthPicInf" resultType="java.lang.String">
	SELECT
		LN_R_AUTH_PIC_INF
	FROM
		R_AUTH_PIC_INF
	WHERE
		LN_R_AUTH_PIC_INF = #{lnRAuthPicInf}
	AND DEL_FLG = '0'
  </select>

  <!-- 対象画像が登録されてる装置を検索する -->
  <select id="searchIdByLnRAuthPicInf2" resultMap="BaseResultMap2">
	SELECT
		LN_R_AUTH_PIC_INF,LN_DEV
	FROM
		R_PIC_INF_DEV_STS
	WHERE
		LN_R_AUTH_PIC_INF = #{lnRAuthPicInf}
	AND DEL_FLG = '0'
	AND AUTH_STS = '1'
  </select>

  <!-- 10-3.認証終了処理ＤＢ更新内容 A)認証画像状態 -->
  <update id="updateRPicInfDevSts">
	UPDATE R_PIC_INF_DEV_STS
	SET REGIST_STS_KBN = '8',
	 UPDATE_ID = #{lnAcntUserCommon},
	 UPDATE_NM = #{acntNm},
	 UPDATE_TS = #{updateTs}
	WHERE
		LN_R_AUTH_PIC_INF = #{lnRAuthPicInf}
	AND LN_DEV = #{lnDev}
  </update>

  <!-- 削除可能な画像かどうかチェックする -->
  <select id="searchDelCountById" resultType="java.lang.Integer">
	SELECT
		COUNT(LN_R_AUTH_PIC_INF)
	FROM
		R_PIC_INF_DEV_STS
	WHERE
		LN_R_AUTH_PIC_INF = #{lnRAuthPicInf}
	AND AUTH_STS = '3'
    AND REGIST_STS_KBN = '0'
  </select>

  <!-- 認証画像情報を論理削除する -->
  <update id="deleteLnRAuthPicInfFByLnRAuthPicInf">
	UPDATE R_AUTH_PIC_INF SET
	DEL_FLG = '1',
	UPDATE_ID = #{lnAcntUserCommon},
	UPDATE_NM = #{acntNm},
	UPDATE_TS = #{updateTs}
	WHERE LN_R_AUTH_PIC_INF = #{lnRAuthPicInf}
  </update>

	<!-- C)認証画像のステータスチェック. -->
	<select id="searchRAuthPicInf" resultType="java.lang.Integer">
		SELECT
			COUNT(LN_R_AUTH_PIC_INF)
		FROM
			R_PIC_INF_DEV_STS
		WHERE
			(
				AUTH_STS &lt;&gt; '1'
				OR DEL_FLG &lt;&gt; '0'
			)
		<if test="lnRAuthPicInf != null and lnRAuthPicInf.length > 0">
			AND LN_R_AUTH_PIC_INF IN
			<foreach item="item" index="index" collection="lnRAuthPicInf" open="(" separator="," close=")">
				#{item}
			</foreach>
		</if>
	</select>
	
	<!-- C)認証画像のステータスチェック. -->
	<select id="searchRAuthPicInf1" resultType="java.lang.Integer">
		SELECT
			COUNT(LN_R_AUTH_PIC_INF)
		FROM
			R_PIC_INF_DEV_STS
		WHERE
		(
			AUTH_STS='1'
			OR(
				AUTH_STS='2' 
				AND REGIST_STS_KBN='1'
			)
		)
		<if test="lnRAuthPicInf != null and lnRAuthPicInf.length > 0">
			AND LN_R_AUTH_PIC_INF IN
			<foreach item="item" index="index" collection="lnRAuthPicInf" open="(" separator="," close=")">
				#{item}
			</foreach>
		</if>
	</select>
	<!-- D)認証画像状態の取得（認証画像存在チェック） -->
	<select id="searchIdByRPicInfDevSts" resultType="java.lang.String">
		SELECT
			LN_R_AUTH_PIC_INF
		FROM
			R_PIC_INF_DEV_STS
		WHERE
			LN_R_AUTH_PIC_INF = #{lnRAuthPicInf}
		AND DEL_FLG = '0'
	</select>
	<!-- 認証画像情報を論理削除する -->
	<update id="updateRPicInfDevStsForDelete">
		UPDATE R_PIC_INF_DEV_STS SET
		DEL_FLG = '1',
		UPDATE_ID = #{lnAcntUserCommon},
		UPDATE_NM = #{acntNm},
		UPDATE_TS = #{updateTs}
		WHERE LN_R_AUTH_PIC_INF = #{lnRAuthPicInf}
	</update>
</mapper>