<?xml version="1.0" encoding="UTF-8" ?>
<!DOCTYPE mapper
        PUBLIC "-//mybatis.org//DTD Mapper 3.0//EN"
        "http://mybatis.org/dtd/mybatis-3-mapper.dtd">
<mapper namespace="jp.co.alsok.g6.zwu.dao.mapper.g6.SZWU7300Mapper">
  <!-- 返却用 -->
  <resultMap id="BaseResultMap" type="jp.co.alsok.g6.zwu.entity.g6.SZWU7300Info">
    <result column="lnAcntUserCommon" jdbcType="CHAR" property="lnAcntUserCommon" />
    <result column="lnAcntPreRgst" jdbcType="CHAR" property="lnAcntPreRgst" />
    <result column="lnAcntCommon" jdbcType="CHAR" property="lnAcntKeiyk" />
    <result column="passWd" jdbcType="CHAR" property="passWd" />
    <result column="jigyouNm" jdbcType="CHAR" property="jigyouNm" />
    <result column="jigyouTelNum" jdbcType="CHAR" property="jigyouTelNum" />
  </resultMap>

  <!-- 利用者アカウントのロック -->
  <select id="searchAAcntUser" resultMap="BaseResultMap">
	SELECT 
		LN_ACNT_USER_COMMON AS lnAcntUserCommon
	from 
		A_ACNT_USER
	where 
		ln_acnt_user_common = #{lnAcntUserCommon}
  </select>
  
  <!-- 利用者アカウント仮登録のロック -->
  <select id="searchAAcntPreUser" resultMap="BaseResultMap">
	SELECT
		LN_ACNT_PRE_RGST AS lnAcntPreRgst
	FROM
		A_ACNT_PRE_USER
	WHERE
		LN_ACNT_USER_COMMON = #{lnAcntUserCommon}
  </select>

  <!-- 利用者アカウント情報更新処理 -->
  <update id="updateAAcntUser" parameterType="java.util.Map" >
    UPDATE A_ACNT_USER
    <set >
      <if test="knrnFlg != null" >
        KNRN_FLG = #{knrnFlg,jdbcType=CHAR},
      </if>
      <if test="cardFlg != null" >
        CARD_FLG = #{cardFlg,jdbcType=CHAR},
      </if>
      <if test="mlSts != null" >
        ML_STS = #{mlSts,jdbcType=CHAR},
      </if>
      <if test="mlSendFlg != null" >
        ML_SEND_FLG = #{mlSendFlg,jdbcType=CHAR},
      </if>
      <if test="mlErrCd != null" >
        ML_ERR_CD = #{mlErrCd,jdbcType=CHAR},
      </if>
      <if test="mlSendSts != null" >
        ML_SEND_STS = #{mlSendSts,jdbcType=CHAR},
      </if>
      <if test="mlAddrTouroku != null" >
        ML_ADDR_TOUROKU = #{mlAddrTouroku,jdbcType=CHAR},
      </if>
      <if test="tourokuBikou != null" >
        TOUROKU_BIKOU = #{tourokuBikou,jdbcType=VARCHAR},
      </if>
      <if test="alsokBikou != null" >
        ALSOK_BIKOU = #{alsokBikou,jdbcType=VARCHAR},
      </if>
      <if test="checkSts != null" >
        CHECK_STS = #{checkSts,jdbcType=CHAR},
      </if>
      <if test="lastLoginTs != null" >
        LAST_LOGIN_TS = #{lastLoginTs,jdbcType=TIMESTAMP},
      </if>
      <if test="stsUpdTs != null" >
        STS_UPD_TS = #{stsUpdTs,jdbcType=TIMESTAMP},
      </if>
      <if test="webEturanFlg != null" >
        WEB_ETURAN_FLG = #{webEturanFlg,jdbcType=CHAR},
      </if>
      <if test="insertId != null" >
        INSERT_ID = #{insertId,jdbcType=CHAR},
      </if>
      <if test="insertNm != null" >
        INSERT_NM = #{insertNm,jdbcType=CHAR},
      </if>
      <if test="insertTs != null" >
        INSERT_TS = #{insertTs,jdbcType=TIMESTAMP},
      </if>
      <if test="updateId != null" >
        UPDATE_ID = #{updateId,jdbcType=CHAR},
      </if>
      <if test="updateNm != null" >
        UPDATE_NM = #{updateNm,jdbcType=CHAR},
      </if>
      <if test="updateTs != null" >
        UPDATE_TS = #{updateTs,jdbcType=TIMESTAMP},
      </if>
    </set>
    WHERE LN_ACNT_USER_COMMON = #{lnAcntUserCommon,jdbcType=CHAR}
  </update>

  <!-- アカウント仮登録情報を更新 -->
  <update id="updateAAcntPreUser" parameterType="java.util.Map" >
    UPDATE A_ACNT_PRE_USER
    <set >
      <if test="acntType != null" >
        ACNT_TYPE = #{acntType,jdbcType=CHAR},
      </if>
      <if test="lnAcntUserCommon != null" >
        LN_ACNT_USER_COMMON = #{lnAcntUserCommon,jdbcType=CHAR},
      </if>
      <if test="sts != null" >
        STS = #{sts,jdbcType=CHAR},
      </if>
      <if test="acntPreRgstTs != null" >
        ACNT_PRE_RGST_TS = #{acntPreRgstTs,jdbcType=TIMESTAMP},
      </if>
      <if test="insertId != null" >
        INSERT_ID = #{insertId,jdbcType=CHAR},
      </if>
      <if test="insertNm != null" >
        INSERT_NM = #{insertNm,jdbcType=CHAR},
      </if>
      <if test="insertTs != null" >
        INSERT_TS = #{insertTs,jdbcType=TIMESTAMP},
      </if>
      <if test="updateId != null" >
        UPDATE_ID = #{updateId,jdbcType=CHAR},
      </if>
      <if test="updateNm != null" >
        UPDATE_NM = #{updateNm,jdbcType=CHAR},
      </if>
      <if test="updateTs != null" >
        UPDATE_TS = #{updateTs,jdbcType=TIMESTAMP},
      </if>
    </set>
    WHERE LN_ACNT_PRE_RGST = #{lnAcntPreRgst,jdbcType=CHAR}
  </update>

  <!-- アカウント登録メール送信依頼する -->
  <insert id="insertCQueMlTrig" parameterType="java.util.Map" >
    INSERT INTO C_QUE_ML_TRIG
    <trim prefix="(" suffix=")" suffixOverrides="," >
      <if test="lnMlTrig != null" >
        LN_ML_TRIG,
      </if>
      <if test="kind != null" >
        KIND,
      </if>
      <if test="sts != null" >
        STS,
      </if>
      <if test="lnKbInf != null" >
        LN_KB_INF,
      </if>
      <if test="lnNotice != null" >
        LN_NOTICE,
      </if>
      <if test="sendAblTs != null" >
        SEND_ABL_TS,
      </if>
      <if test="lnKbChiku != null" >
        LN_KB_CHIKU,
      </if>
      <if test="lnTenantMng != null" >
        LN_TENANT_MNG,
      </if>
      <if test="alsokNoticeSendSvcKind != null" >
        ALSOK_NOTICE_SEND_SVC_KIND,
      </if>
      <if test="lnAcntUserCommon != null" >
        LN_ACNT_USER_COMMON,
      </if>
      <if test="fileNmTo != null" >
        FILE_NM_TO,
      </if>
      <if test="getKindTo != null" >
        GET_KIND_TO,
      </if>
      <if test="item1 != null" >
        ITEM1,
      </if>
      <if test="item2 != null" >
        ITEM2,
      </if>
      <if test="item3 != null" >
        ITEM3,
      </if>
      <if test="item4 != null" >
        ITEM4,
      </if>
      <if test="item5 != null" >
        ITEM5,
      </if>
      <if test="item6 != null" >
        ITEM6,
      </if>
      <if test="item7 != null" >
        ITEM7,
      </if>
      <if test="item8 != null" >
        ITEM8,
      </if>
      <if test="item9 != null" >
        ITEM9,
      </if>
      <if test="item10 != null" >
        ITEM10,
      </if>
      <if test="item11 != null" >
        ITEM11,
      </if>
      <if test="item12 != null" >
        ITEM12,
      </if>
      <if test="item13 != null" >
        ITEM13,
      </if>
      <if test="item14 != null" >
        ITEM14,
      </if>
      <if test="item15 != null" >
        ITEM15,
      </if>
      <if test="item16 != null" >
        ITEM16,
      </if>
      <if test="item17 != null" >
        ITEM17,
      </if>
      <if test="item18 != null" >
        ITEM18,
      </if>
      <if test="item19 != null" >
        ITEM19,
      </if>
      <if test="item20 != null" >
        ITEM20,
      </if>
      <if test="item21 != null" >
        ITEM21,
      </if>
      <if test="item22 != null" >
        ITEM22,
      </if>
      <if test="item23 != null" >
        ITEM23,
      </if>
      <if test="item24 != null" >
        ITEM24,
      </if>
      <if test="item25 != null" >
        ITEM25,
      </if>
      <if test="item26 != null" >
        ITEM26,
      </if>
      <if test="item27 != null" >
        ITEM27,
      </if>
      <if test="item28 != null" >
        ITEM28,
      </if>
      <if test="item29 != null" >
        ITEM29,
      </if>
      <if test="item30 != null" >
        ITEM30,
      </if>
      <if test="item31 != null" >
        ITEM31,
      </if>
      <if test="item32 != null" >
        ITEM32,
      </if>
      <if test="item33 != null" >
        ITEM33,
      </if>
      <if test="item34 != null" >
        ITEM34,
      </if>
      <if test="item35 != null" >
        ITEM35,
      </if>
      <if test="item36 != null" >
        ITEM36,
      </if>
      <if test="item37 != null" >
        ITEM37,
      </if>
      <if test="item38 != null" >
        ITEM38,
      </if>
      <if test="item39 != null" >
        ITEM39,
      </if>
      <if test="item40 != null" >
        ITEM40,
      </if>
      <if test="item41 != null" >
        ITEM41,
      </if>
      <if test="item42 != null" >
        ITEM42,
      </if>
      <if test="item43 != null" >
        ITEM43,
      </if>
      <if test="item44 != null" >
        ITEM44,
      </if>
      <if test="item45 != null" >
        ITEM45,
      </if>
      <if test="item46 != null" >
        ITEM46,
      </if>
      <if test="item47 != null" >
        ITEM47,
      </if>
      <if test="item48 != null" >
        ITEM48,
      </if>
      <if test="item49 != null" >
        ITEM49,
      </if>
      <if test="item50 != null" >
        ITEM50,
      </if>
      <if test="insertId != null" >
        INSERT_ID,
      </if>
      <if test="insertNm != null" >
        INSERT_NM,
      </if>
      <if test="insertTs != null" >
        INSERT_TS,
      </if>
      <if test="updateId != null" >
        UPDATE_ID,
      </if>
      <if test="updateNm != null" >
        UPDATE_NM,
      </if>
      <if test="updateTs != null" >
        UPDATE_TS,
      </if>
    </trim>
    <trim prefix="values (" suffix=")" suffixOverrides="," >
      <if test="lnMlTrig != null" >
        #{lnMlTrig,jdbcType=CHAR},
      </if>
      <if test="kind != null" >
        #{kind,jdbcType=CHAR},
      </if>
      <if test="sts != null" >
        #{sts,jdbcType=CHAR},
      </if>
      <if test="lnKbInf != null" >
        #{lnKbInf,jdbcType=CHAR},
      </if>
      <if test="lnNotice != null" >
        #{lnNotice,jdbcType=CHAR},
      </if>
      <if test="sendAblTs != null" >
        #{sendAblTs,jdbcType=TIMESTAMP},
      </if>
      <if test="lnKbChiku != null" >
        #{lnKbChiku,jdbcType=CHAR},
      </if>
      <if test="lnTenantMng != null" >
        #{lnTenantMng,jdbcType=CHAR},
      </if>
      <if test="alsokNoticeSendSvcKind != null" >
        #{alsokNoticeSendSvcKind,jdbcType=CHAR},
      </if>
      <if test="lnAcntUserCommon != null" >
        #{lnAcntUserCommon,jdbcType=CHAR},
      </if>
      <if test="fileNmTo != null" >
        #{fileNmTo,jdbcType=CHAR},
      </if>
      <if test="getKindTo != null" >
        #{getKindTo,jdbcType=CHAR},
      </if>
      <if test="item1 != null" >
        #{item1,jdbcType=VARCHAR},
      </if>
      <if test="item2 != null" >
        #{item2,jdbcType=VARCHAR},
      </if>
      <if test="item3 != null" >
        #{item3,jdbcType=VARCHAR},
      </if>
      <if test="item4 != null" >
        #{item4,jdbcType=VARCHAR},
      </if>
      <if test="item5 != null" >
        #{item5,jdbcType=VARCHAR},
      </if>
      <if test="item6 != null" >
        #{item6,jdbcType=VARCHAR},
      </if>
      <if test="item7 != null" >
        #{item7,jdbcType=VARCHAR},
      </if>
      <if test="item8 != null" >
        #{item8,jdbcType=VARCHAR},
      </if>
      <if test="item9 != null" >
        #{item9,jdbcType=VARCHAR},
      </if>
      <if test="item10 != null" >
        #{item10,jdbcType=VARCHAR},
      </if>
      <if test="item11 != null" >
        #{item11,jdbcType=VARCHAR},
      </if>
      <if test="item12 != null" >
        #{item12,jdbcType=VARCHAR},
      </if>
      <if test="item13 != null" >
        #{item13,jdbcType=VARCHAR},
      </if>
      <if test="item14 != null" >
        #{item14,jdbcType=VARCHAR},
      </if>
      <if test="item15 != null" >
        #{item15,jdbcType=VARCHAR},
      </if>
      <if test="item16 != null" >
        #{item16,jdbcType=VARCHAR},
      </if>
      <if test="item17 != null" >
        #{item17,jdbcType=VARCHAR},
      </if>
      <if test="item18 != null" >
        #{item18,jdbcType=VARCHAR},
      </if>
      <if test="item19 != null" >
        #{item19,jdbcType=VARCHAR},
      </if>
      <if test="item20 != null" >
        #{item20,jdbcType=VARCHAR},
      </if>
      <if test="item21 != null" >
        #{item21,jdbcType=VARCHAR},
      </if>
      <if test="item22 != null" >
        #{item22,jdbcType=VARCHAR},
      </if>
      <if test="item23 != null" >
        #{item23,jdbcType=VARCHAR},
      </if>
      <if test="item24 != null" >
        #{item24,jdbcType=VARCHAR},
      </if>
      <if test="item25 != null" >
        #{item25,jdbcType=VARCHAR},
      </if>
      <if test="item26 != null" >
        #{item26,jdbcType=VARCHAR},
      </if>
      <if test="item27 != null" >
        #{item27,jdbcType=VARCHAR},
      </if>
      <if test="item28 != null" >
        #{item28,jdbcType=VARCHAR},
      </if>
      <if test="item29 != null" >
        #{item29,jdbcType=VARCHAR},
      </if>
      <if test="item30 != null" >
        #{item30,jdbcType=VARCHAR},
      </if>
      <if test="item31 != null" >
        #{item31,jdbcType=VARCHAR},
      </if>
      <if test="item32 != null" >
        #{item32,jdbcType=VARCHAR},
      </if>
      <if test="item33 != null" >
        #{item33,jdbcType=VARCHAR},
      </if>
      <if test="item34 != null" >
        #{item34,jdbcType=VARCHAR},
      </if>
      <if test="item35 != null" >
        #{item35,jdbcType=VARCHAR},
      </if>
      <if test="item36 != null" >
        #{item36,jdbcType=VARCHAR},
      </if>
      <if test="item37 != null" >
        #{item37,jdbcType=VARCHAR},
      </if>
      <if test="item38 != null" >
        #{item38,jdbcType=VARCHAR},
      </if>
      <if test="item39 != null" >
        #{item39,jdbcType=VARCHAR},
      </if>
      <if test="item40 != null" >
        #{item40,jdbcType=VARCHAR},
      </if>
      <if test="item41 != null" >
        #{item41,jdbcType=VARCHAR},
      </if>
      <if test="item42 != null" >
        #{item42,jdbcType=VARCHAR},
      </if>
      <if test="item43 != null" >
        #{item43,jdbcType=VARCHAR},
      </if>
      <if test="item44 != null" >
        #{item44,jdbcType=VARCHAR},
      </if>
      <if test="item45 != null" >
        #{item45,jdbcType=VARCHAR},
      </if>
      <if test="item46 != null" >
        #{item46,jdbcType=VARCHAR},
      </if>
      <if test="item47 != null" >
        #{item47,jdbcType=VARCHAR},
      </if>
      <if test="item48 != null" >
        #{item48,jdbcType=VARCHAR},
      </if>
      <if test="item49 != null" >
        #{item49,jdbcType=VARCHAR},
      </if>
      <if test="item50 != null" >
        #{item50,jdbcType=VARCHAR},
      </if>
      <if test="insertId != null" >
        #{insertId,jdbcType=CHAR},
      </if>
      <if test="insertNm != null" >
        #{insertNm,jdbcType=CHAR},
      </if>
      <if test="insertTs != null" >
        #{insertTs,jdbcType=TIMESTAMP},
      </if>
      <if test="updateId != null" >
        #{updateId,jdbcType=CHAR},
      </if>
      <if test="updateNm != null" >
        #{updateNm,jdbcType=CHAR},
      </if>
      <if test="updateTs != null" >
        #{updateTs,jdbcType=TIMESTAMP},
      </if>
    </trim>
  </insert>
</mapper>