<?xml version="1.0" encoding="UTF-8" ?>
<!DOCTYPE mapper
        PUBLIC "-//mybatis.org//DTD Mapper 3.0//EN"
        "http://mybatis.org/dtd/mybatis-3-mapper.dtd">
<mapper namespace="jp.co.alsok.g6.zwu.dao.mapper.g6.SZWU3920Mapper">
  <!-- 返却用 -->
  <resultMap id="BaseResultMap" type="jp.co.alsok.g6.zwu.entity.g6.SZWU3920Info">
    <result column="PIC_INF" jdbcType="CHAR" property="picInf" />
    <result column="NICK_NAME" jdbcType="CHAR" property="nickName" />
    <result column="PIC_DESCRIPTION" jdbcType="CHAR" property="picDescription" />
    <result column="REGIST_TS" jdbcType="CHAR" property="registTs" />
    <result column="AUTH_LIMIT_FLG" jdbcType="CHAR" property="authLimitFlg" />
    <result column="AUTH_LIMIT" jdbcType="CHAR" property="authLimit" />
    <result column="AUTH_STS" jdbcType="CHAR" property="authSts" />
    <result column="REGIST_STS_KBN" jdbcType="CHAR" property="registStsKbn" />
    <result column="REGIST_NUMBER" jdbcType="CHAR" property="registNumber" />
    <result column="LAST_REGIST_TS" jdbcType="CHAR" property="lastRegistTs" />
    <result column="LN_DEV" jdbcType="CHAR" property="lnDev" />
    <result column="LN_R_AUTH_PIC_INF" jdbcType="CHAR" property="lnRAuthPicInf" />
    <result column="UPDATE_TS" jdbcType="TIMESTAMP" property="updateTs" />
  </resultMap>

  <resultMap id="PdfResultMap" type="jp.co.alsok.g6.zwu.entity.g6.SZWU3920Info">
    <result column="PIC_INF" jdbcType="CHAR" property="picInf" />
    <result column="NICK_NAME" jdbcType="CHAR" property="nickName" />
    <result column="PIC_DESCRIPTION" jdbcType="CHAR" property="picDescription" />
    <result column="REGIST_TS" jdbcType="CHAR" property="registTs" />
    <result column="AUTH_LIMIT_FLG" jdbcType="CHAR" property="authLimitFlg" />
    <result column="AUTH_LIMIT" jdbcType="CHAR" property="authLimit" />
    <result column="AUTH_STS" jdbcType="CHAR" property="authSts" />
    <result column="REGIST_STS_KBN" jdbcType="CHAR" property="registStsKbn" />
    <result column="REGIST_NUMBER" jdbcType="CHAR" property="registNumber" />
    <result column="LAST_REGIST_TS" jdbcType="CHAR" property="lastRegistTs" />
    <result column="LN_DEV" jdbcType="CHAR" property="lnDev" />
    <result column="LN_R_AUTH_PIC_INF" jdbcType="CHAR" property="lnRAuthPicInf" />
  </resultMap>

    <!-- 検索結果一覧の取得 -->
  <select id="searchListAllInfo" resultMap="PdfResultMap">
	SELECT
		INF.PIC_INF_CUTCOUT AS PIC_INF,
		INF.NICK_NAME,
		INF.PIC_DESCRIPTION,
		INF.REGIST_TS,
		INF.AUTH_LIMIT_FLG,
		INF.AUTH_LIMIT,
		STS.AUTH_STS,
		STS.REGIST_STS_KBN,
		RDEV.LN_DEV,
		STS.LN_R_AUTH_PIC_INF
	FROM
	R_PIC_INF_DEV_STS STS 
	INNER JOIN R_DEV RDEV ON STS.LN_DEV = RDEV.LN_DEV
	INNER JOIN R_AUTH_PIC_INF INF ON STS.LN_R_AUTH_PIC_INF = INF.LN_R_AUTH_PIC_INF

	WHERE RDEV.LN_DEV = #{lnDev}
	AND RDEV.DEL_FLG = '0'
	AND RDEV.LN_KEIBI = #{lnKeibi}
	AND INF.DEL_FLG = '0'
	AND STS.DEL_FLG = '0'
	AND INF.PIC_KIND = '2'
	ORDER BY ${orderBySql}
  </select>

  <!-- 検索結果一覧の取得 -->
  <select id="searchListInfo" resultMap="BaseResultMap">
	SELECT
		INF.PIC_INF_CUTCOUT AS PIC_INF,
		INF.NICK_NAME,
		INF.PIC_DESCRIPTION,
		INF.REGIST_TS,
		INF.AUTH_LIMIT_FLG,
		INF.AUTH_LIMIT,
		STS.AUTH_STS,
		STS.REGIST_STS_KBN,
		RDEV.LN_DEV,
		STS.LN_R_AUTH_PIC_INF,
		STS.UPDATE_TS
	FROM
	R_PIC_INF_DEV_STS STS 
	INNER JOIN R_DEV RDEV ON STS.LN_DEV = RDEV.LN_DEV
	INNER JOIN R_AUTH_PIC_INF INF ON STS.LN_R_AUTH_PIC_INF = INF.LN_R_AUTH_PIC_INF

	WHERE RDEV.LN_DEV = #{lnDev}
	AND RDEV.DEL_FLG = '0'
	AND RDEV.LN_KEIBI = #{lnKeibi}
	AND INF.DEL_FLG = '0'
	AND STS.DEL_FLG = '0'
	AND INF.PIC_KIND = '2'
	ORDER BY ${orderBySql}

	 limit #{offset} , #{pageSize}

  </select>

  <!-- 検索結果一覧件数の取得 -->
  <select id="searchListCnt" resultType="java.lang.Integer">
	SELECT
		COUNT(RDEV.LN_DEV)
	FROM
	R_PIC_INF_DEV_STS STS 
	INNER JOIN R_DEV RDEV ON STS.LN_DEV = RDEV.LN_DEV
	INNER JOIN R_AUTH_PIC_INF INF ON STS.LN_R_AUTH_PIC_INF = INF.LN_R_AUTH_PIC_INF

	WHERE RDEV.LN_DEV = #{lnDev}
	AND RDEV.DEL_FLG = '0'
	AND RDEV.LN_KEIBI = #{lnKeibi}
	AND INF.DEL_FLG = '0'
	AND STS.DEL_FLG = '0'
	AND INF.PIC_KIND = '2'

  </select>

  <!-- 認証画像情報の取得（認証画像存在チェック） -->
  <select id="searchPicInfByLnRAuthPicInf" parameterType="java.lang.String" resultType="java.lang.String">
	SELECT
		LN_R_AUTH_PIC_INF AS lnRAuthPicInf
	FROM
		R_PIC_INF_DEV_STS
	WHERE
		LN_R_AUTH_PIC_INF = #{lnRAuthPicInf}
		AND LN_DEV IN (#{lnDev})
	    AND DEL_FLG = '0'
  </select>

  <!-- 認証画像状態の取得 -->
  <select id="searchDevStsByLnRAuthPicInf" resultMap="BaseResultMap">
	SELECT
		LN_R_AUTH_PIC_INF,
		LN_DEV
	FROM
		R_PIC_INF_DEV_STS
	WHERE
		LN_R_AUTH_PIC_INF = #{lnRAuthPicInf}
	AND LN_DEV = #{lnDev}
	AND REGIST_STS_KBN IN ('2','9')
	AND DEL_FLG = '0'
  </select>

  <!-- 認証終了処理ＤＢ更新内容 A)認証画像状態 -->
  <update id="updateRPicInfDevSts">
	UPDATE R_PIC_INF_DEV_STS
	SET REGIST_STS_KBN = '8',
	 UPDATE_ID = #{lnAcntUserCommon},
	 UPDATE_NM = #{acntNm},
	 UPDATE_TS = #{updateTs}
	WHERE
		LN_R_AUTH_PIC_INF = #{lnRAuthPicInf}
	AND LN_DEV = #{lnDev}
  </update>
  
  	<!-- C)認証画像のステータスチェック. -->
	<select id="searchRAuthPicInf" resultType="java.lang.Integer">
		SELECT
		COUNT(LN_R_AUTH_PIC_INF)
		FROM
		R_PIC_INF_DEV_STS
		WHERE
		(REGIST_STS_KBN NOT IN ('2','9')
		OR DEL_FLG &lt;&gt; '0')
		<if test="lnRAuthPicInf != null and lnRAuthPicInf.length > 0">
			AND LN_R_AUTH_PIC_INF IN
			<foreach item="item" index="index" collection="lnRAuthPicInf" open="(" separator="," close=")">
				#{item}
			</foreach>
		</if>
	</select>
	
	<!-- C)登録枚数取得(ホワイトリスト/ブラックリスト)-->
	<select id="selectRegisterNum" parameterType="java.util.HashMap" resultType="java.lang.Integer">
		SELECT COUNT(R1.LN_DEV)
		FROM
		R_PIC_INF_DEV_STS R1
		INNER JOIN R_AUTH_PIC_INF R2
		ON R1.LN_R_AUTH_PIC_INF = R2.LN_R_AUTH_PIC_INF
		WHERE R1.LN_DEV=#{lnDev}
		AND R1.DEL_FLG='0'
		AND (R1.AUTH_STS='1' OR(R1.AUTH_STS='2' AND R1.REGIST_STS_KBN='1'))
		AND R2.PIC_KIND=#{picKind}
	</select>

	<!-- D)登録枚数最大値取得 -->
	<select id="selectRegisterMaxNum" parameterType="java.util.HashMap" resultType="java.lang.String">
		SELECT VAL
		FROM
		R_PROP_TBL R1
		WHERE R1.SECTION='SZWU'
		AND R1.PROP_KEY='DEV_MAX_NUMBER'
	</select>

</mapper>