<?xml version="1.0" encoding="UTF-8" ?>
<!DOCTYPE mapper
        PUBLIC "-//mybatis.org//DTD Mapper 3.0//EN"
        "http://mybatis.org/dtd/mybatis-3-mapper.dtd">
<mapper namespace="jp.co.alsok.g6.zwu.dao.mapper.g6.SZWU7900Mapper">
	<!-- 返却用 -->
	<resultMap id="BaseResultMap" type="jp.co.alsok.g6.zwu.entity.g6.SZWU7900Info">
		<!-- 警備先プルダウン -->
		<id column="lnKeibi" jdbcType="CHAR" property="lnKeibi" />
		<result column="keibiName" jdbcType="CHAR" property="keibiNm" />
		<!-- 地区プルダウン情報の取得 -->
		<result column="lnKbChiku" jdbcType="CHAR" property="lnKbChiku" />
		<result column="sdKobetuNm" jdbcType="CHAR" property="sdKobetuNm" />
		<result column="chiku" jdbcType="CHAR" property="chiku" />
		<!-- 利用者操作履歴情報の取得 -->
		<result column="lnLogUserOperation" jdbcType="CHAR" property="lnLogUserOperation" />
		<result column="insertTs" jdbcType="CHAR" property="insertTs" />
		<result column="userNm" jdbcType="CHAR" property="userNm" />
		<result column="acntUserKbn" jdbcType="CHAR" property="acntUserKbn" />
		<result column="dispNm" jdbcType="CHAR" property="dispNm" />
		<result column="userOperationNaiyou" jdbcType="CHAR" property="userOperationNaiyou" />
		<result column="bikou" jdbcType="CHAR" property="bikou" />
	</resultMap>

	<!-- 警備先プルダウン -->
	<select id="searchKeibiList" resultMap="BaseResultMap">
		SELECT
			R.LN_KEIBI AS lnKeibi,
			R.KEIBI_NAME1 AS keibiName
		FROM
			R_KEIBI R
		INNER JOIN
			A_USER_OPERATION_HANI AUOH
		ON
			(R.PATH_INF = LEFT(AUOH.PATH_INF,41)
			OR AUOH.PATH_INF = LEFT(R.PATH_INF,20))
		WHERE
			AUOH.LN_ACNT_USER_COMMON = #{lnAcntUserCommon}
		GROUP BY R.LN_KEIBI,R.KEIBI_NAME1
		ORDER BY R.LN_KEIBI
	</select>

	<!-- 地区プルダウン情報の取得 -->
	<select id="searchAreaList" resultMap="BaseResultMap">
		SELECT
			R.LN_KB_CHIKU AS lnKbChiku, <!-- 警備先地区.LN_警備先地区論理番号 -->
			R.LN_KEIBI AS lnKeibi, <!-- 警備先地区.LN_警備先論理番号 -->
			R.SD_KOBETU_NM AS sdKobetuNm, <!-- 警備先地区.警備先地区名称 -->
			R.CHIKU AS chiku <!-- 警備先地区.地区 -->
		FROM
			R_KB_CHIKU R
		INNER JOIN
			A_USER_OPERATION_HANI AUOH
        ON
        	(R.PATH_INF = AUOH.PATH_INF
       	 	OR R.PATH_INF = LEFT(AUOH.PATH_INF,41)
        	OR AUOH.PATH_INF = LEFT(R.PATH_INF,20))
		WHERE
		<!-- 警備先地区.登録状態 -->
			R.ENTRY_STS IN ('1', '2')
		AND
			AUOH.LN_ACNT_USER_COMMON = #{lnAcntUserCommon}
		<!-- プルダウンで選択された警備先のLN_警備先論理番号 -->
		<if test="lnKeibi != null and lnKeibi !=''">
			AND R.LN_KEIBI = #{lnKeibi}
		</if>
		GROUP BY
			R.LN_KB_CHIKU,
			R.LN_KEIBI,
			R.SD_KOBETU_NM,
			R.CHIKU,
			R.SUB_ADDR
		ORDER BY
			R.LN_KEIBI,
			R.SUB_ADDR
	</select>

	<!-- 利用者操作履歴情報の取得 -->
	<!-- A)利用者操作履歴情報の取得とB)権限名の取得について -->
	<select id="selectUserOperation" resultMap="BaseResultMap">
		SELECT
			<!-- 利用者操作履歴.LN_利用者操作履歴論理番号 -->
			huol.LN_LOG_USER_OPERATION AS lnLogUserOperation,
			<!-- 利用者操作履歴.登録日時 -->
			huol.INSERT_TS AS insertTs,
			<!-- 利用者操作履歴.氏名（社員名／ユーザー氏名） -->
			huol.USER_NM AS userNm,
			<!-- 利用者アカウント共通.利用者アカウント区分 -->
			(CASE WHEN '${language}'='1' THEN (SELECT DESCRIPTION_JP FROM M_CD WHERE
			CD_ID='CD216' AND
			CD_VALUE=huol.ACNT_USER_KBN)
			WHEN '${language}'='2' THEN (SELECT DESCRIPTION_EN FROM M_CD WHERE
			CD_ID='CD216' AND
			CD_VALUE=huol.ACNT_USER_KBN)
			WHEN
			'${language}'='3' THEN (SELECT DESCRIPTION_ZH FROM M_CD WHERE
			CD_ID='CD216' AND
			CD_VALUE=huol.ACNT_USER_KBN) END) AS acntUserKbn,
			<!-- 画面マスター.画面名 -->
			md.DISP_NM AS dispNm,
			<!-- 利用者操作履歴.内容 -->
			huol.USER_OPERATION_NAIYOU AS userOperationNaiyou,
			<!-- 利用者操作履歴.備考 -->
			huol.BIKOU AS bikou
		FROM
		H_USER_OPERATION_LOG huol
		<!-- 画面マスター -->
		LEFT JOIN M_DISP md
		ON huol.DISP_ID = md.DISP_ID
		WHERE
			<!-- セッション情報の契約先論理番号 -->
			huol.LN_KEIYK = #{lnKeiyk}
		<!-- プルダウンで選択された警備先のLN_警備先論理番号 -->
		<if test="lnKeibi != null and lnKeibi !=''">
			AND (huol.LN_KEIBI = #{lnKeibi} OR IFNULL(huol.LN_KEIBI, '') = '')
		</if>
		<!-- プルダウンで選択された警備先地区のLN_警備先地区論理番号 -->
		<if test="lnKbChiku != null and lnKbChiku !=''">
			AND (huol.LN_KB_CHIKU = #{lnKbChiku} OR IFNULL(huol.LN_KB_CHIKU, '') = '')
        </if>
	    <!-- プルダウンで選択された警備先地区のLN_警備先地区論理番号 -->
        <if test="fromDate != null and fromDate !='' and toDate != null and toDate !=''">
			AND DATE_FORMAT(huol.USE_DAY, '%Y%m%d') &gt;= #{fromDate}
			AND DATE_FORMAT(huol.USE_DAY, '%Y%m%d') &lt;= #{toDate}
		</if>
		ORDER BY
		<!-- 「検索」ボタンを押下し -->
		<if test="sortName == null or sortName ==''">
			huol.INSERT_TS DESC
		</if>
		<!-- 日時ソート順 -->
		<if test="sortName != null and sortName =='orderByInsertTs'">
			huol.INSERT_TS ${sortOrder}
		</if>

	</select>

</mapper>