<?xml version="1.0" encoding="UTF-8" ?>
<!DOCTYPE mapper
        PUBLIC "-//mybatis.org//DTD Mapper 3.0//EN"
        "http://mybatis.org/dtd/mybatis-3-mapper.dtd">
<mapper namespace="jp.co.alsok.g6.zwu.dao.mapper.g6.SZWU9222Mapper">
	<!-- 返却用 -->
	<resultMap id="BaseResultMap" type="jp.co.alsok.g6.zwu.entity.g6.SZWU9222Info">
		<result column="lnKnrnMeiboKyukyu" jdbcType="CHAR" property="lnKnrnMeiboKyukyu" />
		<result column="knrnNm" jdbcType="CHAR" property="knrnNm" />
		<result column="knrnNmKana" jdbcType="CHAR" property="knrnNmKana" />
		<result column="sex" jdbcType="CHAR" property="sex" />
		<result column="birthday" jdbcType="CHAR" property="birthday" />
		<result column="disease" jdbcType="CHAR" property="disease" />
		<result column="hospitalNm" jdbcType="CHAR" property="hospitalNm" />
		<result column="hospitalAddr" jdbcType="CHAR" property="hospitalAddr" />
		<result column="hospitalTelNum" jdbcType="CHAR" property="hospitalTelNum" />
		<result column="hospitalTantoNm" jdbcType="CHAR" property="hospitalTantoNm" />
		<result column="updateNm" jdbcType="CHAR" property="updateNm" />
		<result column="updateTs" jdbcType="DATE" property="updateTs" />
	</resultMap>
	<!-- 警備先地区救急情報名簿詳細の取得 -->
	<select id="selectMeiboKyukyuInfo" resultMap="BaseResultMap">
		select LN_KNRN_MEIBO_KYUKYU as lnKnrnMeiboKyukyu
		,KNRN_NM as knrnNm
		,KNRN_NM_KANA as knrnNmKana
		,SEX as sex
		,BIRTHDAY as birthday
		,DISEASE as disease
		,HOSPITAL_NM as hospitalNm
		,HOSPITAL_ADDR as hospitalAddr
		,HOSPITAL_TEL_NUM as hospitalTelNum
		,HOSPITAL_TANTO_NM as hospitalTantoNm
		,UPDATE_NM as updateNm
		,UPDATE_TS as updateTs
		from R_KNRN_MEIBO_KYUKYU
		where
		LN_KNRN_MEIBO_KYUKYU=#{lnKnrnMeiboKyukyu}
		and DEL_FLG='0'
	</select>
	<!-- 警備先地区救急情報名簿詳細の登録処理. -->
    <insert id="insertMeiboKyukyuInfo" parameterType="java.util.HashMap">
		INSERT INTO R_KNRN_MEIBO_KYUKYU
		<trim prefix="(" suffix=")" suffixOverrides=",">
			<if test="lnKnrnMeiboKyukyu != null">
				LN_KNRN_MEIBO_KYUKYU,
			</if>
			<if test="lnKbChikuKnrnMeiboKankei != null">
				LN_KB_CHIKU_KNRN_MEIBO_KANKEI,
			</if>
			<if test="orderNum != null">
				ORDER_NUM,
			</if>
			<if test="knrnNm != null">
				KNRN_NM,
			</if>
			<if test="knrnNmKana != null">
				KNRN_NM_KANA,
			</if>
			<if test="sex != null">
				SEX,
			</if>
			<if test="birthday != null">
				BIRTHDAY,
			</if>
			<if test="disease != null">
				DISEASE,
			</if>
			<if test="hospitalNm != null">
				HOSPITAL_NM,
			</if>
			<if test="hospitalAddr != null">
				HOSPITAL_ADDR,
			</if>
			<if test="hospitalTelNum != null">
				HOSPITAL_TEL_NUM,
			</if>
			<if test="hospitalTantoNm != null">
				HOSPITAL_TANTO_NM,
			</if>
				DEL_FLG,
			<if test="lnAcntUserCommon != null">
				INSERT_ID,
			</if>
			<if test="acntNm != null">
				INSERT_NM,
			</if>
				INSERT_TS,
			<if test="lnAcntUserCommon != null">
				UPDATE_ID,
			</if>
			<if test="acntNm != null">
				UPDATE_NM,
			</if>
				UPDATE_TS,
		</trim>
		<trim prefix="values (" suffix=")" suffixOverrides=",">
			<if test="lnKnrnMeiboKyukyu != null">
				#{lnKnrnMeiboKyukyu},
			</if>
			<if test="lnKbChikuKnrnMeiboKankei != null">
				#{lnKbChikuKnrnMeiboKankei},
			</if>
			<if test="orderNum != null">
				#{orderNum},
			</if>
			<if test="knrnNm != null">
				#{knrnNm},
			</if>
			<if test="knrnNmKana != null">
				#{knrnNmKana},
			</if>
			<if test="sex != null">
				#{sex},
			</if>
			<if test="birthday != null">
				#{birthday},
			</if>
			<if test="disease != null">
				#{disease},
			</if>
			<if test="hospitalNm != null">
				#{hospitalNm},
			</if>
			<if test="hospitalAddr != null">
				#{hospitalAddr},
			</if>
			<if test="hospitalTelNum != null">
				#{hospitalTelNum},
			</if>
			<if test="hospitalTantoNm != null">
				#{hospitalTantoNm},
			</if>
				'0',
			<if test="lnAcntUserCommon != null">
				#{lnAcntUserCommon},
			</if>
			<if test="acntNm != null">
				#{acntNm},
			</if>
				NOW(),
			<if test="lnAcntUserCommon != null">
				#{lnAcntUserCommon},
			</if>
			<if test="acntNm != null">
				#{acntNm},
			</if>
				NOW(),
		</trim>
	</insert>
	<!-- 警備先地区救急情報名簿詳細の更新処理. -->
	<update id="updateMeiboKyukyuInfo" parameterType="java.util.HashMap">
		UPDATE R_KNRN_MEIBO_KYUKYU
		SET
		KNRN_NM = #{knrnNm}
		,KNRN_NM_KANA = #{knrnNmKana}
		,SEX = #{sex}
		,BIRTHDAY = #{birthday}
		,DISEASE = #{disease}
		,HOSPITAL_NM = #{hospitalNm}
		,HOSPITAL_ADDR = #{hospitalAddr}
		,HOSPITAL_TEL_NUM = #{hospitalTelNum}
		,HOSPITAL_TANTO_NM = #{hospitalTantoNm}
		,DEL_FLG = #{delFlg}
		,UPDATE_ID = #{lnAcntUserCommon}
		,UPDATE_NM = #{acntNm}
		,UPDATE_TS = SYSDATE()
		WHERE
		LN_KNRN_MEIBO_KYUKYU=#{lnKnrnMeiboKyukyu}
	</update>
	<!-- 警備先地区救急情報名簿詳細の削除処理を行う. -->
	<delete id="deleteMeiboKyukyuInfo" parameterType="java.util.HashMap">
		DELETE
		FROM
		R_KNRN_MEIBO_KYUKYU
		WHERE
		LN_KNRN_MEIBO_KYUKYU = #{lnKnrnMeiboKyukyu}
	</delete>
</mapper>