<?xml version="1.0" encoding="UTF-8" ?>
<!DOCTYPE mapper
        PUBLIC "-//mybatis.org//DTD Mapper 3.0//EN"
        "http://mybatis.org/dtd/mybatis-3-mapper.dtd">
<mapper
	namespace="jp.co.alsok.g6.zwu.dao.mapper.g6.SZWUMapper">

	<resultMap id="BaseResultMap"
		type="jp.co.alsok.g6.zwu.entity.g6.SZWUInfo">
		<id column="lnKeibi" jdbcType="CHAR" property="lnKeibi" />
		<result column="keiykCd" jdbcType="CHAR" property="keiykCd" />
		<result column="keiykNm" jdbcType="CHAR" property="keiykNm" />
		<result column="keibiName" jdbcType="CHAR" property="keibiName" />
	    <result column="customerNum" jdbcType="CHAR" property="customerNum" />

	</resultMap>

	<select id="selectPdfHeadInfo" resultMap="BaseResultMap">
		SELECT
		R2.LN_KEIBI AS lnKeibi,
		R1.KEIYK_CD AS keiykCd,
		R1.KEIYK_NM AS keiykNm,
		R2.KEIBI_NAME1 AS keibiName,
		R2.CUSTOMER_NUM1 AS customerNum
		FROM 
		R_KEIYK R1 INNER JOIN R_KEIBI R2 ON R1.LN_KEIYK = left(R2.PATH_INF,20)
		WHERE 
		R2.LN_KEIBI = '${lnKeibi}'
	</select>
	
</mapper>