<?xml version="1.0" encoding="UTF-8" ?>
<!DOCTYPE mapper
        PUBLIC "-//mybatis.org//DTD Mapper 3.0//EN"
        "http://mybatis.org/dtd/mybatis-3-mapper.dtd">
<mapper namespace="jp.co.alsok.g6.zwu.dao.mapper.g6.SZWU6500Mapper">

	<resultMap id="BaseResultMap" type="jp.co.alsok.g6.zwu.entity.g6.SZWU6500Info">
		<id column="LN_KEIBI" jdbcType="CHAR" property="lnKeibi"/>
		<result column="JUCHU_JIGYOU_CD" jdbcType="CHAR" property="juchuJigyouCd"/>
		<result column="JISSHI_JIGYOU_CD" jdbcType="CHAR" property="jisshiJigyouCd"/>
		<result column="GC_CD" jdbcType="CHAR" property="gcCd"/>
		<result column="CUSTOMER_NUM2" jdbcType="CHAR" property="customerNum2"/>
	</resultMap>

	<!-- 警備先(受注事業所コード、実施事業所コード、GCコード、お客様番号２) -->
	<select id="selectCustomerNum2G6" parameterType="java.util.HashMap" resultMap="BaseResultMap">
	SELECT
	    JUCHU_JIGYOU_CD,
	    JISSHI_JIGYOU_CD,
	    GC_CD,
	    CUSTOMER_NUM2
	FROM
	    R_KEIBI
	WHERE 
	    LN_KEIBI = #{lnKeibi}
	    AND DEL_FLG = '0'
	</select>
		
</mapper>