<?xml version="1.0" encoding="UTF-8" ?>
<!DOCTYPE mapper
        PUBLIC "-//mybatis.org//DTD Mapper 3.0//EN"
        "http://mybatis.org/dtd/mybatis-3-mapper.dtd">
<mapper namespace="jp.co.alsok.g6.zwu.dao.mapper.g6.SZWU4130Mapper">

    <resultMap id="BaseResultMap" type="jp.co.alsok.g6.zwu.entity.g6.SZWU4130Info">

      <result column="LN_R_AUTH_PIC_INF" jdbcType="CHAR" property="lnRAuthPicInf" />
      <result column="PIC_INF" jdbcType="CHAR" property="picInf" />
      <result column="NICK_NAME" jdbcType="CHAR" property="nickName" />
      <result column="PIC_DESCRIPTION" jdbcType="CHAR" property="picDescription" />
      <result column="INSERT_TS" jdbcType="CHAR" property="insertTs" />
      <result column="AUTH_LIMIT_FLG" jdbcType="CHAR" property="authLimitFlg" />
      <result column="AUTH_LIMIT" jdbcType="CHAR" property="authLimit" />
      <result column="countNum" jdbcType="CHAR" property="countNum" />
      <result column="LN_DEV" jdbcType="CHAR" property="lnDev" />
      <result column="KEIBI_NAME1" jdbcType="CHAR" property="keibiName1" />
      <result column="SD_DEV_NM" jdbcType="CHAR" property="sdDevNm" />
      <result column="sdDevNm2" jdbcType="CHAR" property="sdDevNm2" />
      <result column="registerNum" jdbcType="CHAR" property="registerNum" />
      <result column="REGIST_MAX_NUMBER" jdbcType="CHAR" property="registMaxNumber" />
      <result column="REGIST_NUMBER" jdbcType="CHAR" property="registNumber" />
      <result column="AUTH_STS" jdbcType="CHAR" property="authSts" />
      <result column="REGIST_STS_KBN" jdbcType="CHAR" property="registStsKbn" />
    </resultMap>

    <!-- 対象画像情報取得 -->
    <select id="selectSZWU4130InfoList" parameterType="java.util.HashMap" resultMap="BaseResultMap">
        <![CDATA[
        SELECT
            LN_R_AUTH_PIC_INF            /* LN_認証画像情報論理番号 */
            ,PIC_INF_CUTCOUT AS PIC_INF  /* 認証画像情報 */
            ,NICK_NAME                   /* ニックネーム */
            ,PIC_DESCRIPTION             /* 内容 */
            ,INSERT_TS                   /* 登録日 */
            ,AUTH_LIMIT_FLG              /* 認証期限フラグ 0 :“无期限*/
            ,DATE_FORMAT(AUTH_LIMIT,"%Y/%m/%d %T") AUTH_LIMIT                  /* 認証期限 */
        FROM
            R_AUTH_PIC_INF               /*認証画像情報*/
        WHERE
            DEL_FLG = 0
            AND LN_R_AUTH_PIC_INF IN /*リクエスト情報.LN_認証画像情報論理番号*/
        ]]>

        <foreach collection="array" index="index" item="lnRAuthPicInf"
            open="(" separator="," close=")">
            #{lnRAuthPicInf}
        </foreach>
        <![CDATA[
        ORDER BY LN_R_AUTH_PIC_INF ASC
        ]]>
    </select>

    <!-- 取得COUNT(認証画像状態.LN_認証画像情報論理番号) -->
    <select id="selectCountNum" parameterType="java.util.HashMap" resultMap="BaseResultMap">
        <![CDATA[
        SELECT
            LN_R_AUTH_PIC_INF                    /*LN_認証画像情報論理番号*/
            ,COUNT(LN_R_AUTH_PIC_INF) countNum   /*カメラユニット台数*/

        FROM
            R_PIC_INF_DEV_STS T1                 /*認証画像状態*/
        WHERE
            LN_R_AUTH_PIC_INF = #{lnRAuthPicInf}
            AND T1.DEL_FLG ='0'
			AND (T1.AUTH_STS='1' OR(T1.AUTH_STS='2' AND T1.REGIST_STS_KBN='1'))
        GROUP BY T1.LN_R_AUTH_PIC_INF
        ORDER BY T1.LN_R_AUTH_PIC_INF
        ]]>
    </select>

    <!-- 取得LN_設置機器論理番号 -->
    <select id="selectLnDev" parameterType="java.util.HashMap" resultMap="BaseResultMap">
        SELECT
            GROUP_CONCAT(T2.LN_DEV) LN_DEV           /*LN_設置機器論理番号*/
        FROM
            R_KEIBI T1 
            INNER JOIN  R_DEV  T2 ON T1.LN_KEIBI = T2.LN_KEIBI
            INNER JOIN R_KB_CHIKU T3 ON T2.LN_KB_CHIKU = T3.LN_KB_CHIKU
	        INNER JOIN A_USER_OPERATION_HANI T4 ON T4.LN_ACNT_USER_COMMON = #{lnAcntUserCommon} 
			  AND (
			      T4.PATH_INF = T3.PATH_INF 
			      OR T4.PATH_INF = LEFT (T3.PATH_INF, 41) 
			      OR T4.PATH_INF = LEFT (T3.PATH_INF, 20)
			   )
        WHERE
            T1.LN_KEIBI = '${lnKeibi}'
            AND T1.DEL_FLG = 0
            AND T2.DEL_FLG = 0
            <!-- #5160 START -->
            AND T3.DEL_FLG = 0
            AND T3.ENTRY_STS = 1
            <!-- #5160 END -->
    </select>

    <!-- 送信先一覧情報を取得 -->
    <select id="selectSZWU4130InfoList2" parameterType="java.util.HashMap" resultMap="BaseResultMap">
		SELECT
		     T2.LN_DEV                        /*LN_設置機器論理番号*/
            ,T1.KEIBI_NAME1                  /*警備先名称*/
            ,T2.SD_DEV_NM                    /*装置名称*/
        FROM
            R_KEIBI T1                       /* 警備先 */
            INNER JOIN R_DEV  T2              /* 設置機器 */
            ON T1.LN_KEIBI = T2.LN_KEIBI     /*LN_警備先論理番号*/
        WHERE
            T2.LN_DEV IN (${lnDev})             /*7-2.-B)で取得したLN_設置機器論理番号*/
            <if test="keibiName != null and keibiName != ''">
            AND T1.KEIBI_NAME1 LIKE CONCAT(CONCAT('%', #{keibiName}, '%')) ESCAPE '/' /*警備先名称*/
            </if>
            <if test="sdDevNm1 != null and sdDevNm1 != ''">
            AND T2.SD_DEV_NM LIKE CONCAT(CONCAT('%', #{sdDevNm1}, '%')) ESCAPE '/'
          	</if>
            AND T1.DEL_FLG = 0
            AND T2.DEV_KIND=#{devKind}
            AND T2.DEL_FLG = 0
            ORDER BY T1.KEIBI_NAME1 ${keibiNameOrder} , T2.SD_DEV_NM ${sdDevNm1Order}
            LIMIT #{offset} , #{pageSize}
    </select>


    <!-- 送信先一覧情報を取得 -->
    <select id="selectSZWU4130InfoListCount" parameterType="java.util.HashMap" resultMap="BaseResultMap">
        SELECT
		     T2.LN_DEV                        /*LN_設置機器論理番号*/
            ,T1.KEIBI_NAME1                  /*警備先名称*/
            ,T2.SD_DEV_NM                    /*装置名称*/
        FROM
            R_KEIBI T1                       /* 警備先 */
            INNER JOIN R_DEV  T2              /* 設置機器 */
            ON T1.LN_KEIBI = T2.LN_KEIBI     /*LN_警備先論理番号*/
        WHERE
            T2.LN_DEV IN (${lnDev})             /*7-2.-B)で取得したLN_設置機器論理番号*/
            <if test="keibiName != null and keibiName != ''">
            AND T1.KEIBI_NAME1 LIKE CONCAT(CONCAT('%', #{keibiName}, '%')) ESCAPE '/' /*警備先名称*/
            </if>
            <if test="sdDevNm1 != null and sdDevNm1 != ''">
            AND T2.SD_DEV_NM LIKE CONCAT(CONCAT('%', #{sdDevNm1}, '%')) ESCAPE '/'
          	</if>
            AND T1.DEL_FLG = 0
            AND T2.DEV_KIND=#{devKind}
            AND T2.DEL_FLG = 0
    </select>

    <!-- カメラ名称を取得 -->
    <select id="selectSdDevNm" parameterType="java.util.HashMap" resultMap="BaseResultMap">
		SELECT
			GROUP_CONCAT(T1.SD_DEV_NM SEPARATOR'/') sdDevNm2   /*装置名称*/
		FROM
			R_DEV T1                  /*設置機器*/
			INNER JOIN R_DEV_DEV T2   /*設置機器-設置機器連関*/
			ON T1.LN_DEV = T2.LN_DEV_CHI
		WHERE
		    T2.LN_DEV_PAR = #{lnDev}   /*7-2.-C)で取得したLN_設置機器論理番号*/
		    <if test="sdDevNm2 != null and sdDevNm2 != ''">
            AND T1.SD_DEV_NM LIKE CONCAT(CONCAT('%', #{sdDevNm2}, '%')) ESCAPE '/'   /*「装置名称」テキスト OR 「カメラ名称」テキスト*/
          	</if>
		ORDER BY LN_DEV_CHI ASC
    </select>

    <!-- 対象画像が存在するかチェックする。 -->
    <select id="selectRAuthPicInf" parameterType="java.util.HashMap" resultMap="BaseResultMap">
        <![CDATA[
        SELECT
            LN_R_AUTH_PIC_INF /*LN_認証画像情報論理番号*/
        FROM
		  R_AUTH_PIC_INF  /* 認証画像情報 */
		WHERE
			LN_R_AUTH_PIC_INF =  #{lnRAuthPicInf} /*リクエスト情報から取得した LN_認証画像情報論理番号*/
			AND DEL_FLG = 0
        ]]>
    </select>

    <!-- 既に登録されているかどうかチェックする。-->
    <select id="selectRAuthPicInf2" parameterType="java.util.HashMap" resultMap="BaseResultMap">
        <![CDATA[
        SELECT
            LN_R_AUTH_PIC_INF, 					  /*LN_認証画像情報論理番号*/
            AUTH_STS,                             /*認証状態*/
            REGIST_STS_KBN                        /*登録状態区分*/
        FROM
		    R_PIC_INF_DEV_STS                     /* 認証画像状態 */
		WHERE
			LN_R_AUTH_PIC_INF =#{lnRAuthPicInf}   /*リクエスト情報から取得した LN_認証画像情報論理番号*/
			AND LN_DEV =  #{lnDev}                /*リクエスト情報から取得した LN_認証画像情報論理番号*/
            AND DEL_FLG = 0
        ]]>
    </select>

    <!-- 認証画像状態を追加する -->
    <update id="insertRPicInfDevSts" parameterType="java.util.HashMap">
        <![CDATA[
	    INSERT INTO
	       R_PIC_INF_DEV_STS
	    (
			LN_R_AUTH_PIC_INF
			,LN_DEV
			,AUTH_STS
			,REGIST_STS_KBN
			,REGIST_TS
			,KAOREGI_KAOREGIERR
			,KAONUM
			,KAOPOLICY
			,KAODEGREE
			,KAOUL
			,KAOLR
			,KAOLEYE
			,KAOREYE
			,DEL_FLG
			,INSERT_ID
			,INSERT_NM
			,INSERT_TS
			,UPDATE_ID
			,UPDATE_NM
			,UPDATE_TS
	   )
		VALUES (
			#{lnRAuthPicInf}  /*新たに払い出した認証画像情報論理番号*/
			,#{lnDev}         /*LN_設置機器論理番号*/
			,2         /*2:新規 */
			,1         /*1:登録待ち*/
			,NULL      /*NULL*/
			,NULL      /*NULL*/
			,NULL      /*NULL*/
			,NULL      /*NULL*/
			,NULL      /*NULL*/
			,NULL      /*NULL*/
			,NULL      /*NULL*/
			,NULL      /*NULL*/
			,NULL      /*NULL*/
			,0         /*0：未削除*/
			,#{insertId}        /* LN_利用者アカウント共通論理番号*/
			,#{insertNm}        /* ログイン情報のアカウント名称 */
			,#{insertTs}         /* システム日時 */
			,#{updateId}        /* LN_利用者アカウント共通論理番号 */
			,#{updateNm}        /* ログイン情報のアカウント名称*/
			,#{updateTs}              /* システム日時 */
	 )
    ]]>
    </update>

    <!-- 画像コマンドキューを追加する。 -->
    <update id="insertCQueImgCmd" parameterType="java.util.HashMap">
        <![CDATA[
        INSERT INTO C_QUE_IMG_CMD
            (
			LN_QUE_IMG_CMD
			,IMAGE_REQ_KBN
			,CTL_ID
			,REQ_MSG
			,STS
			,CTL_CMD_RSLT
			,INSERT_ID
			,INSERT_NM
			,INSERT_TS
			,UPDATE_ID
			,UPDATE_NM
			,UPDATE_TS
			)
        VALUE
        	(
            #{lnQueImgCmd}
			,3        /* 「3」:顔認証登録削除要求*/
			,NULL     /* NULL*/
			,#{reqMsg} /* 要求項目に関する補足説明参照（※）*/
			,0        /* 「0」：未送信*/
			,NULL     /* NULL   */
			,#{insertId}        /* LN_利用者アカウント共通論理番号*/
			,#{insertNm}        /* ログイン情報のアカウント名称 */
			,#{insertTs}         /* システム日時 */
			,#{updateId}        /* LN_利用者アカウント共通論理番号 */
			,#{updateNm}        /* ログイン情報のアカウント名称*/
			,#{updateTs}              /* システム日時 */
		)

        ]]>
    </update>
    
     <!-- 7-2.E)登録枚数取得 -->
    <select id="selectRegisterNum" parameterType="java.util.HashMap" resultType="java.lang.Integer">
        <![CDATA[
			SELECT COUNT(R1.LN_DEV)
			FROM 
				R_PIC_INF_DEV_STS R1 
			LEFT JOIN R_AUTH_PIC_INF R2 
				ON R1.LN_R_AUTH_PIC_INF = R2.LN_R_AUTH_PIC_INF
			WHERE R1.LN_DEV=#{lnDev}
				AND R1.DEL_FLG='0'
				AND (R1.AUTH_STS='1' OR(R1.AUTH_STS='2' AND R1.REGIST_STS_KBN='1'))
				AND R2.PIC_KIND=#{picKind}
        ]]>
    </select>

   <!-- C)設置機器グループの取得 -->
    <select id="selectRdevGroupMst" parameterType="java.util.HashMap" resultMap="BaseResultMap">
        <![CDATA[
	        SELECT 
	        	T1.REGIST_MAX_NUMBER,
	        	T1.REGIST_NUMBER 
	        FROM R_DEV_GROUP_MST T1
	  		WHERE 
	  			T1.LN_DEV = #{lnDev}
        ]]>
    </select>
    
    <!-- D)登録枚数最大値取得 -->
	<select id="selectRegisterMaxNum" parameterType="java.util.HashMap" resultType="java.lang.String">
		SELECT VAL
		FROM
		R_PROP_TBL R1
		WHERE R1.SECTION='SZWU'
		AND R1.PROP_KEY=#{regist}
	</select>
  
   <!-- 認証画像状態を追加する -->
    <update id="updateRPicInfDevSts" parameterType="java.util.HashMap">
        update R_PIC_INF_DEV_STS
	    <set>
	      <if test="authSts != null" >
	        AUTH_STS = #{authSts,jdbcType=CHAR},
	      </if>
	      <if test="registStsKbn != null" >
	        REGIST_STS_KBN = #{registStsKbn,jdbcType=CHAR},
	      </if>
	      <if test="registTs != null" >
	        REGIST_TS = #{registTs,jdbcType=TIMESTAMP},
	      </if>
	      <if test="kaoregiKaoregierr != null" >
	        KAOREGI_KAOREGIERR = #{kaoregiKaoregierr,jdbcType=VARCHAR},
	      </if>
	      <if test="kaonum != null" >
	        KAONUM = #{kaonum,jdbcType=VARCHAR},
	      </if>
	      <if test="kaopolicy != null" >
	        KAOPOLICY = #{kaopolicy,jdbcType=VARCHAR},
	      </if>
	      <if test="kaodegree != null" >
	        KAODEGREE = #{kaodegree,jdbcType=VARCHAR},
	      </if>
	      <if test="kaoul != null" >
	        KAOUL = #{kaoul,jdbcType=VARCHAR},
	      </if>
	      <if test="kaolr != null" >
	        KAOLR = #{kaolr,jdbcType=VARCHAR},
	      </if>
	      <if test="kaoleye != null" >
	        KAOLEYE = #{kaoleye,jdbcType=VARCHAR},
	      </if>
	      <if test="kaoreye != null" >
	        KAOREYE = #{kaoreye,jdbcType=VARCHAR},
	      </if>
	      <if test="delFlg != null" >
	        DEL_FLG = #{delFlg,jdbcType=CHAR},
	      </if>
	      <if test="updateId != null" >
	        UPDATE_ID = #{updateId,jdbcType=CHAR},
	      </if>
	      <if test="updateNm != null" >
	        UPDATE_NM = #{updateNm,jdbcType=CHAR},
	      </if>
	        UPDATE_TS = CURRENT_TIMESTAMP()
	    </set>
	    where LN_DEV = #{lnDev,jdbcType=CHAR}
	      and LN_R_AUTH_PIC_INF = #{lnRAuthPicInf,jdbcType=CHAR}
    </update>
</mapper>