<?xml version="1.0" encoding="UTF-8" ?>
<!DOCTYPE mapper
		PUBLIC "-//mybatis.org//DTD Mapper 3.0//EN"
		"http://mybatis.org/dtd/mybatis-3-mapper.dtd">
<mapper namespace="jp.co.alsok.g6.zwu.dao.mapper.g6.SZWU8000Mapper">
	<!-- 返却用 -->
	<resultMap id="BaseResultMap" type="jp.co.alsok.g6.zwu.entity.g6.SZWU8000Info">
		<result column="lnRAuthPicInf" jdbcType="CHAR" property="lnRAuthPicInf" />
		<result column="picInf" jdbcType="CHAR" property="picInf" />
		<result column="nickName" jdbcType="CHAR" property="nickName" />
		<result column="registTs" jdbcType="CHAR" property="registTs" />
		<result column="authLimitFlg" jdbcType="CHAR" property="authLimitFlg" />
		<result column="authLimit" jdbcType="TIMESTAMP" property="authLimit" />
		<result column="counts" javaType="_int" property="counts" />
		<result column="lnDev" jdbcType="TIMESTAMP" property="lnDev" />
		<result column="registNumber" jdbcType="TIMESTAMP" property="registNumber" />
		<result column="importantNumber" jdbcType="TIMESTAMP" property="importantNumber" />
		<result column="devMaxNumber" jdbcType="TIMESTAMP" property="devMaxNumber" />
	</resultMap>

	<!-- 契約先情報の取得 -->
	<select id="selectKeiykInfo" parameterType="java.util.HashMap" resultMap="BaseResultMap">
		SELECT 
			A.LN_KEIYK AS lnKeiyk
		FROM R_KEIYK_BUKKEN AS A 
			INNER JOIN R_KEIBI AS B ON B.LN_BUKKEN = A.LN_BUKKEN 
		WHERE B.LN_KEIBI = #{lnKeibi}
	</select>

	<!-- 認証画像情報の取得 -->
	<select id="selectRAuthPicInf" resultMap="BaseResultMap">
		SELECT 
			B.LN_KEIYK AS lnKeiyk,
			F.LN_R_AUTH_PIC_INF AS lnRAuthPicInf,
			F.PIC_INF_CUTCOUT AS picInf,
			F.NICK_NAME AS nickName,
			F.REGIST_TS AS registTs,
		    F.AUTH_LIMIT AS authLimit,
			F.AUTH_LIMIT_FLG AS authLimitFlg
		FROM R_KEIYK AS A
			INNER JOIN R_KEIYK_BUKKEN AS B ON B.LN_KEIYK = A.LN_KEIYK
			INNER JOIN R_KEIBI AS C ON C.LN_BUKKEN = B.LN_BUKKEN
			INNER JOIN R_DEV AS D ON D.LN_KEIBI = C.LN_KEIBI
			INNER JOIN R_PIC_INF_DEV_STS AS E ON E.LN_DEV = D.LN_DEV
			INNER JOIN R_AUTH_PIC_INF AS F ON F.LN_R_AUTH_PIC_INF = E.LN_R_AUTH_PIC_INF
		<where>
			B.LN_KEIYK IN 
			<foreach item="item" index="index" collection="lnKeiykList"
                open="(" separator="," close=")">
                #{item}
	        </foreach>
			<if test="registFromDate != null and registFromDate != ''">
				AND DATE_FORMAT(F.REGIST_TS, '%Y%m%d') &gt;= #{registFromDate}
			</if>
			<if test="registToDate != null and registToDate != ''">
				AND DATE_FORMAT(F.REGIST_TS, '%Y%m%d') &lt;= #{registToDate}
			</if>
			<if test="authLimitFromDate != null and authLimitFromDate != ''">
				AND DATE_FORMAT(F.AUTH_LIMIT, '%Y%m%d') &gt;= #{authLimitFromDate}
			</if>
			<if test="authLimitToDate != null and authLimitToDate != ''">
				AND DATE_FORMAT(F.AUTH_LIMIT, '%Y%m%d') &lt;= #{authLimitToDate}
			</if>
			AND F.PIC_KIND = '1'
			AND E.AUTH_STS=#{authSts}
			AND E.REGIST_STS_KBN IN
			<foreach item="item" index="index" collection="registStsKbn"
                open="(" separator="," close=")">
                #{item}
	        </foreach>
		    AND A.DEL_FLG = '0'
			AND B.DEL_FLG = '0'
			AND C.DEL_FLG = '0'
			AND D.DEL_FLG = '0'
		    AND E.DEL_FLG = '0'
			AND F.DEL_FLG = '0'
			<if test="nickName != null and nickName != ''">
				AND NICK_NAME like CONCAT(CONCAT('%', #{nickName}, '%')) ESCAPE '/'
			</if>
		</where>
		<choose>
			<when test="sort == 10">
				ORDER BY F.NICK_NAME ASC
			</when>
			<when test="sort == 11">
				ORDER BY F.NICK_NAME DESC
			</when>
			<when test="sort == 20">
				ORDER BY F.REGIST_TS ASC
			</when>
			<when test="sort == 21">
				ORDER BY F.REGIST_TS DESC
			</when>
			<when test="sort == 30">
				ORDER BY F.AUTH_LIMIT ASC
			</when>
			<when test="sort == 31">
				ORDER BY F.AUTH_LIMIT DESC
			</when>
			<otherwise>
				ORDER BY F.NICK_NAME ASC, F.REGIST_TS DESC, F.AUTH_LIMIT DESC
			</otherwise>
		</choose>
		
	</select>
	
	<!-- 登録台数の取得 -->
	<select id="selectRegisterNum" parameterType="java.util.HashMap" resultType="java.lang.Integer">
		SELECT
			COUNT(T1.LN_R_AUTH_PIC_INF) AS counts
		FROM
			R_PIC_INF_DEV_STS T1
		WHERE
			T1.LN_R_AUTH_PIC_INF = #{lnRAuthPicInf}
		AND T1.DEL_FLG = '0'
		AND (T1.AUTH_STS='1' OR (T1.AUTH_STS='2' AND T1.REGIST_STS_KBN='1'))
	</select>

</mapper>