<?xml version="1.0" encoding="UTF-8" ?>
<!DOCTYPE mapper
        PUBLIC "-//mybatis.org//DTD Mapper 3.0//EN"
        "http://mybatis.org/dtd/mybatis-3-mapper.dtd">
<mapper namespace="jp.co.alsok.g6.zwu.dao.mapper.g6.SZWU4400Mapper">
	<!-- 返却用 -->
	<resultMap id="BaseResultMap" type="jp.co.alsok.g6.zwu.entity.g6.SZWU4400Info">
		<id column="lnKbChiku" jdbcType="CHAR" property="lnKbChiku" />
		<result column="cmdVer" jdbcType="CHAR" property="cmdVer" />
		<result column="lnKeibi" jdbcType="CHAR" property="lnKeibi" />
		<result column="subAddr" jdbcType="CHAR" property="subAddr" />
		<result column="sdKobetuNm" jdbcType="CHAR" property="sdKobetuNm" />
		<result column="lnDev" jdbcType="CHAR" property="lnDev" />
		<result column="sdDevNm" jdbcType="CHAR" property="sdDevNm" />
		<result column="sdDevNum" jdbcType="CHAR" property="sdDevNum" />
		<result column="denkei" jdbcType="CHAR" property="denkei" />
		<result column="gouki" jdbcType="CHAR" property="gouki" />
		<result column="serialNum" jdbcType="CHAR" property="serialNum" />
		<result column="sts" jdbcType="CHAR" property="sts" />
		<result column="soapMsg" jdbcType="CHAR" property="soapMsg" />
		<result column="sdLineKind" jdbcType="CHAR" property="sdLineKind" />
		<result column="PRIORITY" jdbcType="CHAR" property="priority" />
		<result column="chiku" jdbcType="CHAR" property="chiku" />
	</resultMap>

	<!-- 警備先地区一覧の取得 -->
	<select id="selectKbInfoList" resultMap="BaseResultMap">
		SELECT
			RC.LN_KB_CHIKU AS lnKbChiku,
			RC.SUB_ADDR AS subAddr,
			RC.CHIKU AS chiku,
			RC.SD_KOBETU_NM AS sdKobetuNm
		FROM
			R_KEIBI R
			INNER JOIN R_KB_CHIKU RC ON RC.LN_KEIBI = R.LN_KEIBI
			INNER JOIN A_USER_OPERATION_HANI A
				ON A.LN_ACNT_USER_COMMON = #{lnAcntUserCommon}
				AND (
					A.PATH_INF = RC.PATH_INF
					OR A.PATH_INF = LEFT (RC.PATH_INF, 41)
					OR A.PATH_INF = LEFT (RC.PATH_INF, 20)
				)
		WHERE
			R.LN_KEIBI = #{keibi}
			AND RC.ENTRY_STS = '1'
			AND RC.DEL_FLG = '0'
		ORDER BY
			RC.SUB_ADDR
	</select>
	<!-- 設置機器状態一覧の取得 -->
	<select id="selectDevInfoList" resultMap="BaseResultMap">
		SELECT
		 D.LN_DEV AS lnDev
		,D.SD_DEV_NM AS sdDevNm
		,D.SD_DEV_NUM AS sdDevNum
		FROM R_KB_CHIKU C
		INNER JOIN R_DEV D
		ON D.LN_KB_CHIKU = C.LN_KB_CHIKU
		WHERE C.LN_KEIBI = #{keibi}
		AND C.LN_KB_CHIKU = #{kbChiku}
		AND D.FLAG_CUSTOMERUSECENTERREMOTE = '1'
		<!-- #5160 START -->
		AND C.DEL_FLG = '0'
		AND C.ENTRY_STS = '1'
		<!-- #5160 END -->
		AND D.DEL_FLG = '0'
		ORDER BY D.SD_DEV_NM ASC
	</select>
	<!-- 電計番号、号機番号、シリアル番号を取得する -->
	<select id="selectCQueCtrlSig" resultMap="BaseResultMap">
		SELECT
			C.LN_KEIBI AS lnKeibi,
			DC.SUB_ADDR AS subAddr,
			CD.GOUKI AS gouki,
			CD.SERIAL_NUM AS serialNum,
			DM.DENKEI AS denkei,
			'' AS sdLineKind,
			D.SD_DEV_NUM AS sdDevNum,
			D.LN_DEV AS lnDev,
			IF(M.CD_ID IS NULL, 'cmdVer', 'cmdVer2') cmdVer<!-- 電文コマンドバージョン -->
		FROM
			R_KB_CHIKU C
				INNER JOIN R_KEIBI_CTL_DEV KCD<!-- 警備先・制御装置 -->
					ON KCD.LN_KEIBI = C.LN_KEIBI
					AND KCD.DEL_FLG = '0'
				INNER JOIN R_CTL_DEV CD<!-- 警備制御装置 -->
					ON CD.LN_CTL_DEV = KCD.LN_CTL_DEV
					AND CD.DEL_FLG = '0'
				INNER JOIN R_DEV D<!-- 警備制御装置の設置機器 -->
					ON D.LN_DEV = CD.LN_DEV
					AND D.DEL_FLG = '0'
				INNER JOIN M_DEV_KIND DK
					ON DK.DEV_KIND_CD = D.SD_DEV_KIND_CD
					AND DK.KIND_CD = '01'<!-- 警備制御装置のみ選択 -->
				INNER JOIN R_DENKEI_MNG DM
					ON DM.LN_KEIBI = D.LN_KEIBI<!-- 警備制御設置機器の警備先の電計番号 -->
					AND DM.LAST_FLG = '1'
					AND DM.DEL_FLG = '0'
				INNER JOIN R_KB_CHIKU DC
					ON DC.LN_KB_CHIKU = D.LN_KB_CHIKU<!-- 警備制御設置機器の警備先地区 -->
					AND DC.DEL_FLG = '0'
				LEFT JOIN M_CD M
					ON M.CD_ID='CD448'
					AND M.CD_VALUE=D.SD_DEV_KIND_CD
		WHERE
			C.LN_KB_CHIKU = '${lnKbChiku}'
			AND C.DEL_FLG = '0'
	</select>
	<!--コマンド状態の取得 -->
	<select id="selectCtrlSig" resultMap="BaseResultMap">
		SELECT
		STS AS sts
		FROM C_QUE_CTRL_SIG
		WHERE LN_QUE_CTRL_SIG=#{lnQueCtrlSig}
	</select>
	
	<!--設置機器状態の取得 -->
	<select id="selectDevSts" resultType="java.lang.String">
		SELECT DRCTSET_CNTR_STS
		FROM R_DEV_STS
		WHERE LN_DEV=#{lnDev}
		LIMIT 1
	</select>
	<!--制御状態読出要求コマンドを登録する -->
	<insert id="inesrtCtrlSig" parameterType="jp.co.alsok.g6.db.entity.g6.CQueCtrlSigWithBLOBs">
		INSERT INTO C_QUE_CTRL_SIG
		<trim prefix="(" suffix=")" suffixOverrides=",">
			<if test="LN_QUE_CTRL_SIG != null">
				LN_QUE_CTRL_SIG,
			</if>
			<if test="HOST_NM != null">
				HOST_NM,
			</if>
			<if test="DENKEI != null">
				DENKEI,
			</if>
			<if test="GOUKI != null">
				GOUKI,
			</if>
			<if test="SERIAL_NUM != null">
				SERIAL_NUM,
			</if>
			<if test="CONN_DEV_NUM != null">
				CONN_DEV_NUM,
			</if>
			<if test="DEV_NUM != null">
				DEV_NUM,
			</if>
			<if test="SUB_ADDR != null">
				SUB_ADDR,
			</if>
			<if test="PRIORITY != null">
				PRIORITY,
			</if>
			<if test="CMD_SEQ_NUM != null">
				CMD_SEQ_NUM,
			</if>
			<if test="PROCESS_NUM != null">
				PROCESS_NUM,
			</if>
			<if test="CMD_CD != null">
				CMD_CD,
			</if>
			<if test="EXEC_CMD != null">
				EXEC_CMD,
			</if>
			<if test="DIR_NM != null">
				DIR_NM,
			</if>
			<if test="ENQ_TS != null">
				ENQ_TS,
			</if>
			<if test="DEQ_ABL_TS != null">
				DEQ_ABL_TS,
			</if>
			<if test="DEQ_TS != null">
				DEQ_TS,
			</if>
			<if test="STS != null">
				STS,
			</if>
			<if test="CENTER_ERR_DTL != null">
				CENTER_ERR_DTL,
			</if>
			<if test="RM_RESULT != null">
				RM_RESULT,
			</if>
			<if test="RM_ERR_CD != null">
				RM_ERR_CD,
			</if>
			<if test="CTL_RESULT_CD != null">
				CTL_RESULT_CD,
			</if>
			<if test="CTL_CMD_RSLT != null">
				CTL_CMD_RSLT,
			</if>
			<if test="CMD_TIMEOUT_TM != null">
				CMD_TIMEOUT_TM,
			</if>
			<if test="INSERT_ID != null">
				INSERT_ID,
			</if>
			<if test="INSERT_NM != null">
				INSERT_NM,
			</if>
			<if test="INSERT_TS != null">
				INSERT_TS,
			</if>
			<if test="UPDATE_ID != null">
				UPDATE_ID,
			</if>
			<if test="UPDATE_NM != null">
				UPDATE_NM,
			</if>
			<if test="UPDATE_TS != null">
				UPDATE_TS,
			</if>
			<if test="FILE_KIND != null">
				FILE_KIND,
			</if>
			<if test="SOAP_MSG != null">
				SOAP_MSG,
			</if>
		</trim>
		<trim prefix="values (" suffix=")" suffixOverrides=",">
			<if test="LN_QUE_CTRL_SIG != null">
				#{LN_QUE_CTRL_SIG},
			</if>
			<if test="HOST_NM != null">
				#{HOST_NM},
			</if>
			<if test="DENKEI != null">
				#{DENKEI},
			</if>
			<if test="GOUKI != null">
				#{GOUKI},
			</if>
			<if test="SERIAL_NUM != null">
				#{SERIAL_NUM},
			</if>
			<if test="CONN_DEV_NUM != null">
				#{CONN_DEV_NUM},
			</if>
			<if test="DEV_NUM != null">
				#{DEV_NUM},
			</if>
			<if test="SUB_ADDR != null">
				#{SUB_ADDR},
			</if>
			<if test="PRIORITY != null">
				#{PRIORITY},
			</if>
			<if test="CMD_SEQ_NUM != null">
				#{CMD_SEQ_NUM},
			</if>
			<if test="PROCESS_NUM != null">
				#{PROCESS_NUM},
			</if>
			<if test="CMD_CD != null">
				#{CMD_CD},
			</if>
			<if test="EXEC_CMD != null">
				#{EXEC_CMD},
			</if>
			<if test="DIR_NM != null">
				#{DIR_NM},
			</if>
			<if test="ENQ_TS != null">
				#{ENQ_TS},
			</if>
			<if test="DEQ_ABL_TS != null">
				#{DEQ_ABL_TS},
			</if>
			<if test="DEQ_TS != null">
				#{DEQ_TS},
			</if>
			<if test="STS != null">
				#{STS},
			</if>
			<if test="CENTER_ERR_DTL != null">
				#{CENTER_ERR_DTL},
			</if>
			<if test="RM_RESULT != null">
				#{RM_RESULT},
			</if>
			<if test="RM_ERR_CD != null">
				#{RM_ERR_CD},
			</if>
			<if test="CTL_RESULT_CD != null">
				#{CTL_RESULT_CD},
			</if>
			<if test="CTL_CMD_RSLT != null">
				#{CTL_CMD_RSLT},
			</if>
			<if test="CMD_TIMEOUT_TM != null">
				#{CMD_TIMEOUT_TM},
			</if>
			<if test="INSERT_ID != null">
				#{INSERT_ID},
			</if>
			<if test="INSERT_NM != null">
				#{INSERT_NM},
			</if>
			<if test="INSERT_TS != null">
				#{INSERT_TS},
			</if>
			<if test="UPDATE_ID != null">
				#{UPDATE_ID},
			</if>
			<if test="UPDATE_NM != null">
				#{UPDATE_NM},
			</if>
			<if test="UPDATE_TS != null">
				#{UPDATE_TS},
			</if>
			<if test="FILE_KIND != null">
				#{FILE_KIND},
			</if>
			<if test="SOAP_MSG != null">
				#{SOAP_MSG},
			</if>
		</trim>
	</insert>
    <!-- 優先順位情報の取得 -->
	<select id="getRctrlPriority" parameterType="java.util.HashMap" resultMap="BaseResultMap">
		SELECT
			PRIORITY
		FROM
			R_CTRL_PRIORITY
		WHERE
		SERVICE_ID = #{serviceId}
		AND SOAP_CMD = #{soapCmd}
		AND DEL_FLG = #{delFlg}
	</select>
</mapper>