<?xml version="1.0" encoding="UTF-8" ?>
<!DOCTYPE mapper
        PUBLIC "-//mybatis.org//DTD Mapper 3.0//EN"
        "http://mybatis.org/dtd/mybatis-3-mapper.dtd">
<mapper namespace="jp.co.alsok.g6.zwu.dao.mapper.g6.SZWU9212Mapper">
	<!-- 返却用 -->
	<resultMap id="BaseResultMap" type="jp.co.alsok.g6.zwu.entity.g6.SZWU9212Info">
		<result column="knrnNm" jdbcType="CHAR" property="knrnNm" />
		<result column="knrnNmKana" jdbcType="CHAR" property="knrnNmKana" />
		<result column="zokugaraCd" jdbcType="CHAR" property="zokugaraCd" />
		<result column="zokugara" jdbcType="CHAR" property="zokugara" />
		<result column="birthday" jdbcType="CHAR" property="birthday" />
	</resultMap>
	<!-- 警備先地区同居家族名簿詳細情報の取得 -->
	<select id="selectRKnrnMeiboDtlDokyo" resultMap="BaseResultMap">
		select 
			KNRN_NM as knrnNm
			,KNRN_NM_KANA as knrnNmKana
			,ZOKUGARA_CD as zokugaraCd
			,ZOKUGARA as zokugara
			,BIRTHDAY as birthday
		from R_KNRN_MEIBO_DTL_DOKYO
		where LN_KNRN_MEIBO_DTL_DOKYO=#{lnKnrnMeiboDtlDokyo}
	</select>
	<!-- 警備先地区同居家族名簿詳細情報の更新. -->
	<update id="updateRKnrnMeiboDtlDokyo" parameterType="java.util.HashMap">
        UPDATE R_KNRN_MEIBO_DTL_DOKYO
		SET
			KNRN_NM = #{knrnNm}
			,KNRN_NM_KANA = #{knrnNmKana}
			,ZOKUGARA_CD = #{zokugaraCd}
			,ZOKUGARA = #{zokugara}
			,BIRTHDAY = #{birthday}
			,UPDATE_ID = #{lnAcntUserCommon}
			,UPDATE_NM = #{acntNm}
			,UPDATE_TS = SYSDATE()
		WHERE LN_KNRN_MEIBO_DTL_DOKYO=#{lnKnrnMeiboDtlDokyo}
    </update>
    <!-- 警備先地区同居家族名簿詳細情報の新規登録. -->
    <insert id="insertRKnrnMeiboDtlDokyo" parameterType="java.util.HashMap">
		INSERT INTO R_KNRN_MEIBO_DTL_DOKYO
		<trim prefix="(" suffix=")" suffixOverrides=",">
			<if test="lnKnrnMeiboDtlDokyo != null">
				LN_KNRN_MEIBO_DTL_DOKYO,
			</if>
			<if test="lnKbChikuKnrnMeiboKankei != null">
				LN_KB_CHIKU_KNRN_MEIBO_KANKEI,
			</if>
			<if test="orderNum != null">
				ORDER_NUM,
			</if>
			<if test="knrnNm != null">
				KNRN_NM,
			</if>
			<if test="knrnNmKana != null">
				KNRN_NM_KANA,
			</if>
			<if test="zokugaraCd != null">
				ZOKUGARA_CD,
			</if>
			<if test="zokugara != null">
				ZOKUGARA,
			</if>
			<if test="birthday != null">
				BIRTHDAY,
			</if>
				DEL_FLG,
			<if test="lnAcntUserCommon != null">
				INSERT_ID,
			</if>
			<if test="acntNm != null">
				INSERT_NM,
			</if>
				INSERT_TS,
			<if test="lnAcntUserCommon != null">
				UPDATE_ID,
			</if>
			<if test="acntNm != null">
				UPDATE_NM,
			</if>
				UPDATE_TS,
		</trim>
		<trim prefix="values (" suffix=")" suffixOverrides=",">
			<if test="lnKnrnMeiboDtlDokyo != null">
				#{lnKnrnMeiboDtlDokyo},
			</if>
			<if test="lnKbChikuKnrnMeiboKankei != null">
				#{lnKbChikuKnrnMeiboKankei},
			</if>
			<if test="orderNum != null">
				#{orderNum},
			</if>
			<if test="knrnNm != null">
				#{knrnNm},
			</if>
			<if test="knrnNmKana != null">
				#{knrnNmKana},
			</if>
			<if test="zokugaraCd != null">
				#{zokugaraCd},
			</if>
			<if test="zokugara != null">
				#{zokugara},
			</if>
			<if test="birthday != null">
				#{birthday},
			</if>
				'0',
			<if test="lnAcntUserCommon != null">
				#{lnAcntUserCommon},
			</if>
			<if test="acntNm != null">
				#{acntNm},
			</if>
				NOW(),
			<if test="lnAcntUserCommon != null">
				#{lnAcntUserCommon},
			</if>
			<if test="acntNm != null">
				#{acntNm},
			</if>
				NOW(),
		</trim>
	</insert>
</mapper>