<?xml version="1.0" encoding="UTF-8" ?>
<!DOCTYPE mapper PUBLIC "-//mybatis.org//DTD Mapper 3.0//EN" "http://mybatis.org/dtd/mybatis-3-mapper.dtd">
<mapper namespace="jp.co.alsok.g6.zwu.dao.mapper.g6.SZWU9100Mapper">
	<!-- 返却用 -->
	<resultMap id="BaseResultMap" type="jp.co.alsok.g6.zwu.entity.g6.SZWU9100Info">
		<result column="lnDev" jdbcType="CHAR" property="lnDev" />
		<result column="lnKbChiku" jdbcType="CHAR" property="lnKbChiku" />
		<result column="keibiName" jdbcType="CHAR" property="keibiName" />
		<result column="sdKobetuNm" jdbcType="CHAR" property="sdKobetuNm" />
		<result column="sdDevNmTrg" jdbcType="CHAR" property="sdDevNmTrg" />
		<result column="sdDevNmCamera" jdbcType="CHAR" property="sdDevNmCamera" />
		<result column="satuzouTrg" jdbcType="CHAR" property="satuzouTrg" />
		<result column="eventOnName" jdbcType="CHAR" property="eventOnName" />
		<result column="eventOffName" jdbcType="CHAR" property="eventOffName" />
		<result column="mailFlg" jdbcType="CHAR" property="mailFlg" />
		<result column="lnrDevTrg" jdbcType="CHAR" property="lnrDevTrg" />
		<result column="updateTs" jdbcType="CHAR" property="updateTs" />
	</resultMap>
	<!-- 返却用 -->

	<!-- 検索結果一覧の取得 -->
	<select id="searchActionEventList" resultMap="BaseResultMap">
		SELECT
			E.UPDATE_TS AS updateTs,
			C.LN_DEV AS lnDev, /* 設置機器１.LN_設置機器論理番号*/
			C.LN_KB_CHIKU AS lnKbChiku, /*設置機器１.LN_警備先地区論理番号*/
			A.KEIBI_NAME1 AS keibiName, /* 警備先.警備先名１ */
			B.SD_KOBETU_NM AS sdKobetuNm, /* 警備先地区.警備先地区名称 */
			C.SD_DEV_NM AS sdDevNmTrg, /* 設置機器.装置名称 */
			D.SD_DEV_NM AS sdDevNmCamera, /* 設置機器.装置名称 */
			E.SATUZOU_TRG AS satuzouTrg, /* 設置機器トリガー.撮像トリガー */
			E.EVENT_ON_NAME AS eventOnName, /* 設置機器トリガー.イベント名(ON) */
			E.EVENT_OFF_NAME AS eventOffName, /* 設置機器トリガー.イベント名(OFF) */
			E.MAIL_FLG AS mailFlg, /* 設置機器トリガー.メール送信フラグ */
			E.LN_R_DEV_TRG AS lnrDevTrg /* 設置機器トリガー.LN_設置機器トリガー論理番号 */
		FROM
			R_DEV_TRG E /*設置機器トリガー*/
		INNER JOIN R_DEV C ON 
			C.LN_DEV = E.LN_DEV_TRG /*設置機器トリガー.設置機器論理番号(トリガー) = 設置機器１.LN_設置機器論理番号*/
		INNER JOIN R_DEV D ON 
			D.LN_DEV = E.LN_DEV_CAMERA /*設置機器トリガー.設置機器論理番号(カメラ) = 設置機器２.LN_設置機器論理番号*/
		INNER JOIN R_KEIBI A ON 
			A.LN_KEIBI = C.LN_KEIBI /*設置機器１.LN_警備先論理番号 = 警備先.LN_警備先論理番号*/
		INNER JOIN R_KB_CHIKU B ON 
			B.LN_KB_CHIKU = C.LN_KB_CHIKU /*設置機器１.LN_警備先地区論理番号 = 警備先地区.LN_警備先地区論理番号*/
		WHERE 
			<!-- #5160 START -->
			B.DEL_FLG = '0'
			AND B.ENTRY_STS = '1'
			AND
			<!-- #5160 END -->
			C.LN_KEIBI = #{lnKeibi}
		<if test="lnKbChiku != null and lnKbChiku.length > 0">
			AND C.LN_KB_CHIKU IN
			<foreach item="item" index="index" collection="lnKbChiku" open="(" separator="," close=")">
				#{item}
			</foreach>
		</if>
			AND D.LN_KEIBI = #{lnKeibi}
		<if test="lnKbChiku != null and lnKbChiku.length > 0">
			AND D.LN_KB_CHIKU  IN
			<foreach item="item" index="index" collection="lnKbChiku" open="(" separator="," close=")">
				#{item}
			</foreach>
		</if>
		<if test="kbSts != null and kbSts != ''">
			AND E.SET_KIND = #{kbSts}
		</if>
		ORDER BY
			C.LN_KEIBI,
			B.SUB_ADDR,
			C.SD_DEV_NM,
			D.SD_DEV_NM
	</select>

	<!-- 設置機器トリガー検索 -->
	<select id="selectRdevTrg" resultType="java.lang.Integer">
		SELECT
			COUNT(LN_R_DEV_TRG)
		FROM
			R_DEV_TRG
		WHERE 0 = 0
		<if test="lnrDevTrg != null and lnrDevTrg != ''">
			AND LN_R_DEV_TRG = #{lnrDevTrg}
		</if>
		<if test="updateTs != null and updateTs != ''">
			AND UPDATE_TS = #{updateTs}
		</if>
	</select>

	<!-- 更新データ登録処理 -->
	<update id="updateRdevTrg" parameterType="java.util.HashMap">
		UPDATE
		R_DEV_TRG
		<set>
			<if test="eventOnName != null">
				EVENT_ON_NAME = #{eventOnName,jdbcType=CHAR},
			</if>
			<if test="eventOffName != null">
				EVENT_OFF_NAME = #{eventOffName,jdbcType=CHAR},
			</if>
			<if test="mailFlg != null">
				MAIL_FLG = #{mailFlg,jdbcType=CHAR},
			</if>
			<if test="updateId != null">
				UPDATE_ID = #{updateId,jdbcType=CHAR},
			</if>
			<if test="updateNm != null">
				UPDATE_NM = #{updateNm,jdbcType=CHAR},
			</if>
			<if test="updateTs != null">
				UPDATE_TS = #{updateTs,jdbcType=CHAR},
			</if>
		</set>
		WHERE
		LN_R_DEV_TRG = #{lnrDevTrg} /* LN_設置機器トリガー論理番号 */
	</update>

</mapper>