<?xml version="1.0" encoding="UTF-8" ?>
<!DOCTYPE mapper
        PUBLIC "-//mybatis.org//DTD Mapper 3.0//EN"
        "http://mybatis.org/dtd/mybatis-3-mapper.dtd">
<mapper namespace="jp.co.alsok.g6.zwu.dao.mapper.g6.SZWU2300Mapper">
  	<!-- 返却用 -->
	<resultMap id="BaseResultMap" type="jp.co.alsok.g6.zwu.entity.g6.SZWU2300Info">
		<id column="LN_ATTEND_LOG" jdbcType="CHAR" property="lnAttendLog" />
		<result column="HASSEI_TS" jdbcType="CHAR" property="hasseiTs" />
		<result column="KEIBI_NM" jdbcType="CHAR" property="keibiNm" />
		<result column="SYUTAIKIN_KBN" jdbcType="CHAR" property="syutaikinKbn" />
		<result column="KOKUIN_NUM" jdbcType="CHAR" property="kokuinNum" />
		<result column="USER_NM" jdbcType="CHAR" property="userNm" />
		<result column="DEPA_NM" jdbcType="CHAR" property="depaNm" />
		<result column="POSI_NM" jdbcType="CHAR" property="posiNm" />
		<result column="USER_CD" jdbcType="CHAR" property="userCd" />
		<result column="GAZO_USE_FLG" jdbcType="CHAR" property="gazoUseFlg" />
		<result column="GAZO_FILE_PATH" jdbcType="CHAR" property="gazoFilePath" />
		<result column="LN_ACNT_USER_COMMON" jdbcType="CHAR" property="lnAcntUserCommon" />
		<result column="ACNT_NM" jdbcType="CHAR" property="acntNm" />
	</resultMap>
	
	<resultMap id="BaseResultMap2" type="jp.co.alsok.g6.zwu.entity.g6.SZWU2300Info">
		<id column="LN_KEIBI" jdbcType="CHAR" property="lnKeibi" />
		<result column="KEIBI_NAME" jdbcType="CHAR" property="keibiName" />
	</resultMap>
    <!-- 返却用 -->

	<!-- 警備先プルダウン情報の取得 -->
	<select id="searchKeibiList" resultMap="BaseResultMap2">
		SELECT
		    R.LN_KEIBI,
		    R.KEIBI_NAME1 AS KEIBI_NAME
		FROM 
		    R_KEIBI R
		WHERE
		<if test="lnKeibis != null and lnKeibis.length > 0">
			R.LN_KEIBI IN
			<foreach item="item" index="index" collection="lnKeibis" open="(" separator="," close=")">
				#{item}
			</foreach>
		</if>
	</select>

	<!-- 検索結果一覧の取得 -->
	<select id="selectInfoList" resultMap="BaseResultMap">
	SELECT
		H.LN_ATTEND_LOG,
		H.HASSEI_TS,
		H.KEIBI_NM,
		H.SYUTAIKIN_KBN,
		H.KOKUIN_NUM,
		H.USER_NM,
		H.DEPA_NM,
		H.POSI_NM,
		H.USER_CD,
		H.GAZO_USE_FLG,
		H.GAZO_FILE_PATH
	FROM
		H_ATTEND_LOG H
	INNER JOIN R_KB_CHIKU KB
		ON H.LN_KB_CHIKU = KB.LN_KB_CHIKU
		AND KB.ENTRY_STS IN ('1', '2')
	INNER JOIN A_USER_OPERATION_HANI A
		ON A.LN_ACNT_USER_COMMON = #{lnAcntUserCommon}
		AND (
		A.PATH_INF = KB.PATH_INF
		OR A.PATH_INF =
		LEFT (KB.PATH_INF, 41)
		OR A.PATH_INF =
		LEFT (KB.PATH_INF, 20)
		)
	WHERE
		1=1
		AND DATE_FORMAT(H.HASSEI_TS,'%Y%m%d') &gt;= #{fromDate}
		AND DATE_FORMAT(H.HASSEI_TS,'%Y%m%d') &lt;= #{toDate}
		<if test="keibiNumList != null">
		    AND KB.LN_KEIBI IN
		    <foreach item="item" index="index" collection="keibiNumList" open="(" separator="," close=")">
		     	#{item}
		    </foreach>
        </if>
        <if test="syutaikinKbn != null and syutaikinKbn !=''">
		    AND H.SYUTAIKIN_KBN = #{syutaikinKbn}
        </if>
        <if test="kokuinNum != null and kokuinNum !=''">
		    AND H.KOKUIN_NUM LIKE CONCAT(CONCAT('%', #{kokuinNum}, '%')) ESCAPE '/'
        </if>
        <if test="acntNm != null and acntNm !=''">
		    AND H.USER_NM LIKE CONCAT(CONCAT('%', #{acntNm}, '%')) ESCAPE '/'
        </if>
		ORDER BY H.HASSEI_TS DESC, H.LN_KB_CHIKU DESC
		<if test="outFlag != null and outFlag !=''" >
			LIMIT #{offest}, #{pageSize}
		</if>
	</select>

	<!-- 検索結果総数 -->
	<select id="selectInfoListCount" resultType="java.lang.Integer">
		SELECT
		    COUNT(1)
		FROM
		H_ATTEND_LOG H
	INNER JOIN R_KB_CHIKU KB
		ON H.LN_KB_CHIKU = KB.LN_KB_CHIKU
		AND KB.ENTRY_STS IN ('1', '2')
	INNER JOIN A_USER_OPERATION_HANI A
		ON A.LN_ACNT_USER_COMMON = #{lnAcntUserCommon}
		AND (
		A.PATH_INF = KB.PATH_INF
		OR A.PATH_INF =
		LEFT (KB.PATH_INF, 41)
		OR A.PATH_INF =
		LEFT (KB.PATH_INF, 20)
		)
	WHERE
		1=1
		AND DATE_FORMAT(H.HASSEI_TS,'%Y%m%d') &gt;= #{fromDate}
		AND DATE_FORMAT(H.HASSEI_TS,'%Y%m%d') &lt;= #{toDate}
		<if test="keibiNumList != null">
		    AND KB.LN_KEIBI IN
		    <foreach item="item" index="index" collection="keibiNumList" open="(" separator="," close=")">
		     	#{item}
		    </foreach>
        </if>
        <if test="syutaikinKbn != null and syutaikinKbn !=''">
		    AND H.SYUTAIKIN_KBN = #{syutaikinKbn}
        </if>
        <if test="kokuinNum != null and kokuinNum !=''">
		    AND H.KOKUIN_NUM LIKE CONCAT(CONCAT('%', #{kokuinNum}, '%')) ESCAPE '/'
        </if>
        <if test="acntNm != null and acntNm !=''">
		    AND H.USER_NM LIKE CONCAT(CONCAT('%', #{acntNm}, '%')) ESCAPE '/'
        </if>
	</select>

	<!-- 出退勤管理情報履歴情報の取得 -->
	<select id="selectPopupInfoList" resultMap="BaseResultMap">
		SELECT
		    H.KOKUIN_NUM, 
		    H.USER_NM, 
		    H.USER_CD, 
		    H.GAZO_FILE_PATH
		FROM
			H_ATTEND_LOG H
		INNER JOIN R_KB_CHIKU KB
			ON H.LN_KB_CHIKU = KB.LN_KB_CHIKU
		    AND KB.ENTRY_STS IN ('1', '2')
		INNER JOIN A_USER_OPERATION_HANI A
			ON A.LN_ACNT_USER_COMMON = #{lnAcntUserCommon}
			AND (
			A.PATH_INF = KB.PATH_INF
			OR A.PATH_INF =
			LEFT (KB.PATH_INF, 41)
			OR A.PATH_INF =
			LEFT (KB.PATH_INF, 20)
			)
		WHERE
		    GAZO_USE_FLG = '1'
		    AND DATE_FORMAT(H.HASSEI_TS,'%Y%m%d') &gt;= #{popupFromDate}
			AND DATE_FORMAT(H.HASSEI_TS,'%Y%m%d') &lt;= #{popupToDate}
        <if test="keibiNumList != null">
		    AND KB.LN_KEIBI IN
		    <foreach item="item" index="index" collection="keibiNumList" open="(" separator="," close=")">
		     	#{item}
		    </foreach>
        </if>
        <if test="syutaikinKbn != null and syutaikinKbn !=''">
		    AND H.SYUTAIKIN_KBN = #{syutaikinKbn}
        </if>
        <if test="kokuinNum != null and kokuinNum !=''">
		    AND H.KOKUIN_NUM LIKE CONCAT(CONCAT('%', #{kokuinNum}, '%')) ESCAPE '/'
        </if>
        <if test="acntNm != null and acntNm !=''">
		    AND H.USER_NM LIKE CONCAT(CONCAT('%', #{acntNm}, '%')) ESCAPE '/'
        </if>
		ORDER BY H.HASSEI_TS DESC, H.LN_KB_CHIKU DESC
	</select>
	
	<!-- 選択した警備先地区論理番号を元に、制御装置論理番号を取得する -->
	<select id="selectLnCtlDevInfo" resultType="java.lang.String">
		SELECT T2.LN_CTL_DEV
		FROM R_DEV T1
		INNER JOIN R_CTL_DEV T2
		ON T1.LN_DEV= T2.LN_DEV
		WHERE
	    T1.LN_KEIBI IN
	    <foreach item="item" index="index" collection="keibiList" open="(" separator="," close=")">
	     	#{item}
	    </foreach>
        AND (T1.SD_DEV_NUM like #{sdDevNum1} or T1.SD_DEV_NUM like #{sdDevNum2})
		AND T1.DEL_FLG='0'
		AND T2.DEL_FLG='0'
	</select>

	<!-- ファイル受信件数を取得する -->
	<select id="selectCFileRcvCount" resultType="java.lang.Integer">
		SELECT COUNT(*)
		FROM C_FILE_RCV T1
		JOIN C_FILE_RCV_DETAIL T2
		ON T1.LN_FILE_RCV = T2.LN_FILE_RCV
		WHERE
		T1.CMD_SEQ_NUM=#{comSeqNo}
		AND T2.RCV_STS=#{rcvSts}
	</select>

	<!--ファイル受信テーブルを登録する -->
	<insert id="insertCFileRcv" parameterType="jp.co.alsok.g6.db.entity.g6.CFileRcv">
		INSERT INTO C_FILE_RCV
		<trim prefix="(" suffix=")" suffixOverrides=",">
			<if test="LN_FILE_RCV != null">
				LN_FILE_RCV,
			</if>
			<if test="LN_CTL_DEV != null">
				LN_CTL_DEV,
			</if>
			<if test="CMD_SEQ_NUM != null">
				CMD_SEQ_NUM,
			</if>
			<if test="INSERT_ID != null">
				INSERT_ID,
			</if>
			<if test="INSERT_NM != null">
				INSERT_NM,
			</if>
			<if test="INSERT_TS != null">
				INSERT_TS,
			</if>
			<if test="UPDATE_ID != null">
				UPDATE_ID,
			</if>
			<if test="UPDATE_NM != null">
				UPDATE_NM,
			</if>
			<if test="UPDATE_TS != null">
				UPDATE_TS,
			</if>
		</trim>
		<trim prefix="values (" suffix=")" suffixOverrides=",">
			<if test="LN_FILE_RCV != null">
				#{LN_FILE_RCV},
			</if>
			<if test="LN_CTL_DEV != null">
				#{LN_CTL_DEV},
			</if>
			<if test="CMD_SEQ_NUM != null">
				#{CMD_SEQ_NUM},
			</if>
			<if test="INSERT_ID != null">
				#{INSERT_ID},
			</if>
			<if test="INSERT_NM != null">
				#{INSERT_NM},
			</if>
			<if test="INSERT_TS != null">
				#{INSERT_TS},
			</if>
			<if test="UPDATE_ID != null">
				#{UPDATE_ID},
			</if>
			<if test="UPDATE_NM != null">
				#{UPDATE_NM},
			</if>
			<if test="UPDATE_TS != null">
				#{UPDATE_TS},
			</if>
		</trim>
	</insert>

	<!--ファイル受信詳細テーブルを登録する -->
	<insert id="insertCFileRcvDetail" parameterType="jp.co.alsok.g6.db.entity.g6.CFileRcvDetail">
		INSERT INTO C_FILE_RCV_DETAIL
		<trim prefix="(" suffix=")" suffixOverrides=",">
			<if test="LN_FILE_RCV != null">
				LN_FILE_RCV,
			</if>
			<if test="PROCESS_NUM != null">
				PROCESS_NUM,
			</if>
			<if test="FILE_KIND != null">
				FILE_KIND,
			</if>
			<if test="DIR_NM != null">
				DIR_NM,
			</if>
			<if test="FILE_NM != null">
				FILE_NM,
			</if>
			<if test="RCV_STS != null">
				RCV_STS,
			</if>
			<if test="INSERT_ID != null">
				INSERT_ID,
			</if>
			<if test="INSERT_NM != null">
				INSERT_NM,
			</if>
			<if test="INSERT_TS != null">
				INSERT_TS,
			</if>
			<if test="UPDATE_ID != null">
				UPDATE_ID,
			</if>
			<if test="UPDATE_NM != null">
				UPDATE_NM,
			</if>
			<if test="UPDATE_TS != null">
				UPDATE_TS,
			</if>
		</trim>
		<trim prefix="values (" suffix=")" suffixOverrides=",">
			<if test="LN_FILE_RCV != null">
				#{LN_FILE_RCV},
			</if>
			<if test="PROCESS_NUM != null">
				#{PROCESS_NUM},
			</if>
			<if test="FILE_KIND != null">
				#{FILE_KIND},
			</if>
			<if test="DIR_NM != null">
				#{DIR_NM},
			</if>
			<if test="FILE_NM != null">
				#{FILE_NM},
			</if>
			<if test="RCV_STS != null">
				#{RCV_STS},
			</if>
			<if test="INSERT_ID != null">
				#{INSERT_ID},
			</if>
			<if test="INSERT_NM != null">
				#{INSERT_NM},
			</if>
			<if test="INSERT_TS != null">
				#{INSERT_TS},
			</if>
			<if test="UPDATE_ID != null">
				#{UPDATE_ID},
			</if>
			<if test="UPDATE_NM != null">
				#{UPDATE_NM},
			</if>
			<if test="UPDATE_TS != null">
				#{UPDATE_TS},
			</if>
		</trim>
	</insert>
</mapper>