<?xml version="1.0" encoding="UTF-8" ?>
<!DOCTYPE mapper
        PUBLIC "-//mybatis.org//DTD Mapper 3.0//EN"
        "http://mybatis.org/dtd/mybatis-3-mapper.dtd">
<mapper namespace="jp.co.alsok.g6.zwu.dao.mapper.g6.SZWU6400Mapper">
    <!-- 返却用 -->
    <resultMap id="BaseResultMap" type="jp.co.alsok.g6.zwu.entity.g6.SZWU6400Info">
        <id column="LN_ALSOK_NOTICE" jdbcType="CHAR" property="lnHAlsokNotice" />
        <result column="SEND_TS" jdbcType="TIMESTAMP" property="sendTs" />
        <result column="TITLE" jdbcType="CHAR" property="title" />
        <result column="BODY" jdbcType="VARCHAR" property="body" />
    </resultMap>

    <!-- お知らせ情報の取得 -->
    <select id="selectNoticeInfo" resultMap="BaseResultMap">
		SELECT
		LN_ALSOK_NOTICE,
		SEND_TS,
		TITLE,
		BODY
		FROM R_ALSOK_NOTICE
		WHERE LN_ALSOK_NOTICE = #{lnHAlsokNotice}
	</select>
	
</mapper>