<?xml version="1.0" encoding="UTF-8" ?>
<!DOCTYPE mapper
        PUBLIC "-//mybatis.org//DTD Mapper 3.0//EN"
        "http://mybatis.org/dtd/mybatis-3-mapper.dtd">
<mapper namespace="jp.co.alsok.g6.zwu.dao.mapper.g6.SZWU3400Mapper">
	<resultMap id="BaseResultMap" type="jp.co.alsok.g6.zwu.entity.g6.SZWU3400Info">
		<result column="SD_KOBETU_NM" jdbcType="CHAR" property="sdKobetuNm" />
		<result column="CAMERA_NAME" jdbcType="CHAR" property="cameraName" />
		<result column="IMAGE_QUALITY_KBN" jdbcType="CHAR" property="imageQualityKbn" />
		<result column="VOICE_ACCUMULATE_FLG" jdbcType="CHAR" property="voiceAccumulateFlg" />
		<result column="DEL_TERMS_KBN" jdbcType="CHAR" property="delTermsKbn" />
		<result column="RETENTION_PERIOD" jdbcType="CHAR" property="retentionPeriod" />
		<result column="RETENTION_CAPACITY" jdbcType="CHAR" property="retentionCapacity" />
		<result column="LN_DEV" jdbcType="CHAR" property="lnDev" />
		<result column="LN_KB_CHIKU" jdbcType="CHAR" property="lnKbChiku" />
	</resultMap>
	<select id="selectSZWU3400Info" parameterType="java.util.HashMap" resultMap="BaseResultMap">
		SELECT
			T2.SD_KOBETU_NM, /* -- 警備先地区の名称 */
			T3.SD_DEV_NM AS CAMERA_NAME,
			T3.LN_DEV,
	 		T3.LN_KB_CHIKU
		FROM
			R_DEV T3 /* -- 設置機器 */
		INNER JOIN
			R_KB_CHIKU T2 /* -- 警備先地区 */
		ON
			T3.LN_KEIBI = T2.LN_KEIBI
		AND
			T3.LN_KB_CHIKU=T2.LN_KB_CHIKU
		WHERE 1=1
		<!-- #5160 START -->
		AND T2.DEL_FLG = '0'
		AND T2.ENTRY_STS = '1'
		<!-- #5160 END-->
		<if test=" null != lnKeibi">
			AND T3.LN_KEIBI = '${lnKeibi}'
		</if>
		<if test="lnKbChiku != null and lnKbChiku.length > 0">
			AND T3.LN_KB_CHIKU IN
			<foreach item="item" index="index" collection="lnKbChiku" open="(" separator="," close=")">
				#{item}
			</foreach>
		</if>
		ORDER BY
		<!-- 地区名称ソート順 -->
		<if test="sortName == null or sortName == ''">
			T2.SD_KOBETU_NM ASC
		</if>
		<!-- 地区名称ソート順 -->
		<if test="sortName != null and sortName =='orderbySdKobetuNm'">
			T2.SD_KOBETU_NM ${sortOrder}
		</if>
		<!-- カメラソート順 -->
		<if test="sortName != null and sortName =='orderbyCameraName'">
			T3.SD_DEV_NM ${sortOrder}
		</if>
	</select>
</mapper>
