<?xml version="1.0" encoding="UTF-8" ?>
<!DOCTYPE mapper
        PUBLIC "-//mybatis.org//DTD Mapper 3.0//EN"
        "http://mybatis.org/dtd/mybatis-3-mapper.dtd">
<mapper namespace="jp.co.alsok.g6.zwu.dao.mapper.g6.SZWU0900Mapper">
	<!-- 返却用 -->
	<resultMap id="BaseResultMap" type="jp.co.alsok.g6.zwu.entity.g6.SZWU0900Info">
		<id column="lnKbChiku" jdbcType="CHAR" property="lnKbChiku" />
		<result column="cmdVer" jdbcType="CHAR" property="cmdVer" />
		<result column="lnKeibi" jdbcType="CHAR" property="lnKeibi" />
		<result column="sdKobetuNm" jdbcType="CHAR" property="sdKobetuNm" />
		<result column="n0f0Flg" jdbcType="CHAR" property="n0f0Flg" />
		<result column="empStsFlg" jdbcType="CHAR" property="empStsFlg" />
		<result column="subAddr" jdbcType="CHAR" property="subAddr" />
		<result column="gouki" jdbcType="CHAR" property="gouki" />
		<result column="serialNum" jdbcType="CHAR" property="serialNum" />
		<result column="sdLineKind" jdbcType="CHAR" property="sdLineKind" />
		<result column="customerNum1" jdbcType="CHAR" property="customerNum1" />
		<result column="sts" jdbcType="CHAR" property="sts" />
		<result column="rmResult" jdbcType="CHAR" property="rmResult" />
		<result column="soapMsg" jdbcType="CHAR" property="soapMsg" />
		<result column="sdDevNum" jdbcType="CHAR" property="sdDevNum" />
		<result column="lnDev" jdbcType="CHAR" property="lnDev" />
		<result column="kbAreaNm" jdbcType="CHAR" property="kbAreaNm" />
		<result column="lnKbArea" jdbcType="CHAR" property="lnKbArea" />
		<result column="sdDevNm" jdbcType="CHAR" property="sdDevNm" />
		<result column="SENS_DEV_NO" jdbcType="CHAR" property="sensDevNo" />
		<result column="SENS_STS" jdbcType="CHAR" property="sensSts" />
		<result column="PRIORITY" jdbcType="CHAR" property="priority" />
	</resultMap>

	<!-- 検索結果一覧の取得 -->
	<select id="selectSZWU0900InfoList" resultMap="BaseResultMap">
		SELECT
			R1.LN_KB_CHIKU AS lnKbChiku,
			R1.LN_KEIBI AS lnKeibi,
			R1.SD_KOBETU_NM AS sdKobetuNm,
			R1.SUB_ADDR AS subAddr,
			R2.N0F0_FLG AS n0f0Flg,
			R2.EMP_STS_FLG AS empStsFlg,
			EXISTS(
				SELECT
					0
				FROM
					R_KB_AREA
				WHERE
					DEL_FLG = '0'
					AND ZAITAKU_KB_FLG = '1'
					AND LN_KB_CHIKU = R1.LN_KB_CHIKU
		  	) AS existsArea,
			EXISTS(
				SELECT
					0
				FROM
					R_KB_AREA A
						INNER JOIN R_ZAITAKU_KEIBI_STS S
							ON S.LN_KB_CHIKU = A.LN_KB_CHIKU
				WHERE
					A.DEL_FLG = '0'
					AND A.ZAITAKU_KB_FLG = '1'
					AND A.LN_KB_CHIKU = R1.LN_KB_CHIKU
					AND S.N0F0_FLG IN ('N', 'M')
		  	) AS existsZaishitsuALSOKArea
		FROM
			R_KB_CHIKU R1
				INNER JOIN R_KB_CHIKU_STS R2
					ON R1.LN_KB_CHIKU = R2.LN_KB_CHIKU
				INNER JOIN A_USER_OPERATION_HANI A
					ON A.LN_ACNT_USER_COMMON = #{lnAcntUserCommon} 
					AND (
						A.PATH_INF = R1.PATH_INF 
						OR A.PATH_INF = LEFT (R1.PATH_INF, 41) 
						OR A.PATH_INF = LEFT (R1.PATH_INF, 20)
					)
		WHERE
			R1.ENTRY_STS = '1'
			<if test="lnKeibi != null and lnKeibi !=''">
				AND R1.LN_KEIBI = '${lnKeibi}'
			</if>
			<if test="lnKbChiku == null">
				<if test="main != null">
					AND (R1.SUB_ADDR IS NULL OR R1.SUB_ADDR = '') 
				</if>
				<if test="main == null">
					AND R1.SUB_ADDR IS NOT NULL AND R1.SUB_ADDR != ''
				</if>
			</if>
		   <if test="lnKbChikuList != null">
				AND R1.LN_KB_CHIKU IN
				<foreach item="lnKbChiku" collection="lnKbChikuList" open="(" separator="," close=")">
					#{lnKbChiku}
				</foreach>
		   </if>
		ORDER BY
			R1.SUB_ADDR
		LIMIT #{offset} , #{pageSize}
	</select>

	<!-- 検索結果一覧の件数取得 -->
	<select id="selectSZWU0900InfoListCnt"
		resultType="java.lang.Integer">
		SELECT
		   COUNT(0)
		FROM
		   R_KB_CHIKU R1 INNER JOIN R_KB_CHIKU_STS R2
		   ON R1.LN_KB_CHIKU = R2.LN_KB_CHIKU
		   INNER JOIN A_USER_OPERATION_HANI A
		    ON A.LN_ACNT_USER_COMMON = #{lnAcntUserCommon} 
		    AND (
		      A.PATH_INF = R1.PATH_INF 
		      OR A.PATH_INF = LEFT (R1.PATH_INF, 41) 
		      OR A.PATH_INF = LEFT (R1.PATH_INF, 20)
		    )
		WHERE
		   R1.ENTRY_STS = '1'
		   <if test="lnKeibi != null and lnKeibi !=''">
			 AND R1.LN_KEIBI = '${lnKeibi}'
		   </if>
		   <if test="main != null">
			 AND (R1.SUB_ADDR IS NULL OR R1.SUB_ADDR = '') 
		   </if>
		   <if test="main == null">
			 AND R1.SUB_ADDR IS NOT NULL AND R1.SUB_ADDR != ''
		   </if>
	</select>

	<!-- 制御信号登録用情報の取得 -->
	<select id="searchCQueCtrlSig" resultMap="BaseResultMap">
		SELECT
			KCD.LN_CTL_DEV lnCtlDev,
			DC.SUB_ADDR subAddr,
			CD.GOUKI gouki,
			CD.SERIAL_NUM serialNum,
			'' sdLineKind,
			DM.DENKEI customerNum1,
			D.SD_DEV_NUM sdDevNum,
			IF(M.CD_ID IS NULL, 'cmdVer', 'cmdVer2') cmdVer<!-- 電文コマンドバージョン -->
		FROM
			R_KEIBI_CTL_DEV KCD<!-- 警備先・制御装置 -->
				INNER JOIN R_CTL_DEV CD<!-- 警備制御装置 -->
					ON CD.LN_CTL_DEV = KCD.LN_CTL_DEV
					AND CD.DEL_FLG = '0'
				INNER JOIN R_DEV D<!-- 警備制御装置の設置機器 -->
					ON D.LN_DEV = CD.LN_DEV
					AND D.DEL_FLG = '0'
				INNER JOIN M_DEV_KIND DK
					ON DK.DEV_KIND_CD = D.SD_DEV_KIND_CD
					AND DK.KIND_CD = '01'<!-- 警備制御装置のみ選択 -->
				INNER JOIN R_DENKEI_MNG DM
					ON DM.LN_KEIBI = D.LN_KEIBI<!-- 警備制御設置機器の警備先の電計番号 -->
					AND DM.LAST_FLG = '1'
					AND DM.DEL_FLG = '0'
				INNER JOIN R_KB_CHIKU DC
					ON DC.LN_KB_CHIKU = D.LN_KB_CHIKU<!-- 警備制御設置機器の警備先地区 -->
					AND DC.DEL_FLG = '0'
				LEFT JOIN M_CD M
					ON M.CD_ID='CD448'
					AND M.CD_VALUE=D.SD_DEV_KIND_CD
		WHERE
			KCD.LN_KEIBI = #{lnKeibi}
			AND KCD.DEL_FLG = '0'
	</select>
	
	<!--制御状態読出要求コマンドを登録する -->
	<insert id="inesrtCtrlSig" parameterType="jp.co.alsok.g6.db.entity.g6.CQueCtrlSigWithBLOBs">
		INSERT INTO C_QUE_CTRL_SIG
		<trim prefix="(" suffix=")" suffixOverrides=",">
			<if test="LN_QUE_CTRL_SIG != null">
				LN_QUE_CTRL_SIG,
			</if>
			<if test="HOST_NM != null">
				HOST_NM,
			</if>
			<if test="DENKEI != null">
				DENKEI,
			</if>
			<if test="GOUKI != null">
				GOUKI,
			</if>
			<if test="SERIAL_NUM != null">
				SERIAL_NUM,
			</if>
			<if test="CONN_DEV_NUM != null">
				CONN_DEV_NUM,
			</if>
			<if test="DEV_NUM != null">
				DEV_NUM,
			</if>
			<if test="SUB_ADDR != null">
				SUB_ADDR,
			</if>
			<if test="PRIORITY != null">
				PRIORITY,
			</if>
			<if test="CMD_SEQ_NUM != null">
				CMD_SEQ_NUM,
			</if>
			<if test="PROCESS_NUM != null">
				PROCESS_NUM,
			</if>
			<if test="CMD_CD != null">
				CMD_CD,
			</if>
			<if test="EXEC_CMD != null">
				EXEC_CMD,
			</if>
			<if test="DIR_NM != null">
				DIR_NM,
			</if>
			<if test="ENQ_TS != null">
				ENQ_TS,
			</if>
			<if test="DEQ_ABL_TS != null">
				DEQ_ABL_TS,
			</if>
			<if test="DEQ_TS != null">
				DEQ_TS,
			</if>
			<if test="STS != null">
				STS,
			</if>
			<if test="CENTER_ERR_DTL != null">
				CENTER_ERR_DTL,
			</if>
			<if test="RM_RESULT != null">
				RM_RESULT,
			</if>
			<if test="RM_ERR_CD != null">
				RM_ERR_CD,
			</if>
			<if test="CTL_RESULT_CD != null">
				CTL_RESULT_CD,
			</if>
			<if test="CTL_CMD_RSLT != null">
				CTL_CMD_RSLT,
			</if>
			<if test="CMD_TIMEOUT_TM != null">
				CMD_TIMEOUT_TM,
			</if>
			<if test="INSERT_ID != null">
				INSERT_ID,
			</if>
			<if test="INSERT_NM != null">
				INSERT_NM,
			</if>
			<if test="INSERT_TS != null">
				INSERT_TS,
			</if>
			<if test="UPDATE_ID != null">
				UPDATE_ID,
			</if>
			<if test="UPDATE_NM != null">
				UPDATE_NM,
			</if>
			<if test="UPDATE_TS != null">
				UPDATE_TS,
			</if>
			<if test="FILE_KIND != null">
				FILE_KIND,
			</if>
			<if test="SOAP_MSG != null">
				SOAP_MSG,
			</if>
		</trim>
		<trim prefix="values (" suffix=")" suffixOverrides=",">
			<if test="LN_QUE_CTRL_SIG != null">
				#{LN_QUE_CTRL_SIG},
			</if>
			<if test="HOST_NM != null">
				#{HOST_NM},
			</if>
			<if test="DENKEI != null">
				#{DENKEI},
			</if>
			<if test="GOUKI != null">
				#{GOUKI},
			</if>
			<if test="SERIAL_NUM != null">
				#{SERIAL_NUM},
			</if>
			<if test="CONN_DEV_NUM != null">
				#{CONN_DEV_NUM},
			</if>
			<if test="DEV_NUM != null">
				#{DEV_NUM},
			</if>
			<if test="SUB_ADDR != null">
				#{SUB_ADDR},
			</if>
			<if test="PRIORITY != null">
				#{PRIORITY},
			</if>
			<if test="CMD_SEQ_NUM != null">
				#{CMD_SEQ_NUM},
			</if>
			<if test="PROCESS_NUM != null">
				#{PROCESS_NUM},
			</if>
			<if test="CMD_CD != null">
				#{CMD_CD},
			</if>
			<if test="EXEC_CMD != null">
				#{EXEC_CMD},
			</if>
			<if test="DIR_NM != null">
				#{DIR_NM},
			</if>
			<if test="ENQ_TS != null">
				#{ENQ_TS},
			</if>
			<if test="DEQ_ABL_TS != null">
				#{DEQ_ABL_TS},
			</if>
			<if test="DEQ_TS != null">
				#{DEQ_TS},
			</if>
			<if test="STS != null">
				#{STS},
			</if>
			<if test="CENTER_ERR_DTL != null">
				#{CENTER_ERR_DTL},
			</if>
			<if test="RM_RESULT != null">
				#{RM_RESULT},
			</if>
			<if test="RM_ERR_CD != null">
				#{RM_ERR_CD},
			</if>
			<if test="CTL_RESULT_CD != null">
				#{CTL_RESULT_CD},
			</if>
			<if test="CTL_CMD_RSLT != null">
				#{CTL_CMD_RSLT},
			</if>
			<if test="CMD_TIMEOUT_TM != null">
				#{CMD_TIMEOUT_TM},
			</if>
			<if test="INSERT_ID != null">
				#{INSERT_ID},
			</if>
			<if test="INSERT_NM != null">
				#{INSERT_NM},
			</if>
			<if test="INSERT_TS != null">
				#{INSERT_TS},
			</if>
			<if test="UPDATE_ID != null">
				#{UPDATE_ID},
			</if>
			<if test="UPDATE_NM != null">
				#{UPDATE_NM},
			</if>
			<if test="UPDATE_TS != null">
				#{UPDATE_TS},
			</if>
			<if test="FILE_KIND != null">
				#{FILE_KIND},
			</if>
			<if test="SOAP_MSG != null">
				#{SOAP_MSG},
			</if>
		</trim>
	</insert>

	<!-- 戸締り状態を取得する(状態) -->
	<select id="searchCQueCtrlSigInfo" resultMap="BaseResultMap">
		SELECT
			STS
		FROM
			C_QUE_CTRL_SIG
		WHERE
			LN_QUE_CTRL_SIG = #{lnQueCtrlSig}
	</select>
	
	<!-- 戸締り状態を取得する(SOAP電文) -->
	<select id="searchEQueInfSigInfo" resultMap="BaseResultMap">
		SELECT
		    SOAP_MSG AS soapMsg
		FROM
		   E_QUE_INF_SIG
		WHERE
		  LN_QUE_INF_SIG = '${lnQueCtrlSig}'
	</select>
	
	<!-- 異常発生機器情報の取得 -->
	<select id="searchDoIjyoLnDev" resultMap="BaseResultMap">
		SELECT
			RKA.KB_AREA_NM kbAreaNm,
			RKA.LN_KB_AREA lnKbArea,
			RD.LN_DEV lnDev,
			RD.SD_DEV_NM sdDevNm 
		FROM
			R_DEV RD
				LEFT JOIN R_KB_AREA RKA
					ON RD.LN_KB_CHIKU = RKA.LN_KB_CHIKU
					AND RD.LN_KB_AREA = RKA.LN_KB_AREA
		WHERE
			RD.LN_KB_CHIKU = #{lnKbChiku}
			AND RD.DEL_FLG = '0'
		ORDER BY
			RKA.KB_AREA_NM, RD.SD_DEV_NM
	</select>

	<!-- ループ状態読出履歴詳細の取得 -->
	<select id="getLoopStsDtlInfo" resultMap="BaseResultMap">
		SELECT
			C.LN_KB_CHIKU lnKbChiku,
			C.SD_KOBETU_NM sdKobetuNm,
			D.LN_DEV lnDev,
			D.SENS_DEV_NO,
			D.SENS_STS
		FROM
			H_LPINF_RD_DTL D
				INNER JOIN R_DEV RD
					ON RD.LN_DEV = D.LN_DEV
					AND RD.DEL_FLG = '0'
				INNER JOIN R_KB_CHIKU C
					ON C.LN_KB_CHIKU = RD.LN_KB_CHIKU
					AND C.DEL_FLG = '0'
		WHERE
			D.LN_LPINF_DTL = (
				SELECT
					LN_LPINF_RD
				FROM
					H_LPINF_RD
				WHERE
					LN_CTL_DEV = #{lnCtlDev}
					AND UPDATE_TS >= #{updateTs}
				ORDER BY
					UPDATE_TS DESC
				LIMIT 1
			)
	</select>
	
	<!-- 優先順位情報の取得 -->
	<select id="getRctrlPriority" parameterType="java.util.HashMap" resultMap="BaseResultMap">
		SELECT
			PRIORITY
		FROM
			R_CTRL_PRIORITY
		WHERE
		SERVICE_ID = #{serviceId}
		AND SOAP_CMD = #{soapCmd}
		AND DEL_FLG = #{delFlg}
	</select>

</mapper>
