<?xml version="1.0" encoding="UTF-8" ?>
<!DOCTYPE mapper
        PUBLIC "-//mybatis.org//DTD Mapper 3.0//EN"
        "http://mybatis.org/dtd/mybatis-3-mapper.dtd">
<mapper namespace="jp.co.alsok.g6.zwu.dao.mapper.g6.SZWU4810Mapper">

    <resultMap id="BaseResultMap" type="jp.co.alsok.g6.zwu.entity.g6.SZWU4810Info">
        <result column="LN_USER_ACNT_AUTH_ID" jdbcType="CHAR" property="lnUserAcntAuthId"/>
        <result column="USER_ACNT_AUTH_NM" jdbcType="CHAR" property="userAcntAuthNm"/>
        <result column="MENUPASS_INF" jdbcType="CHAR" property="menupassInf"/>
        <result column="AUTH" jdbcType="CHAR" property="auth"/>
        <result column="UPDATE_TS" jdbcType="CHAR" property="updateTs"/>
        
        <result column="LN_KB_CHIKU" jdbcType="CHAR" property="lnKbChiku"/>
        <result column="CHIKU" jdbcType="CHAR" property="chiku"/>
        <result column="SD_KOBETU_NM" jdbcType="CHAR" property="sdKobetuNm"/>
        <result column="LN_USER_ROLE" jdbcType="CHAR" property="lnUserRole" />
        <result column="dispFlg" jdbcType="CHAR" property="dispFlg" />
        
        
    </resultMap>

    <!-- 7-3 A1)画面権限設定情報の取得 -->
    <select id="selectSZWU4810_3_A1" parameterType="java.util.HashMap" resultMap="BaseResultMap">
        <![CDATA[
		SELECT
			LN_USER_ACNT_AUTH_ID, /* 利用者アカウント権限ID */
			USER_ACNT_AUTH_NM, /* 利用者アカウント権限名称 */
			MENUPASS_INF /* メニューパス情報  */
		FROM
			A_USER_ACNT_AUTH_MST  /* 利用者権限マスター */
		ORDER BY MENUPASS_INF ASC
        ]]>
    </select>

    <!-- 7-3 A2)利用者ロール画面権限設定情報の取得 -->
    <select id="selectSZWU4810_3_A2" parameterType="java.util.HashMap" resultMap="BaseResultMap">
        <![CDATA[
		SELECT
			AUAAM.LN_USER_ACNT_AUTH_ID, /* 利用者権限マスター.利用者アカウント権限ID */
			AUAAM.USER_ACNT_AUTH_NM, /* 利用者権限マスター.利用者アカウント権限名称 */
			AUAAM.MENUPASS_INF, /* 利用者権限マスター.メニューパス情報 */
			AURA.AUTH /* 利用者ロール-権限連関.設定内容 */
		FROM
			A_USER_ACNT_AUTH_MST AUAAM /* 利用者権限マスター */
			INNER JOIN A_USER_ROLE_AUTH AURA  /* 利用者ロール-権限連関 */
			ON AUAAM.LN_USER_ACNT_AUTH_ID = AURA.LN_USER_ACNT_AUTH_ID
			
			INNER JOIN A_USER_ROLE AUR  /* 利用者ロール */
			ON AUR.LN_USER_ROLE = AURA.LN_USER_ROLE
		WHERE
			AUR.LN_USER_ROLE = #{lnUserRole}  /*リクエスト情報のLN_利用者ロール論理番号*/
		ORDER BY AUAAM.MENUPASS_INF ASC
        ]]>
    </select>

    <!-- 7-3 B)ログインユーザ画面権限設定情報の取得 -->
    <select id="selectSZWU4810_3_B" parameterType="java.util.HashMap" resultMap="BaseResultMap">
        <![CDATA[
		SELECT
			AUAAM.LN_USER_ACNT_AUTH_ID, /* 利用者権限マスター.利用者アカウント権限ID */
			AUAAM.USER_ACNT_AUTH_NM, /* 利用者権限マスター.利用者アカウント権限名称 */
			AUAAM.MENUPASS_INF, /* 利用者権限マスター.メニューパス情報 */
			AURA.AUTH /* 利用者ロール-権限連関.設定内容 */
		FROM
			A_USER_OPERATION_HANI AUOH /* 利用者操作範囲 */
			
			INNER JOIN A_ACNT_USER_ROLE AAUR /* 利用者アカウント-ロール連関 */
			ON AUOH.LN_ACNT_USER_COMMON = AAUR.LN_ACNT_USER_COMMON
			AND AUOH.LN_ACNT_USER_COMMON = #{lnAcntUserCommon}
			/* セッション情報.契約先論理番号 + "/" + セッション情報.警備先論理番号 + "/%" */
			AND AUOH.PATH_INF LIKE CONCAT(${lnKeiyk}, '/', ${lnKeibi}, '/%' )
			
			INNER JOIN A_USER_ROLE AUR  /* 利用者ロール */
				ON AUR.LN_USER_ROLE = AAUR.LN_USER_ROLE

			INNER JOIN A_USER_ROLE_AUTH AURA /*利用者ロール-権限連関*/
				ON AURA.LN_USER_ROLE = AUR.LN_USER_ROLE
			AND (AUOH.PATH_INF = CONCAT(${lnKeiyk}, '/', ${lnKeibi}, '/', AURA.LN_KB_CHIKU)
			    OR AURA.LN_KB_CHIKU = '')

			INNER JOIN A_USER_ACNT_AUTH_MST AUAAM /* 利用者権限マスター */
				ON AUAAM.LN_USER_ACNT_AUTH_ID = AURA.LN_USER_ACNT_AUTH_ID
		ORDER BY AUAAM.MENUPASS_INF ASC
        ]]>
    </select>

    <!-- 7-5 A1)画面権限設定情報の取得 -->
    <select id="selectSZWU4810_5_A1" parameterType="java.util.HashMap" resultMap="BaseResultMap">
        <![CDATA[
		SELECT
			AUAAM.LN_USER_ACNT_AUTH_ID, /* 利用者権限マスター.利用者アカウント権限ID */
			AUAAM.USER_ACNT_AUTH_NM, /* 利用者権限マスター.利用者アカウント権限名称 */
			AUAAM.MENUPASS_INF /* 利用者権限マスター.メニューパス情報 */
		FROM
			M_DISP MD /*  画面マスター*/
			INNER JOIN A_USER_ACNT_AUTH_MST AUAAM /* 利用者権限マスター */
			ON MD.MENUPASS_INF = AUAAM.MENUPASS_INF
			MD.CHIKU_FLG = 0
		ORDER BY MENUPASS_INF ASC
        ]]>
    </select>

    <!-- 7-5 A2)ロール別画面権限設定情報の取得 -->
    <select id="selectSZWU4810_5_A2" parameterType="java.util.HashMap" resultMap="BaseResultMap">
        <![CDATA[

		SELECT
			AUAAM.LN_USER_ACNT_AUTH_ID, /* 利用者権限マスター.利用者アカウント権限ID */
			AUAAM.USER_ACNT_AUTH_NM, /* 利用者権限マスター.利用者アカウント権限名称 */
			AUAAM.MENUPASS_INF, /* 利用者権限マスター.メニューパス情報 */
			AURA.AUTH /* 利用者ロール-権限連関.設定内容 */
		FROM
		    A_USER_ROLE AUR  /* 利用者ロール */
		    INNER JOIN A_USER_ROLE_AUTH AURA /*利用者ロール-権限連関*/
			ON AURA.LN_USER_ROLE = AUR.LN_USER_ROLE
			
		    INNER JOIN A_USER_ACNT_AUTH_MST AUAAM /* 利用者権限マスター */
		    ON AUAAM.LN_USER_ACNT_AUTH_ID = AURA.LN_USER_ACNT_AUTH_ID
		    
		    INNER JOIN M_DISP MD /*  画面マスター*/
		    ON MD.MENUPASS_INF = AUAAM.MENUPASS_INF
		WHERE
			MD.CHIKU_FLG = 0
			AND AUR.LN_USER_ROLE = #{lnUserRole} /*リクエスト情報のLN_利用者ロール論理番号*/
		ORDER BY AUAAM.MENUPASS_INF ASC
        ]]>
    </select>

    <!-- 7-5 B)警備先地区情報の取得 -->
    <select id="selectSZWU4810_5_B" parameterType="java.util.HashMap" resultMap="BaseResultMap">
        <![CDATA[

		SELECT
			LN_KB_CHIKU /*警備先地区論理番号*/
			,CHIKU /*地区*/
			,SD_KOBETU_NM /*警備先地区名称*/
		FROM
			R_KB_CHIKU
		WHERE
			LN_KEIBI = #{lnKeibi}/*リクエスト情報.LN_警備先論理番号*/
			/*-- #5160 START */
			AND DEL_FLG='0'
			AND ENTRY_STS = '1'
			/*-- #5160 END */
		ORDER BY
			SUB_ADDR

        ]]>
    </select>

    <!-- 7-5 C1)地区別画面権限設定情報の取得 -->
    <select id="selectSZWU4810_5_C1" parameterType="java.util.HashMap" resultMap="BaseResultMap">
        <![CDATA[
		SELECT
			AUAAM.LN_USER_ACNT_AUTH_ID, /* 利用者権限マスター.利用者アカウント権限ID */
			AUAAM.USER_ACNT_AUTH_NM, /* 利用者権限マスター.利用者アカウント権限名称 */
			AUAAM.MENUPASS_INF /* 利用者権限マスター.メニューパス情報 */
		FROM
			M_DISP MD /*  画面マスター*/
			INNER JOIN A_USER_ACNT_AUTH_MST AUAAM /* 利用者権限マスター */
			ON MD.MENUPASS_INF = AUAAM.MENUPASS_INF
			MD.CHIKU_FLG = 1
		ORDER BY MENUPASS_INF ASC
        ]]>
    </select>

    <!-- 7-5 C2)ロール地区別権限設定情報の取得 -->
    <select id="selectSZWU4810_5_C2" parameterType="java.util.HashMap" resultMap="BaseResultMap">
		SELECT
			AUAAM.LN_USER_ACNT_AUTH_ID,/* 利用者権限マスター.利用者アカウント権限ID */
			AUAAM.MENUPASS_INF, /* 利用者権限マスター.メニューーパス情報 */
			AURA.LN_KB_CHIKU, /* 利用者ロール-権限連関.LN_警備先地区論理番号 */
			AURA.AUTH /* 利用者ロール-権限連関.設定内容 */
		FROM
			A_USER_ROLE AUR  /* 利用者ロール */
		    INNER JOIN A_USER_ROLE_AUTH AURA /*利用者ロール-権限連関*/
			ON AURA.LN_USER_ROLE = AUR.LN_USER_ROLE
			
		    INNER JOIN A_USER_ACNT_AUTH_MST AUAAM /* 利用者権限マスター */
		    ON AUAAM.LN_USER_ACNT_AUTH_ID = AURA.LN_USER_ACNT_AUTH_ID
		    
		    INNER JOIN M_DISP MD /*  画面マスター*/
		    ON MD.MENUPASS_INF = AUAAM.MENUPASS_INF
		    
		WHERE
			AUR.LN_USER_ROLE = #{lnUserRole}  		  /*利用者ロール.LN_利用者ロール論理番号*/
			AND MD.CHIKU_FLG = 1
			AND AURA.LN_KB_CHIKU IN      /*B)警備先地区情報.LN_警備先地区論理番号*/
        <foreach collection="lnKbChikuArr" index="index" item="lnKbChiku"
                 open="(" separator="," close=")">
            #{lnKbChiku}
        </foreach>
		ORDER BY AURA.LN_KB_CHIKU ASC,AUAAM.MENUPASS_INF ASC
    </select>

    <!-- 7-5 D1)ログインユーザ画面権限設定情報の取得 -->
    <select id="selectSZWU4810_5_D1" parameterType="java.util.HashMap" resultMap="BaseResultMap">
        <![CDATA[

		SELECT
			AUAAM.LN_USER_ACNT_AUTH_ID, /* 利用者権限マスター.利用者アカウント権限ID */
			AUAAM.USER_ACNT_AUTH_NM, /* 利用者権限マスター.利用者アカウント権限名称 */
			AUAAM.MENUPASS_INF, /* 利用者権限マスター.メニューパス情報 */
			AURA.AUTH /* 利用者ロール-権限連関.設定内容 */
		FROM
			M_DISP T1 /*  画面マスター*/
			INNER JOIN A_USER_ACNT_AUTH_MST T2 /* 利用者権限マスター */
				ON T1.MENUPASS_INF = T2.MENUPASS_INF
			INNER JOIN A_USER_ROLE_AUTH T3 /*利用者ロール-権限連関*/
				ON T2.LN_USER_ACNT_AUTH_ID = T3.LN_USER_ACNT_AUTH_ID
			INNER JOIN A_ACNT_USER_ROLE T4 /*利用者アカウント-ロール連関*/
				ON T3.LN_USER_ROLE = T4.LN_ACNT_USER_COMMON
		WHERE
			    T1.CHIKU_FLG = 0
			AND T4.LN_ACNT_USER_COMMON = #{lnAcntUserCommon} /*リクエスト情報.利用者アカウント共通論理番号*/
			AND T3.LN_KB_CHIKU = ''
		ORDER BY T2.MENUPASS_INF ASC

        ]]>
    </select>

    <!-- 7-5 D2)ログインユーザ地区別画面権限設定情報の取得 -->
    <select id="selectSZWU4810_5_D2" parameterType="java.util.HashMap" resultMap="BaseResultMap">
        <![CDATA[
		SELECT
			AUAAM.LN_USER_ACNT_AUTH_ID,/* 利用者権限マスター.利用者アカウント権限ID */
			AUAAM.MENUPASS_INF, /* 利用者権限マスター.メニューーパス情報 */
			AURA.LN_KB_CHIKU, /* 利用者ロール-権限連関.LN_警備先地区論理番号 */
			AURA.AUTH /* 利用者ロール-権限連関.設定内容 */
		FROM
			M_DISP MD /*  画面マスター*/
			INNER JOIN A_USER_ACNT_AUTH_MST AUAAM /* 利用者権限マスター */
			ON AUAAM.MENUPASS_INF = MD.MENUPASS_INF

			INNER JOIN A_USER_ROLE_AUTH AURA /*利用者ロール-権限連関*/
			ON AURA.LN_USER_ACNT_AUTH_ID = AUAAM.LN_USER_ACNT_AUTH_ID

			INNER JOIN A_ACNT_USER_ROLE AAUR /*利用者アカウント-ロール連関*/
			ON AAUR.LN_USER_ROLE = AURA.LN_ACNT_USER_COMMON
		WHERE
			AAUR.LN_ACNT_USER_COMMON = #{lnAcntUserCommon}   /*リクエスト情報.利用者アカウント共通論理番号*/
		]]>
		AND AURA.LN_KB_CHIKU IN
        <foreach collection="lnKbChikuArr" index="index" item="lnKbChiku"
                 open="(" separator="," close=")">
            #{lnKbChiku}
        </foreach>
		ORDER BY AURA.LN_KB_CHIKU ASC, AUAAM.MENUPASS_INF ASC
    </select>

    <!-- 利用者ロール更新時間 -->
    <select id="selectUserRoleUpTime" parameterType="java.util.HashMap" resultType="java.sql.Timestamp">
        <![CDATA[

		SELECT
        UPDATE_TS
        FROM
        A_USER_ROLE
        WHERE
        LN_USER_ROLE = #{lnUserRole} /* 更新対象のLN_利用者ロール論理番号 */
        limit 1
        ]]>
    </select>
    
    <!-- A)利用者ロール論理番号の取得. -->
	<select id="selectAcntUserRole" parameterType="java.util.HashMap" resultMap="BaseResultMap">
        <![CDATA[
        SELECT
            AUR.LN_USER_ROLE
        FROM
            A_ACNT_USER_ROLE AUR
        WHERE
            AUR.LN_ACNT_USER_COMMON = #{lnAcntUserCommon}
        ]]>
    </select>
    <!-- D)警備先地区情報の取得. -->
	<select id="selectRkbChikuInfo" parameterType="java.util.HashMap" resultMap="BaseResultMap">
	<![CDATA[
		SELECT
			RKC.LN_KB_CHIKU,
			RKC.SD_KOBETU_NM,
			CASE
				WHEN ifnull(AUOP.PATH_INF,'') = ''  THEN 1
				ELSE 0
			END AS dispFlg
		FROM
			R_KB_CHIKU RKC
				LEFT JOIN A_USER_OPERATION_HANI AUOP
					ON AUOP.LN_ACNT_USER_COMMON =#{lnAcntUserCommon}
					AND (AUOP.PATH_INF = RKC.PATH_INF
						OR AUOP.PATH_INF = LEFT(RKC.PATH_INF, 41)
						OR AUOP.PATH_INF = LEFT(RKC.PATH_INF, 20))
		WHERE
			RKC.PATH_INF LIKE CONCAT(#{lnKeiyk}, '/', #{lnKeibi}, '/%')
			AND RKC.DEL_FLG = 0
			/*-- #5160 START */
			AND RKC.ENTRY_STS = 1
			/*-- #5160 END */
		ORDER BY
			RKC.SUB_ADDR
	]]>
	</select>
	<!-- 9-5A)利用者ロール論理番号の取得. -->
	<select id="selectAcntUserRoleInfo" parameterType="java.util.HashMap" resultMap="BaseResultMap">
        <![CDATA[
        SELECT
            AUR.LN_USER_ROLE
        FROM
            A_USER_ROLE AUR
        WHERE
            AUR.USER_ROLE_NM = #{userRoleNm}
            AND AUR.PATH_INF = #{lnKeiyk}
        ]]>
    </select>
</mapper>