<?xml version="1.0" encoding="UTF-8" ?>
<!DOCTYPE mapper PUBLIC "-//mybatis.org//DTD Mapper 3.0//EN" "http://mybatis.org/dtd/mybatis-3-mapper.dtd">
<mapper namespace="jp.co.alsok.g6.zwu.dao.mapper.g6.SZWU8300Mapper">
	<!-- 返却用 -->
	<resultMap id="BaseResultMap" type="jp.co.alsok.g6.zwu.entity.g6.SZWU8300Info">
		<id column="keiykNm" jdbcType="CHAR" property="keiykNm" />
		<result column="keibiName1" jdbcType="CHAR" property="keibiName1" />
		<result column="keibiAddr" jdbcType="CHAR" property="keibiAddr" />
		<result column="sdDevNm" jdbcType="CHAR" property="sdDevNm" />
		<result column="importantNumber" jdbcType="CHAR" property="importantNumber" />
		<result column="importantMaxNumber" jdbcType="CHAR" property="importantMaxNumber" />
		<result column="lastRegistTs" jdbcType="CHAR" property="lastRegistTs" />
		<result column="lnDev" jdbcType="CHAR" property="lnDev" />
	</resultMap>

	<!-- 一覧部設定値 -->
	<!-- ソート項目 -->
	<!-- 対象装置情報の取得 -->
	<select id="searchTargetDeviceListInfo" parameterType="java.util.HashMap" resultMap="BaseResultMap">
		SELECT
		R7.KEIYK_NM AS keiykNm,
		R5.KEIBI_NAME1 AS keibiName1,
		CONCAT(R5.KEIBI_ADDR_1, R5.KEIBI_ADDR_2) AS keibiAddr,
		R3.SD_DEV_NM AS sdDevNm,
		R3.LN_DEV AS lnDev

		FROM R_AUTH_PIC_INF R1
		INNER JOIN R_PIC_INF_DEV_STS R2 ON
		R1.LN_R_AUTH_PIC_INF =
		R2.LN_R_AUTH_PIC_INF
		INNER
		JOIN R_DEV R3 ON
		R2.LN_DEV = R3.LN_DEV
		INNER JOIN
		R_KEIBI R5 ON
		R3.LN_KEIBI = R5.LN_KEIBI
		INNER JOIN R_KEIYK_BUKKEN R6 ON R5.LN_BUKKEN = R6.LN_BUKKEN
		INNER JOIN
		R_KEIYK R7 ON
		R6.LN_KEIYK = R7.LN_KEIYK

		WHERE
		R1.LN_R_AUTH_PIC_INF = #{lnRAuthPicInf}
		AND R2.DEL_FLG = '0'
		AND (R2.AUTH_STS='1' OR (R2.AUTH_STS='2' AND R2.REGIST_STS_KBN='1'))
		<if test="keiykNm !=null and keiykNm != ''">
			AND R7.KEIYK_NM LIKE CONCAT(CONCAT('%', #{keiykNm}, '%')) ESCAPE '/'
		</if>

		<if test="keibiName1 !=null and keibiName1 != ''">
			AND R5.KEIBI_NAME1 LIKE CONCAT(CONCAT('%', #{keibiName1}, '%')) ESCAPE '/'
		</if>

		<if test="keibiAddr !=null and keibiAddr != ''">
			AND (R5.KEIBI_ADDR_1 LIKE CONCAT(CONCAT('%', #{keibiAddr}, '%')) ESCAPE '/'
			OR R5.KEIBI_ADDR_2 LIKE CONCAT(CONCAT('%', #{keibiAddr}, '%')) ESCAPE '/')
		</if>

		<if test="sdDevNm !=null and sdDevNm != ''">
			AND R3.SD_DEV_NM LIKE CONCAT(CONCAT('%', #{sdDevNm}, '%')) ESCAPE '/'
		</if>
		ORDER BY
		keiykNm ASC,
		keibiAddr ASC,
		sdDevNm ASC
	</select>
	
	<!-- C)登録枚数取得(ホワイトリスト/ブラックリスト)-->
	<select id="selectRegisterNum" parameterType="java.util.HashMap" resultType="java.lang.Integer">
		SELECT COUNT(R1.LN_DEV)
		FROM
		R_PIC_INF_DEV_STS R1
		INNER JOIN R_AUTH_PIC_INF R2
		ON R1.LN_R_AUTH_PIC_INF = R2.LN_R_AUTH_PIC_INF
		WHERE R1.LN_DEV=#{lnDev}
		AND R1.DEL_FLG='0'
		AND (R1.AUTH_STS='1' OR(R1.AUTH_STS='2' AND R1.REGIST_STS_KBN='1'))
		AND R2.PIC_KIND=#{picKind}
	</select>
	
	<!-- D)重要犯罪の最終登録日時取得 -->
	<select id="selectlastRegistTs" parameterType="java.util.HashMap" resultType="java.lang.String">
		SELECT R1.UPDATE_TS
		FROM
		R_PIC_INF_DEV_STS R1
		INNER JOIN R_AUTH_PIC_INF R2 ON R1.LN_R_AUTH_PIC_INF=R2.LN_R_AUTH_PIC_INF
		WHERE 
		R1.LN_DEV=#{lnDev}
		AND R1.DEL_FLG='0'
		AND (R1.AUTH_STS='1' OR(R1.AUTH_STS='2' AND R1.REGIST_STS_KBN='1'))
		ORDER BY R1.UPDATE_TS 
		LIMIT 1
	</select>

	<!-- E)登録枚数最大値取得 -->
	<select id="selectRegisterMaxNum" parameterType="java.util.HashMap" resultType="java.lang.String">
		SELECT VAL
		FROM
		R_PROP_TBL R1
		WHERE R1.SECTION='SZWU'
		AND R1.PROP_KEY='DEV_MAX_NUMBER'
	</select>
	
</mapper>