<?xml version="1.0" encoding="UTF-8" ?>
<!DOCTYPE mapper
        PUBLIC "-//mybatis.org//DTD Mapper 3.0//EN"
        "http://mybatis.org/dtd/mybatis-3-mapper.dtd">
<mapper namespace="jp.co.alsok.g6.zwu.dao.mapper.g6.SZWU9200Mapper">
	<!-- 返却用 -->
	<resultMap id="BaseResultMap" type="jp.co.alsok.g6.zwu.entity.g6.SZWU9200Info">
		<result column="lnKbChiku" jdbcType="CHAR" property="lnKbChiku" />
		<result column="sdKobetuNm" jdbcType="CHAR" property="sdKobetuNm" />
		<!-- チケット＃3803 START -->
		<result column="gshsflg" jdbcType="CHAR" property = "gshsflg"/>
		<result column="keiyakukind2" jdbcType="CHAR" property = "keiyakukind2"/>
		<!-- チケット＃3803 END -->
		<!-- チケット＃5091 START -->
		<result column="useApartment" jdbcType="CHAR" property = "useApartment"/>
		<result column="chikuNum" jdbcType="CHAR" property = "chikuNum"/>
		<result column="subAddr" jdbcType="CHAR" property = "subAddr"/>
		<!-- チケット＃5091 END -->
	</resultMap>
	<!-- 地区名の取得 -->
	<select id="selectKbChikuInfo" resultMap="BaseResultMap">
		SELECT
			T2.LN_KB_CHIKU AS lnKbChiku,
			T2.SD_KOBETU_NM  AS sdKobetuNm,
			T2.SUB_ADDR AS subAddr
		FROM R_KEIBI T
		INNER JOIN R_KB_CHIKU T2 ON T2.LN_KEIBI = T.LN_KEIBI
		INNER JOIN A_USER_OPERATION_HANI A
		    ON A.LN_ACNT_USER_COMMON = #{lnAcntUserCommon} 
		    AND (
		      A.PATH_INF = T2.PATH_INF 
		      OR A.PATH_INF = LEFT (T2.PATH_INF, 41) 
		      OR A.PATH_INF = LEFT (T2.PATH_INF, 20)
		    )
		WHERE T.LN_KEIBI = #{keibi}
			AND T.DEL_FLG='0'
			AND T2.DEL_FLG='0'
		ORDER BY
			T2.SUB_ADDR
	</select>
	
	<!-- チケット＃3803 START -->
	<!-- GSHSフラグ情報の取得（次期） -->
	<select id="selectGSHSflgInfo" resultMap="BaseResultMap">
		SELECT 
			GSHS_FLG AS gshsFlg,
			KEIYAKU_KIND2 AS keiyakuKind2,
			USE_APARTMENT AS useApartment
		FROM R_KEIBI
		WHERE LN_KEIBI = #{keibi}
			AND DEL_FLG = '0'
	</select>
	<!-- チケット＃3803 END -->
	
	<!-- チケット＃5091 START -->
	<!-- C)地区名の取得(マンションモードの住戸以外の場合) -->
	<select id="selectKbChikuInfoJyuukoOther" resultMap="BaseResultMap">
		SELECT 
			LN_KB_CHIKU AS lnKbChiku,
			SD_KOBETU_NM AS sdKobetuNm
		FROM R_KEIBI T1
		LEFT JOIN R_KB_CHIKU T2 ON T1.LN_KEIBI = T2.LN_KEIBI
		INNER JOIN M_CD T3 ON T2.SUB_ADDR = T3.CD_NM
		INNER JOIN A_USER_OPERATION_HANI A
		    ON A.LN_ACNT_USER_COMMON = #{lnAcntUserCommon} 
		    AND (
		      A.PATH_INF = T2.PATH_INF 
		      OR A.PATH_INF = LEFT (T2.PATH_INF, 41) 
		      OR A.PATH_INF = LEFT (T2.PATH_INF, 20)
		    )
		WHERE 
			T2.DEL_FLG = '0'
			AND T3.CD_ID = 'CD445'
			AND T2.LN_KEIBI = #{keibi}
		ORDER BY
			T3.CD_VALUE
	</select>
	
	<!-- D)住戸以外のコード名を取得(次期) -->
	<select id="selectCdName" resultMap="BaseResultMap">
		SELECT 
			CD_NM as chikuNum
		FROM M_CD
		WHERE 
			CD_ID = 'CD445'
		ORDER BY CD_VALUE
	</select>
	
	<!-- E)地区名の取得(マンションモードの住戸の場合) -->
	<select id="selectKbChikuInfoJyuuko" resultMap="BaseResultMap">
		SELECT 
			T2.LN_KB_CHIKU AS lnKbChiku,
			T2.SUB_ADDR AS subAddr,
			T2.SD_KOBETU_NM AS sdKobetuNm,
			T2.ENTRY_STS AS entrySts,
			T2.UPDATE_TS AS updateTs
		FROM R_KEIBI T1 
		LEFT JOIN R_KB_CHIKU T2 ON T1.LN_KEIBI = T2.LN_KEIBI
		WHERE 
		   T2.ENTRY_STS = '1'
		   AND T2.DEL_FLG = '0'
		   AND T2.LN_KEIBI = #{keibi}
		   <if test="chikuNumList != null and chikuNumList.size > 0">
		    AND T2.SUB_ADDR NOT IN
			<foreach item="item" index="index" collection="chikuNumList"
                open="(" separator="," close=")">
                #{item}
	        </foreach>
	        </if>
	        ORDER BY T2.SUB_ADDR
	</select>
	<!-- チケット＃5091 END -->
</mapper>