<?xml version="1.0" encoding="UTF-8" ?>
<!DOCTYPE mapper
        PUBLIC "-//mybatis.org//DTD Mapper 3.0//EN"
        "http://mybatis.org/dtd/mybatis-3-mapper.dtd">
<mapper namespace="jp.co.alsok.g6.zwu.dao.mapper.g6.SZWU2500Mapper">
  	<!-- 返却用 -->
	<resultMap id="BaseResultMap" type="jp.co.alsok.g6.zwu.entity.g6.SZWU2500Info">
		<id column="LN_EVENT_INFO_HST" jdbcType="CHAR" property="lnEventInfoHst" />
		<result column="HASSEI_TS" jdbcType="CHAR" property="hasseiTs" />
		<result column="CHIKU_NM" jdbcType="CHAR" property="chikuNm" />
		<result column="KENCHI_NAIYOU" jdbcType="CHAR" property="kenchiContent" />
		<result column="KB_STS" jdbcType="CHAR" property="kbSts" />
		<result column="VIDE_LK_FLG" jdbcType="CHAR" property="videLkFlg" />
		<result column="IMG_NUM" jdbcType="CHAR" property="imgNum" />
	</resultMap>
    <!-- 返却用 -->

	<!-- 検索結果一覧の取得 -->
	<select id="selectInfoList" resultMap="BaseResultMap">
		SELECT
		    H.LN_EVENT_INFO_HST,
		    H.HASSEI_TS,
		    H.CHIKU_NM,
		    H.KENCHI_NAIYOU,
		    H.KB_STS,
		    H.VIDE_LK_FLG,
		    E.IMG_NUM
		FROM
		    H_EVENT_INFO H INNER JOIN E_KB_INF E
		    ON H.LN_KB_INF = E.LN_KB_INF
		WHERE
		DATE_FORMAT(H.HASSEI_TS, '%Y%m%d') &gt;= #{fromDate}
		AND DATE_FORMAT(H.HASSEI_TS, '%Y%m%d') &lt;= #{toDate}
        <if test="lnKbChiku != null and lnKbChiku.length > 0">
			AND E.LN_KB_CHIKU IN
			<foreach item="item" index="index" collection="lnKbChiku" open="(" separator="," close=")">
				#{item}
			</foreach>
		</if>
		
		ORDER BY H.HASSEI_TS DESC, H.CHIKU_NM ASC
	</select>

    <!-- 検索結果一覧の取得 -->
	<select id="selectDateOrChikuNmInfoList" resultMap="BaseResultMap">
		SELECT
		    H.LN_EVENT_INFO_HST,
		    H.HASSEI_TS,
		    H.CHIKU_NM,
		    H.KENCHI_NAIYOU,
		    H.KB_STS,
		    H.VIDE_LK_FLG,
		    E.IMG_NUM
		FROM 
		   H_EVENT_INFO H INNER JOIN E_KB_INF E
		   ON H.LN_KB_INF = E.LN_KB_INF
		WHERE
		    DATE_FORMAT(H.HASSEI_TS, '%Y%m%d') &gt;= #{fromDate}
		    AND DATE_FORMAT(H.HASSEI_TS, '%Y%m%d') &lt;= #{toDate}
		<if test="lnKbChiku != null and lnKbChiku.length > 0">
			AND E.LN_KB_CHIKU IN
			<foreach item="item" index="index" collection="lnKbChiku" open="(" separator="," close=")">
				#{item}
			</foreach>
		</if>
        ORDER BY
        <if test="dateTimeOrder != null and dateTimeOrder !=''">
		   H.HASSEI_TS ${dateTimeOrder}, H.CHIKU_NM ASC
        </if>
        <if test="chikuNmOrder != null and chikuNmOrder !=''">
		   H.CHIKU_NM ${chikuNmOrder}, H.HASSEI_TS ASC
        </if>
	</select>

	<!-- 検索結果一覧の取得 -->
	<select id="selectContentInfoList" resultMap="BaseResultMap">
		SELECT
		    H.LN_EVENT_INFO_HST,
		    H.HASSEI_TS,
		    H.CHIKU_NM,
		    H.KENCHI_NAIYOU,
		    H.KB_STS,
		    H.VIDE_LK_FLG,
		    E.IMG_NUM
		FROM
		   H_EVENT_INFO H INNER JOIN E_KB_INF E
		   ON H.LN_KB_INF = E.LN_KB_INF
		WHERE
		    DATE_FORMAT(H.HASSEI_TS, '%Y%m%d') &gt;= #{fromDate}
		    AND DATE_FORMAT(H.HASSEI_TS, '%Y%m%d') &lt;= #{toDate}
		<if test="lnKbChiku != null and lnKbChiku.length > 0">
			AND E.LN_KB_CHIKU IN
			<foreach item="item" index="index" collection="lnKbChiku" open="(" separator="," close=")">
				#{item}
			</foreach>
		</if>
        ORDER BY
        <if test="kenchiContentOrder != null and kenchiContentOrder !=''">
		    H.KENCHI_NAIYOU ${kenchiContentOrder},
        </if>
        H.HASSEI_TS ASC, H.CHIKU_NM ASC
	</select>

</mapper>