<?xml version="1.0" encoding="UTF-8" ?>
<!DOCTYPE mapper
        PUBLIC "-//mybatis.org//DTD Mapper 3.0//EN"
        "http://mybatis.org/dtd/mybatis-3-mapper.dtd">
<mapper namespace="jp.co.alsok.g6.zwu.dao.mapper.g6.SZWU4800Mapper">

    <resultMap id="BaseResultMap" type="jp.co.alsok.g6.zwu.entity.g6.SZWU4800Info">
        <result column="LN_USER_ACNT_AUTH_ID" jdbcType="CHAR" property="lnUserAcntAuthId"/>
        <result column="USER_ACNT_AUTH_NM" jdbcType="CHAR" property="userAcntAuthNm"/>
        <result column="CHG_FLG" jdbcType="CHAR" property="chgFlg"/>
        <result column="LN_USER_ROLE" jdbcType="CHAR" property="lnUserRole"/>
        <result column="USER_ROLE_NM" jdbcType="CHAR" property="userRoleNm"/>
        <result column="ACNT_USER_KBN" jdbcType="CHAR" property="acntUserKbn"/>
        <result column="countNum" jdbcType="CHAR" property="countNum"/>
    </resultMap>
    
    <!-- 権限ロールの取得 -->
    <select id="selectSZWU4800Info" parameterType="java.util.HashMap" resultMap="BaseResultMap">
      <![CDATA[
      SELECT
          T1.LN_USER_ROLE,                    /* -- LN_利用者ロール論理番号 */
          T1.USER_ROLE_NM,                       /* -- 利用者ロール名 */
          T1.ACNT_USER_KBN,                                 /* -- 利用者アカウント区分 */
          T1.CHG_FLG                            /* -- 変更可否フラグ */
      FROM
          A_USER_ROLE T1                              /* -- 利用者ロール */
          WHERE T1.PATH_INF = #{lnUserRole}        /* -- セッション情報.LN契約先論理番号 */
          AND T1.KOBETSU_FLG = '0'
          ORDER BY T1.LN_USER_ROLE ASC
        ]]>
    </select>

    <!-- 権限ロールの取得 降順 -->
    <select id="selectSZWU4800InfoBy" parameterType="java.util.HashMap" resultMap="BaseResultMap">
      <![CDATA[
      SELECT
          T1.LN_USER_ROLE,                    /* -- LN_利用者ロール論理番号 */
          T1.USER_ROLE_NM,                       /* -- 利用者ロール名 */
          T1.ACNT_USER_KBN,                                 /* -- 利用者アカウント区分 */
          T1.CHG_FLG                            /* -- 変更可否フラグ */
      FROM
          A_USER_ROLE T1                              /* -- 利用者ロール */
          WHERE T1.PATH_INF = #{lnUserRole}        /* -- セッション情報.LN契約先論理番号 */
          AND T1.KOBETSU_FLG = '0'
          ORDER BY T1.LN_USER_ROLE  DESC
        ]]>
    </select>
    
    <!-- A)利用者ロール-権限連関のロック -->
    <select id="lockUserRoleAuth" parameterType="java.util.HashMap" resultType="java.lang.String">
        <![CDATA[


        /* SET AUTOCOMMIT=0; BEGIN WORK; */
        SELECT LN_USER_ROLE FROM A_USER_ROLE_AUTH  WHERE LN_USER_ROLE = #{lnUserRole} /* FOR UPDATE*/ limit 1 ;


        ]]>
    </select>

    <!-- B)利用者ロールのロック -->
    <select id="lockAuserRole" parameterType="java.util.HashMap" resultType="java.lang.String">
        <![CDATA[


        SELECT LN_USER_ROLE FROM A_USER_ROLE  WHERE LN_USER_ROLE = #{lnUserRole} limit 1;


        ]]>
    </select>

    <!-- 利用者ロール-権限連関の更新時間 -->
    <select id="getAuserRoleAuthUpTime" parameterType="java.util.HashMap" resultType="java.sql.Timestamp">
        <![CDATA[


        SELECT
        UPDATE_TS
        FROM
          A_USER_ROLE_AUTH
        WHERE
            LN_USER_ROLE = #{lnUserRole}
        limit 1
        ]]>
    </select>

    <!-- 利用者ロールの更新時間 -->
    <select id="getAUserRoleUpTime" parameterType="java.util.HashMap" resultType="java.sql.Timestamp">
        <![CDATA[


        SELECT
        UPDATE_TS
        FROM
        A_USER_ROLE
        WHERE
        LN_USER_ROLE = #{lnUserRole}
        limit 1

        ]]>
    </select>

    <!-- 利用者ロール-権限連関の削除を行う -->
    <update id="deleteUserRoleAuth" parameterType="java.util.HashMap">
        <![CDATA[


        DELETE
        FROM
          A_USER_ROLE_AUTH
        WHERE
            LN_USER_ROLE = #{lnUserRole};

        /* COMMIT WORK; */



        ]]>
    </update>

    <!-- 利用者ロールの削除を行う -->
    <update id="deleteAUserRole" parameterType="java.util.HashMap">
        <![CDATA[


        DELETE
        FROM
        A_USER_ROLE
        WHERE
        LN_USER_ROLE = #{lnUserRole};



        ]]>
    </update>

<!-- 権限ロールの取得 -->
    <select id="getAcntUserRoleInfo" parameterType="java.util.HashMap" resultMap="BaseResultMap">
      <![CDATA[
      SELECT
          LN_ACNT_USER_COMMON
      FROM
          A_ACNT_USER_ROLE
          WHERE PATH_INF = #{lnKeiyk}
          AND LN_USER_ROLE =  #{lnUserRole}
        ]]>
    </select>

</mapper>