<?xml version="1.0" encoding="UTF-8" ?>
<!DOCTYPE mapper
        PUBLIC "-//mybatis.org//DTD Mapper 3.0//EN"
        "http://mybatis.org/dtd/mybatis-3-mapper.dtd">
<mapper namespace="jp.co.alsok.g6.zwu.dao.mapper.g6.SZWU5040Mapper">
	<resultMap id="BaseResultMap" type="jp.co.alsok.g6.zwu.entity.g6.SZWU5040Info">
		<result column="LN_USER_ROLE" jdbcType="CHAR" property="lnUserRole" />
		<result column="USER_ROLE_NM" jdbcType="CHAR" property="userRoleNm" />
		<result column="LN_KB_CHIKU" jdbcType="CHAR" property="lnKbChiku" />
		<result column="SD_KOBETU_NM" jdbcType="CHAR" property="sdKobetuNm" />
		<result column="dispFlg" jdbcType="CHAR" property="dispFlg" />
	</resultMap>
	
	<!-- A)利用者ロール論理番号の取得. -->
	<select id="selectAcntUserRole" parameterType="java.util.HashMap" resultMap="BaseResultMap">
        <![CDATA[
        SELECT
            AUR.LN_USER_ROLE
        FROM
            A_ACNT_USER_ROLE AUR
        WHERE
            AUR.LN_ACNT_USER_COMMON = #{lnAcntUserCommon}
        ]]>
	</select>

	<!-- B)ログインユーザの 利用者ロール論理番号の取得. -->
	<select id="selectLoginAcntUserRole" parameterType="java.util.HashMap" resultMap="BaseResultMap">
        <![CDATA[
        SELECT
            AUR.LN_USER_ROLE
        FROM
            A_ACNT_USER_ROLE AUR
        WHERE
            AUR.LN_ACNT_USER_COMMON = #{lnAcntUserCommon}
        ]]>
	</select>

	<!-- C)ロール参照データの取得. -->
	<select id="selectUserRole" parameterType="java.util.HashMap" resultMap="BaseResultMap">
        <![CDATA[
        SELECT
            AUR.LN_USER_ROLE
            ,AUR.USER_ROLE_NM
        FROM
            A_USER_ROLE AUR
        WHERE
                AUR.KOBETSU_FLG = 0
            AND AUR.ACNT_USER_KBN = 3
            AND AUR.PATH_INF = #{lnKeiyk}
        ]]>
	</select>
	
	<!-- D)警備先地区情報の取得. -->
	<select id="selectRkbChikuInfo" parameterType="java.util.HashMap" resultMap="BaseResultMap">
        <![CDATA[
        SELECT
            RKC.LN_KB_CHIKU,
	        RKC.SD_KOBETU_NM,
	        CASE
            WHEN ifnull(AUOP.PATH_INF,'') = ''  THEN 1
            ELSE 0
            END AS dispFlg
	    FROM
	        R_KB_CHIKU RKC
	        LEFT JOIN
	    A_USER_OPERATION_HANI AUOP ON AUOP.LN_ACNT_USER_COMMON =#{lnAcntUserCommon}
	        AND (AUOP.PATH_INF = RKC.PATH_INF
	        OR AUOP.PATH_INF = LEFT(RKC.PATH_INF, 41)
	        OR AUOP.PATH_INF = LEFT(RKC.PATH_INF, 20))
	    WHERE
	        RKC.PATH_INF LIKE CONCAT(#{lnKeiyk}, '/', #{lnKeibi}, '/%')
	        AND RKC.DEL_FLG = 0
		ORDER BY
			LEFT(RKC.PATH_INF, 20), RKC.LN_KEIBI, RKC.SUB_ADDR
        ]]>
	</select>
	
	<!-- A)利用者ロール-権限連関（ワーク）. -->
	<select id="selectWSZWU5040" parameterType="java.util.HashMap" resultType="jp.co.alsok.g6.zwu.web.form.UserAuth">
        <![CDATA[
        SELECT
			LN_KB_CHIKU AS lnKbChiku,
			LN_USER_ACNT_AUTH_ID AS lnUserAcntAuthId,
			AUTH AS auth,
			SERVICE_NM AS serviceNm,
			SD_KOBETU_NM AS sdKobetuNm,
			DISP_ID AS dispId,
			DISP_NM AS dispNm,
			AUTH_LIST AS authChoose,
			CHIKU_FLG AS chikuFlg,
			AUTH_ROLE AS authRole,
			MENUPASS_INF AS menupassInf,
			LOGIN_AUTH AS loginAuth,
			ROW_SPAN AS rowspan
	    FROM
	       W_SZWU5040
	    WHERE
	        SESSION_ID = #{sessionId}
        ]]>
	</select>
	
	<!-- A)利用者ロール-権限連関（ワーク）削除. -->
	<delete id="deleteWSZWU5040" parameterType="java.util.HashMap">
        <![CDATA[
        DELETE
	    FROM
	       W_SZWU5040
	    WHERE
	        SESSION_ID = #{sessionId,jdbcType=CHAR}
        ]]>
	</delete>
	
	<!-- ワークテーブル登録SQL -->
    <insert id="insertWSZWU5040" parameterType="java.util.List">
        INSERT INTO W_SZWU5040
        (
	        SESSION_ID,
	        LN_KB_CHIKU,
	        LN_USER_ACNT_AUTH_ID,
	        AUTH,
	        SERVICE_NM,
	        SD_KOBETU_NM,
	        DISP_ID,
	        DISP_NM,
	        AUTH_LIST,
	        CHIKU_FLG,
	        AUTH_ROLE,
	        MENUPASS_INF,
	        LOGIN_AUTH,
	        ROW_SPAN,
	        INSERT_ID,
	        INSERT_NM,
	        INSERT_TS,
	        UPDATE_ID,
	        UPDATE_NM,
	        UPDATE_TS
        )
    	VALUES 
        <foreach collection="dataList" item="data" index="index" separator="," >
        	(
              #{sessionId,jdbcType=CHAR}, 
              #{data.lnKbChiku,jdbcType=CHAR}, 
              #{data.lnUserAcntAuthId,jdbcType=CHAR},
              #{data.auth,jdbcType=CHAR},
              #{data.serviceNm,jdbcType=CHAR},
              #{data.sdKobetuNm,jdbcType=CHAR},
              #{data.dispId,jdbcType=CHAR},
              #{data.dispNm,jdbcType=CHAR},
              #{data.authChoose,jdbcType=CHAR},
              #{data.chikuFlg,jdbcType=CHAR},
              #{data.authRole,jdbcType=CHAR},
              #{data.menupassInf,jdbcType=CHAR},
              #{data.loginAuth,jdbcType=CHAR},
              #{data.rowspan,jdbcType=CHAR},
              #{insertId,jdbcType=CHAR},
              #{insertNm,jdbcType=CHAR},
              #{insertTs,jdbcType=TIMESTAMP},
              #{updateId,jdbcType=CHAR},
              #{updateNm,jdbcType=CHAR},
              #{updateTs,jdbcType=TIMESTAMP}
         	)
        </foreach>
    </insert>
	
</mapper>