<?xml version="1.0" encoding="UTF-8" ?>
<!DOCTYPE mapper
        PUBLIC "-//mybatis.org//DTD Mapper 3.0//EN"
        "http://mybatis.org/dtd/mybatis-3-mapper.dtd">
<mapper namespace="jp.co.alsok.g6.zwu.dao.mapper.g6.SZWU5900Mapper">
	<!-- 返却用 -->
	<resultMap id="BaseResultMap" type="jp.co.alsok.g6.zwu.entity.g6.SZWU5900Info">
		<result column="LN_KB_CHIKU" jdbcType="CHAR" property="lnKbChiku" />
		<result column="SD_KOKUIN_NUM" jdbcType="CHAR" property="sdKokuinNum" />
		<result column="YUKOU_FLG" jdbcType="CHAR" property="yukouFlg" />
		<result column="ACNT_NM" jdbcType="CHAR" property="acntNm" />
		<result column="ACNT_ID" jdbcType="CHAR" property="acntId" />
		<result column="ST_TS" jdbcType="CHAR" property="stTs" />
		<result column="ED_TS" jdbcType="CHAR" property="edTs" />
		<result column="LN_ACNT_USER_COMMON" jdbcType="CHAR" property="lnAcntUserCommon" />
		<result column="LN_CARD_INF" jdbcType="CHAR" property="lnCardInf" />
		<result column="LN_OPERATION_AUTH_ROLE" jdbcType="CHAR" property="lnOperationAuthRole" />
		<result column="R_CARD_OPERATION_LVL1" jdbcType="CHAR" property="rCardOperationLvl1" />
		<result column="R_CARD_OPERATION_LVL2" jdbcType="CHAR" property="rCardOperationLvl2" />
		<result column="R_CARD_OPERATION_LVL3" jdbcType="CHAR" property="rCardOperationLvl3" />
		<result column="LN_CTL_DEV" jdbcType="CHAR" property="lnCtlDev" />
		<result column="LN_KEIBI" jdbcType="CHAR" property="lnKeibi" />
		<result column="SUB_ADDR" jdbcType="CHAR" property="subAddress" />
		<result column="GOUKI" jdbcType="CHAR" property="gouki" />
		<result column="SERIAL_NUM" jdbcType="CHAR" property="serialNum" />
		<result column="SD_DEV_NUM" jdbcType="CHAR" property="sdDevNum" />
		<result column="LN_DEV" jdbcType="CHAR" property="lnDev" />
		<result column="MODEL_TYPE" jdbcType="CHAR" property="modelType" />
		<result column="CHIKU" jdbcType="CHAR" property="chiku" />
		<result column="SD_DEV_NM" jdbcType="CHAR" property="sdDevNm" />
	</resultMap>
	<!-- カード情報の取得 A -->
	<select id="searchInfoList" resultMap="BaseResultMap">
		SELECT
			T2.LN_KB_CHIKU, /* "警備先地区.LN_警備先地区論理番号*/
			T2.CHIKU, /* "警備先地区.LN_警備先地区論理番号*/
			T1.SD_KOKUIN_NUM, /* セキュリティカード.刻印番号*/
			T3.YUKOU_FLG, /* "セキュリティカード利用者.有効フラグ*/
			T4.ACNT_NM, /* 利用者アカウント共通.アカウント名称*/
			T4.SYAIN_CD AS ACNT_ID, /* 利用者アカウント共通.社員コード*/
			DATE_FORMAT(T1.ST_TS,'%Y/%m/%d') ST_TS, /* セキュリティカード.使用開始日*/
			DATE_FORMAT(T1.ED_TS,'%Y/%m/%d') ED_TS, /* セキュリティカード.使用終了日*/
			T4.LN_ACNT_USER_COMMON, /* 利用者アカウント共通.LN_利用者アカウント共通論理番号*/
			T1.LN_CARD_INF, /* セキュリティカード.LN_セキュリティカード論理番号*/

			(
				SELECT
					T5.LN_OPERATION_AUTH_ROLE
				FROM
					g6db.R_CARD_OPERATION_AUTH_ROLE T5
				WHERE
					T5.LN_CARD_INF =T1.LN_CARD_INF
					AND T5.DEL_FLG = '0'
			)LN_OPERATION_AUTH_ROLE,

			(
				SELECT
					TT1.OPERATION_LVL_ID
				FROM
					R_CARD_OPERATION_LVL TT1
						LEFT JOIN R_OPERATION_LVL_MST TT2 ON TT1.OPERATION_LVL_ID = TT2.OPERATION_LVL_ID
				WHERE
					TT1.LN_CARD_INF = T1.LN_CARD_INF
					AND TT2.OPERATION_LVL_KBN = 1
					AND TT1.DEL_FLG = '0'
					AND TT2.DEL_FLG = '0'
			)R_CARD_OPERATION_LVL1, /*警備操作レベル情報*/

			(
				SELECT
					TT1.OPERATION_LVL_ID
				FROM
					R_CARD_OPERATION_LVL TT1
						LEFT JOIN R_OPERATION_LVL_MST TT2 ON TT1.OPERATION_LVL_ID = TT2.OPERATION_LVL_ID
				WHERE
					TT1.LN_CARD_INF = T1.LN_CARD_INF
					AND TT2.OPERATION_LVL_KBN = 2
					AND TT1.DEL_FLG = '0'
					AND TT2.DEL_FLG = '0'
			)R_CARD_OPERATION_LVL2,/*出入操作レベル情報*/

			(
				SELECT
					TT1.OPERATION_LVL_ID
				FROM
					R_CARD_OPERATION_LVL TT1
						LEFT JOIN R_OPERATION_LVL_MST TT2 ON TT1.OPERATION_LVL_ID = TT2.OPERATION_LVL_ID
				WHERE
					TT1.LN_CARD_INF = T1.LN_CARD_INF
					AND TT2.OPERATION_LVL_KBN = 3
					AND TT1.DEL_FLG = '0'
					AND TT2.DEL_FLG = '0'
			)R_CARD_OPERATION_LVL3 /*出退勤操作レベル情報*/

		FROM
			g6db.R_CARD_INF T1 
				INNER JOIN g6db.R_KB_CHIKU T2
					ON T2.LN_KB_CHIKU = #{lnKbChiku}
					AND (
						T1.PATH_INF = T2.PATH_INF 
						OR T1.PATH_INF = LEFT (T2.PATH_INF, 41) 
						OR T1.PATH_INF = LEFT (T2.PATH_INF, 20)
					)
				INNER JOIN g6db.R_CARD_USER T3 ON T3.LN_CARD_INF=T1.LN_CARD_INF
				INNER JOIN commondb.K_ACNT_USER_COMMON T4 ON T4.LN_ACNT_USER_COMMON=T3.LN_ACNT_USER_COMMON
		WHERE
			1=1
			<if test="sdKokuinNum != null and sdKokuinNum !=''">
				AND T1.SD_KOKUIN_NUM LIKE CONCAT(CONCAT('%', #{sdKokuinNum}, '%')) ESCAPE '/' /* セキュリティカード.刻印番号*/
			</if>
			<if test="acntNm != null and acntNm !=''">
				AND T4.ACNT_NM LIKE CONCAT(CONCAT('%', #{acntNm}, '%')) ESCAPE '/' /* 利用者アカウント共通.アカウント名称*/
			</if>
			AND T1.DEL_FLG = '0' /* セキュリティカード.削除フラグ*/
			AND T3.DEL_FLG = '0' /* セキュリティカード利用者.削除フラグ*/
			AND T2.DEL_FLG = '0' /* 警備先地区.削除フラグ*/
		ORDER BY
			T2.SUB_ADDR, T1.LN_CARD_INF ASC
		<if test="pageSize != null and pageSize !=''">
			limit #{offset} , #{pageSize}
		</if>
	</select>


	<!-- 検索結果一覧件数の取得 -->
	<select id="searchListCnt" resultType="java.lang.Integer">
		SELECT
			COUNT(0)
		FROM
			g6db.R_CARD_INF T1
				INNER JOIN g6db.R_KB_CHIKU T2
					ON T2.LN_KB_CHIKU = #{lnKbChiku}
					AND (
						T1.PATH_INF = T2.PATH_INF 
						OR T1.PATH_INF = LEFT (T2.PATH_INF, 41) 
						OR T1.PATH_INF = LEFT (T2.PATH_INF, 20)
					)
				INNER JOIN g6db.R_CARD_USER T3 ON T3.LN_CARD_INF=T1.LN_CARD_INF
				INNER JOIN commondb.K_ACNT_USER_COMMON T4 ON T4.LN_ACNT_USER_COMMON =T3.LN_ACNT_USER_COMMON
				LEFT JOIN g6db.R_CARD_OPERATION_AUTH_ROLE T5 ON t5.LN_CARD_INF=T1.LN_CARD_INF
		WHERE
			1=1
			<if test="sdKokuinNum != null and sdKokuinNum !=''">
				AND T1.SD_KOKUIN_NUM LIKE CONCAT(CONCAT('%', #{sdKokuinNum}, '%')) ESCAPE '/' /* セキュリティカード.刻印番号*/
			</if>
			<if test="acntNm != null and acntNm !=''">
				AND T4.ACNT_NM LIKE CONCAT(CONCAT('%', #{acntNm}, '%')) ESCAPE '/' /* 利用者アカウント共通.アカウント名称*/
			</if>
			AND T1.DEL_FLG = '0' /* セキュリティカード.削除フラグ*/
			AND T3.DEL_FLG = '0' /* セキュリティカード利用者.削除フラグ*/
			AND T2.DEL_FLG = '0' /* 警備先地区.削除フラグ*/
	</select>

	<!-- 地区プルダウン情報の取得する 8-3 A -->
	<select id="searchChiKuList" parameterType="java.util.Map" resultType="java.util.Map">
		SELECT
			R.LN_KB_CHIKU lnKbChiku, /* LN_警備先地区論理番号*/
			R.CHIKU chiku, /*-- 地区*/
			R.SD_KOBETU_NM sdKobetuNm, /* -- 警備先地区名称*/
			R.PATH_INF pathInf /* -- 警備先地区名称*/
		FROM
			g6db.A_USER_OPERATION_HANI A 
			  INNER JOIN g6db.R_KB_CHIKU R 
			    ON A.LN_ACNT_USER_COMMON = #{lnAcntUserCommon} 
			    AND (
			      A.PATH_INF = R.PATH_INF 
			      OR A.PATH_INF = LEFT (R.PATH_INF, 41) 
			      OR A.PATH_INF = LEFT (R.PATH_INF, 20)
			    )
		WHERE
			R.DEL_FLG = '0'
			<if test="lnKeibi != null and lnKeibi !=''">
				AND R.LN_KEIBI = '${lnKeibi}'
			</if>
			<if test="lnKbChiku != null and lnKbChiku !=''">
				AND R.LN_KB_CHIKU = '${lnKbChiku}'
			</if>
		ORDER BY
			R.SUB_ADDR
	</select>

	<!-- 警備操作レベルグループプルダウン情報の取得 8-3 B -->
	<select id="searchRoleList" parameterType="java.util.Map" resultType="java.util.Map">
		SELECT
			T2.LN_OPERATION_AUTH_ROLE role,
			T2.OPERATION_AUTH_ROLE_NM roleNm,
			T3.OPERATION_LVL_ID,
			T3.OPERATION_LVL_KBN,
			'0' R_CARD_OPERATION_LVL1,
			'0' R_CARD_OPERATION_LVL2,
			'0' R_CARD_OPERATION_LVL3
		FROM
			R_OPERATION_AUTH_ROLE_LVL T1
				INNER JOIN R_OPERATION_AUTH_ROLE T2 ON T1.LN_OPERATION_AUTH_ROLE = T2.LN_OPERATION_AUTH_ROLE
				INNER JOIN R_OPERATION_LVL_MST T3 ON T1.OPERATION_LVL_ID = T3.OPERATION_LVL_ID
				LEFT JOIN M_CD T4 ON T3.OPERATION_LVL_KBN = T4.CD_VALUE
		WHERE
			T4.CD_ID = 'CD165'
			AND T4.CD_VALUE IN
			<foreach item="item" index="index" collection="cdValue" open="(" separator="," close=")">
				#{item}
			</foreach>
			AND T1.DEL_FLG = 0
			AND T2.DEL_FLG = 0
			AND T3.DEL_FLG = 0
		ORDER BY T2.LN_OPERATION_AUTH_ROLE, T3.OPERATION_LVL_KBN;
	</select>

	<!-- 操作レベルプルダウン情報の取得(1：警備 2：出入 3：出退勤) 8-3 C/D/E -->
	<select id="searchLvlMstList" parameterType="java.util.Map" resultType="java.util.Map">
		SELECT
			T1.OPERATION_LVL_ID lvlId,
			T1.OPERATION_LVL_NM lvlNm
		FROM
			g6db.R_OPERATION_LVL_MST T1
		WHERE
			T1.DEL_FLG = '0'
			AND T1.OPERATION_LVL_KBN = #{operationLvlKbn}
		GROUP BY T1.OPERATION_LVL_ID
		ORDER BY T1.OPERATION_LVL_ID ASC
	</select>

	<!-- 操作レベル情報の取得 -->
	<!-- 警備操作レベル操作レベル区分(OPERATION_LVL_KBN): 8-4 A(1：警備) -->
	<!-- 警備操作レベル操作レベル区分(OPERATION_LVL_KBN): 8-5 B(2：出入) -->
	<!-- 警備操作レベル操作レベル区分(OPERATION_LVL_KBN): 8-5 D(3：出退勤) -->
	<select id="searchOperationLvList" parameterType="java.util.Map" resultType="java.util.Map">
		SELECT
			T1.OPERATION_LVL_ID lvlId, /** 操作レベルID*/
			T1.OPERATION_LVL_NM lvlNm /** 操作レベル名*/
		FROM
			g6db.R_OPERATION_LVL_MST T1
			INNER JOIN g6db.R_CARD_OPERATION_LVL T2 ON T2.OPERATION_LVL_ID =T1.OPERATION_LVL_ID
			INNER JOIN g6db.R_CARD_INF T3 ON T3.LN_CARD_INF =T2.LN_CARD_INF
		WHERE
			T1.DEL_FLG = 0
			AND T2.DEL_FLG = 0
			AND T3.DEL_FLG = 0
			AND T1.OPERATION_LVL_KBN = #{operationLvlKbn}
			AND T3.PATH_INF LIKE CONCAT(#{pathInf},'%')
		GROUP BY T1.OPERATION_LVL_ID
		ORDER BY T1.OPERATION_LVL_ID ASC
	</select>

	<!-- 警備操作レベルグループ情報の取得8-4 B C -->
	<select id="searchCardCount" parameterType="java.lang.Integer" resultType="java.lang.Integer">
		SELECT
			COUNT(0)
		FROM
			g6db.R_CARD_INF T1
			INNER JOIN g6db.R_CARD_OPERATION_LVL T2 ON T1.LN_CARD_INF =T2.LN_CARD_INF
			INNER JOIN g6db.R_CARD_USER T3 ON T3.LN_CARD_INF=T1.LN_CARD_INF
			INNER JOIN g6db.R_KB_CHIKU T4
				ON T4.LN_KB_CHIKU ='${lnKbChiku}'
				AND (
					T1.PATH_INF = T4.PATH_INF 
					OR T1.PATH_INF = LEFT (T4.PATH_INF, 41) 
					OR T1.PATH_INF = LEFT (T4.PATH_INF, 20)
				)
		WHERE
			T2.OPERATION_LVL_ID='${lvlId}'
			AND T3.YUKOU_FLG='${yukouFlg}'
			AND T1.DEL_FLG = 0 /* セキュリティカード.削除フラグ*/
			AND T3.DEL_FLG = 0 /* セキュリティカード利用者.削除フラグ*/
			AND T2.DEL_FLG = 0 /* 警備先地区.削除フラグ*/
			AND T4.DEL_FLG = 0 /* 警備先地区.削除フラグ*/
	</select>

	<!-- 操作器番号を取得する(8-5 A) -->
	<select id="searchDevInfo" parameterType="java.util.Map" resultType="java.util.Map">
		SELECT
			T1.LN_DEV lnDev, /* 設置機器.LN_設置機器論理番号*/
			T1.SD_DEV_NUM sdDevNum, /* 設置機器.装置番号*/
			T1.CHIKU chiKu, /* 設置機器.地区*/
			T1.SD_DEV_NM sdDevNm /* 設置機器.装置名称*/
		FROM
			R_DEV T1
		WHERE
			T1.LN_KEIBI ='${lnKeibi}'
			AND T1.DEL_FLG = 0
		ORDER BY T1.SD_DEV_NUM ,T1.CHIKU
	</select>

	<!-- 操作可否情報の取得する 8-5 C E -->
	<select id="searchCardUserCount" parameterType="java.lang.Integer" resultType="java.lang.Integer">
		SELECT
			COUNT(0)
		FROM
			g6db.R_CARD_INF T1
				INNER JOIN g6db.R_CARD_OPERATION_LVL T2 ON T2.LN_CARD_INF =T1.LN_CARD_INF
				INNER JOIN g6db.R_CARD_USER T3 ON T3.LN_CARD_INF=T1.LN_CARD_INF
				INNER JOIN g6db.R_KB_CHIKU T4
					ON (
						T1.PATH_INF = T4.PATH_INF 
						OR T1.PATH_INF = LEFT (T4.PATH_INF, 41) 
						OR T1.PATH_INF = LEFT (T4.PATH_INF, 20)
					)
				INNER JOIN g6db.R_DEV T5 ON T5.LN_KB_CHIKU =T4.LN_KB_CHIKU
		WHERE
			T2.OPERATION_LVL_ID='${lvlId}'
			AND T5.LN_DEV ='${lnDev}'
			AND T3.YUKOU_FLG= 1
			AND T1.DEL_FLG = 0 /* セキュリティカード.削除フラグ*/
			AND T3.DEL_FLG = 0 /* セキュリティカード利用者.削除フラグ*/
			AND T2.DEL_FLG = 0 /* 警備先地区.削除フラグ*/
			AND T4.DEL_FLG = 0 /* 警備先地区.削除フラグ*/
	</select>

	<!-- ファイル送信件数を取得する -->
	<select id="selectLnFileSendCount" resultType="java.lang.Integer">
		SELECT
			COUNT(0)
		FROM
			C_FILE_SEND C1
				INNER JOIN C_FILE_SEND_DETAIL C2 ON C1.LN_FILE_SEND = C2.LN_FILE_SEND
		WHERE
			C1.CMD_SEQ_NUM=#{cmdSeqNo}
			AND C2.SEND_STS=#{sendSts}
	</select>
	
	<!-- 警備先情報の取得 -->
	<select id="getKeibiInfo" resultMap="BaseResultMap">
		SELECT
			DC.SUB_ADDR,
			D.SD_DEV_NUM,
			CD.GOUKI,
			CD.SERIAL_NUM,
			DM.DENKEI
		FROM
			R_KEIBI_CTL_DEV KCD<!-- 警備先・制御装置 -->
				INNER JOIN R_CTL_DEV CD<!-- 警備制御装置 -->
					ON CD.LN_CTL_DEV = KCD.LN_CTL_DEV
					AND CD.DEL_FLG = '0'
				INNER JOIN R_DEV D<!-- 警備制御装置の設置機器 -->
					ON D.LN_DEV = CD.LN_DEV
					AND D.DEL_FLG = '0'
				INNER JOIN M_DEV_KIND DK
					ON DK.DEV_KIND_CD = D.SD_DEV_KIND_CD
					AND DK.KIND_CD = '01'<!-- 警備制御装置のみ選択 -->
				INNER JOIN R_DENKEI_MNG DM
					ON DM.LN_KEIBI = D.LN_KEIBI<!-- 警備制御設置機器の警備先の電計番号 -->
					AND DM.LAST_FLG = '1'
					AND DM.DEL_FLG = '0'
				INNER JOIN R_KB_CHIKU DC
					ON DC.LN_KB_CHIKU = D.LN_KB_CHIKU<!-- 警備制御設置機器の警備先地区 -->
					AND DC.DEL_FLG = '0'
		WHERE
			KCD.LN_KEIBI = #{lnKeibi}
			AND KCD.DEL_FLG = '0'
	</select>
	
	
	<!-- 制御プライオリティテーブルから優先順位を取得する. -->
	<select id="selectPriorityInfo" resultType="java.lang.String">
		SELECT
			PRIORITY
		FROM
			R_CTRL_PRIORITY
		WHERE
			SERVICE_ID='01'
			AND SOAP_CMD='R01'
			AND DEL_FLG = '0';
	</select>
	
		<!-- 取得STS(制御信号キュー.状態) -->
	<select id="selectCtrlSig" resultType="java.lang.String">
		SELECT
			STS
		FROM
			C_QUE_CTRL_SIG
		WHERE
			LN_QUE_CTRL_SIG = #{lnQueCtrlSig}
	</select>
	
	<!--制御状態読出要求コマンドを登録する -->
	<insert id="inesrtCtrlSig" parameterType="jp.co.alsok.g6.db.entity.g6.CQueCtrlSigWithBLOBs">
		INSERT INTO C_QUE_CTRL_SIG
		<trim prefix="(" suffix=")" suffixOverrides=",">
			<if test="LN_QUE_CTRL_SIG != null">
				LN_QUE_CTRL_SIG,
			</if>
			<if test="HOST_NM != null">
				HOST_NM,
			</if>
			<if test="DENKEI != null">
				DENKEI,
			</if>
			<if test="GOUKI != null">
				GOUKI,
			</if>
			<if test="SERIAL_NUM != null">
				SERIAL_NUM,
			</if>
			<if test="CONN_DEV_NUM != null">
				CONN_DEV_NUM,
			</if>
			<if test="DEV_NUM != null">
				DEV_NUM,
			</if>
			<if test="SUB_ADDR != null">
				SUB_ADDR,
			</if>
			<if test="PRIORITY != null">
				PRIORITY,
			</if>
			<if test="CMD_SEQ_NUM != null">
				CMD_SEQ_NUM,
			</if>
			<if test="PROCESS_NUM != null">
				PROCESS_NUM,
			</if>
			<if test="CMD_CD != null">
				CMD_CD,
			</if>
			<if test="EXEC_CMD != null">
				EXEC_CMD,
			</if>
			<if test="DIR_NM != null">
				DIR_NM,
			</if>
			<if test="ENQ_TS != null">
				ENQ_TS,
			</if>
			<if test="DEQ_ABL_TS != null">
				DEQ_ABL_TS,
			</if>
			<if test="DEQ_TS != null">
				DEQ_TS,
			</if>
			<if test="STS != null">
				STS,
			</if>
			<if test="CENTER_ERR_DTL != null">
				CENTER_ERR_DTL,
			</if>
			<if test="RM_RESULT != null">
				RM_RESULT,
			</if>
			<if test="RM_ERR_CD != null">
				RM_ERR_CD,
			</if>
			<if test="CTL_RESULT_CD != null">
				CTL_RESULT_CD,
			</if>
			<if test="CTL_CMD_RSLT != null">
				CTL_CMD_RSLT,
			</if>
			<if test="CMD_TIMEOUT_TM != null">
				CMD_TIMEOUT_TM,
			</if>
			<if test="INSERT_ID != null">
				INSERT_ID,
			</if>
			<if test="INSERT_NM != null">
				INSERT_NM,
			</if>
			<if test="INSERT_TS != null">
				INSERT_TS,
			</if>
			<if test="UPDATE_ID != null">
				UPDATE_ID,
			</if>
			<if test="UPDATE_NM != null">
				UPDATE_NM,
			</if>
			<if test="UPDATE_TS != null">
				UPDATE_TS,
			</if>
			<if test="FILE_KIND != null">
				FILE_KIND,
			</if>
			<if test="SOAP_MSG != null">
				SOAP_MSG,
			</if>
		</trim>
		<trim prefix="values (" suffix=")" suffixOverrides=",">
			<if test="LN_QUE_CTRL_SIG != null">
				#{LN_QUE_CTRL_SIG},
			</if>
			<if test="HOST_NM != null">
				#{HOST_NM},
			</if>
			<if test="DENKEI != null">
				#{DENKEI},
			</if>
			<if test="GOUKI != null">
				#{GOUKI},
			</if>
			<if test="SERIAL_NUM != null">
				#{SERIAL_NUM},
			</if>
			<if test="CONN_DEV_NUM != null">
				#{CONN_DEV_NUM},
			</if>
			<if test="DEV_NUM != null">
				#{DEV_NUM},
			</if>
			<if test="SUB_ADDR != null">
				#{SUB_ADDR},
			</if>
			<if test="PRIORITY != null">
				#{PRIORITY},
			</if>
			<if test="CMD_SEQ_NUM != null">
				#{CMD_SEQ_NUM},
			</if>
			<if test="PROCESS_NUM != null">
				#{PROCESS_NUM},
			</if>
			<if test="CMD_CD != null">
				#{CMD_CD},
			</if>
			<if test="EXEC_CMD != null">
				#{EXEC_CMD},
			</if>
			<if test="DIR_NM != null">
				#{DIR_NM},
			</if>
			<if test="ENQ_TS != null">
				#{ENQ_TS},
			</if>
			<if test="DEQ_ABL_TS != null">
				#{DEQ_ABL_TS},
			</if>
			<if test="DEQ_TS != null">
				#{DEQ_TS},
			</if>
			<if test="STS != null">
				#{STS},
			</if>
			<if test="CENTER_ERR_DTL != null">
				#{CENTER_ERR_DTL},
			</if>
			<if test="RM_RESULT != null">
				#{RM_RESULT},
			</if>
			<if test="RM_ERR_CD != null">
				#{RM_ERR_CD},
			</if>
			<if test="CTL_RESULT_CD != null">
				#{CTL_RESULT_CD},
			</if>
			<if test="CTL_CMD_RSLT != null">
				#{CTL_CMD_RSLT},
			</if>
			<if test="CMD_TIMEOUT_TM != null">
				#{CMD_TIMEOUT_TM},
			</if>
			<if test="INSERT_ID != null">
				#{INSERT_ID},
			</if>
			<if test="INSERT_NM != null">
				#{INSERT_NM},
			</if>
			<if test="INSERT_TS != null">
				#{INSERT_TS},
			</if>
			<if test="UPDATE_ID != null">
				#{UPDATE_ID},
			</if>
			<if test="UPDATE_NM != null">
				#{UPDATE_NM},
			</if>
			<if test="UPDATE_TS != null">
				#{UPDATE_TS},
			</if>
			<if test="FILE_KIND != null">
				#{FILE_KIND},
			</if>
			<if test="SOAP_MSG != null">
				#{SOAP_MSG},
			</if>
		</trim>
	</insert>
	<!--  制御装置論理番号の取得  -->
	<select id="getLnCtlDev" parameterType="java.util.HashMap" resultMap="BaseResultMap">
		SELECT
			CD.LN_CTL_DEV,
			D.LN_DEV,
			CD.GOUKI,
			DK.MODEL_TYPE,
			D.SD_DEV_NM
		FROM
			R_KEIBI_CTL_DEV KCD<!-- 警備先・制御装置 -->
				INNER JOIN R_CTL_DEV CD<!-- 警備制御装置 -->
					ON CD.LN_CTL_DEV = KCD.LN_CTL_DEV
					AND CD.DEL_FLG = '0'
				INNER JOIN R_DEV D<!-- 警備制御装置の設置機器 -->
					ON D.LN_DEV = CD.LN_DEV
					AND D.DEL_FLG = '0'
				INNER JOIN M_DEV_KIND DK
					ON DK.DEV_KIND_CD = D.SD_DEV_KIND_CD
					AND DK.KIND_CD = '01'<!-- 警備制御装置のみ選択 -->
				INNER JOIN R_DENKEI_MNG DM
					ON DM.LN_KEIBI = D.LN_KEIBI<!-- 警備制御設置機器の警備先の電計番号 -->
					AND DM.LAST_FLG = '1'
					AND DM.DEL_FLG = '0'
				INNER JOIN R_KB_CHIKU DC
					ON DC.LN_KB_CHIKU = D.LN_KB_CHIKU<!-- 警備制御設置機器の警備先地区 -->
					AND DC.DEL_FLG = '0'
		WHERE
			KCD.LN_KEIBI = #{lnKeibi}
			AND KCD.DEL_FLG = '0'
	</select>

	<!-- 適用システムデータ.ファイル名の取得 -->
	<select id="getFileNm" parameterType="java.util.HashMap" resultType="java.lang.String">
		SELECT
			FILE_NM
		FROM
			C_APPLIED_SD
		WHERE
			LN_CTL_DEV = #{lnCtlDev}
		LIMIT 1;
	</select>
	
	<!-- D)適用システムデータ.ファイル名の取得 -->
	<select id="getFileNmLike" resultType="java.lang.String" parameterType="java.util.HashMap">
		SELECT
			FILE_NM
		FROM
			C_APPLIED_SD
		WHERE
			LN_CTL_DEV = #{lnCtlDev}
			AND FILE_NM LIKE CONCAT(#{prefix}, '%')
		ORDER BY INSERT_TS DESC
		LIMIT 1;
	</select>
	
	<!--システムデータ.ファイル作成日付の取得  -->
	<select id="getfileTs" parameterType="java.util.HashMap" resultType="java.lang.String">
		SELECT
			DATE_FORMAT(CREATE_DATE,'%Y%m%d%H%i%S') AS INSERT_TS 
		FROM
			R_SD
		WHERE
		    LN_DEV = #{lnDev}
		    AND FILE_NM = #{fileNm}
	</select>
	
	<!--A) ファイル送信テーブルの登録 -->
	<insert id="inesrtCfileSend" parameterType="jp.co.alsok.g6.db.entity.g6.CFileSend">
		INSERT INTO C_FILE_SEND
		<trim prefix="(" suffix=")" suffixOverrides=",">
			<if test="LN_FILE_SEND != null">
				LN_FILE_SEND,
			</if>
			<if test="LN_CTL_DEV != null">
				LN_CTL_DEV,
			</if>
			<if test="CMD_SEQ_NUM != null">
				CMD_SEQ_NUM,
			</if>
			<if test="LN_FW_LIST_VER != null">
				LN_FW_LIST_VER,
			</if>
			<if test="FILE_UPDATE_TS != null">
				FILE_UPDATE_TS,
			</if>
			<if test="DEQ_ABL_TS != null">
				DEQ_ABL_TS,
			</if>
			<if test="DEL_FLG != null">
				DEL_FLG,
			</if>
			<if test="INSERT_ID != null">
				INSERT_ID,
			</if>
			<if test="INSERT_NM != null">
				INSERT_NM,
			</if>
			<if test="INSERT_TS != null">
				INSERT_TS,
			</if>
			<if test="UPDATE_ID != null">
				UPDATE_ID,
			</if>
			<if test="UPDATE_NM != null">
				UPDATE_NM,
			</if>
			<if test="UPDATE_TS != null">
				UPDATE_TS,
			</if>
		</trim>
		<trim prefix="values (" suffix=")" suffixOverrides=",">
			<if test="LN_FILE_SEND != null">
				#{LN_FILE_SEND},
			</if>
			<if test="LN_CTL_DEV != null">
				#{LN_CTL_DEV},
			</if>
			<if test="CMD_SEQ_NUM != null">
				#{CMD_SEQ_NUM},
			</if>
			<if test="LN_FW_LIST_VER != null">
				#{LN_FW_LIST_VER},
			</if>
			<if test="FILE_UPDATE_TS != null">
				#{FILE_UPDATE_TS},
			</if>
			<if test="DEQ_ABL_TS != null">
				#{DEQ_ABL_TS},
			</if>
			<if test="DEL_FLG != null">
				#{DEL_FLG},
			</if>
			<if test="INSERT_ID != null">
				#{INSERT_ID},
			</if>
			<if test="INSERT_NM != null">
				#{INSERT_NM},
			</if>
			<if test="INSERT_TS != null">
				#{INSERT_TS},
			</if>
			<if test="UPDATE_ID != null">
				#{UPDATE_ID},
			</if>
			<if test="UPDATE_NM != null">
				#{UPDATE_NM},
			</if>
			<if test="UPDATE_TS != null">
				#{UPDATE_TS},
			</if>
		</trim>
	</insert>
	
	<!-- ファイル送信詳細テーブルの登録 -->
	<insert id="inesrtCfileSendDetail" parameterType="jp.co.alsok.g6.db.entity.g6.CFileSendDetail">
		INSERT INTO C_FILE_SEND_DETAIL
		<trim prefix="(" suffix=")" suffixOverrides=",">
			<if test="LN_FILE_SEND != null">
				LN_FILE_SEND,
			</if>
			<if test="PROCESS_NUM != null">
				PROCESS_NUM,
			</if>
			<if test="FILE_KIND != null">
				FILE_KIND,
			</if>
			<if test="DIR_NM != null">
				DIR_NM,
			</if>
			<if test="FILE_NM != null">
				FILE_NM,
			</if>
			<if test="SEND_STS != null">
				SEND_STS,
			</if>
			<if test="MODEL_TY != null">
				MODEL_TY,
			</if>
			<if test="INSERT_ID != null">
				INSERT_ID,
			</if>
			<if test="INSERT_NM != null">
				INSERT_NM,
			</if>
			<if test="INSERT_TS != null">
				INSERT_TS,
			</if>
			<if test="UPDATE_ID != null">
				UPDATE_ID,
			</if>
			<if test="UPDATE_NM != null">
				UPDATE_NM,
			</if>
			<if test="UPDATE_TS != null">
				UPDATE_TS,
			</if>
		</trim>
		<trim prefix="values (" suffix=")" suffixOverrides=",">
			<if test="LN_FILE_SEND != null">
				#{LN_FILE_SEND},
			</if>
			<if test="PROCESS_NUM != null">
				#{PROCESS_NUM},
			</if>
			<if test="FILE_KIND != null">
				#{FILE_KIND},
			</if>
			<if test="DIR_NM != null">
				#{DIR_NM},
			</if>
			<if test="FILE_NM != null">
				#{FILE_NM},
			</if>
			<if test="SEND_STS != null">
				#{SEND_STS},
			</if>
			<if test="MODEL_TY != null">
				#{MODEL_TY},
			</if>
			<if test="INSERT_ID != null">
				#{INSERT_ID},
			</if>
			<if test="INSERT_NM != null">
				#{INSERT_NM},
			</if>
			<if test="INSERT_TS != null">
				#{INSERT_TS},
			</if>
			<if test="UPDATE_ID != null">
				#{UPDATE_ID},
			</if>
			<if test="UPDATE_NM != null">
				#{UPDATE_NM},
			</if>
			<if test="UPDATE_TS != null">
				#{UPDATE_TS},
			</if>
		</trim>
	</insert>
</mapper>