<?xml version="1.0" encoding="UTF-8" ?>
<!DOCTYPE mapper
        PUBLIC "-//mybatis.org//DTD Mapper 3.0//EN"
        "http://mybatis.org/dtd/mybatis-3-mapper.dtd">
<mapper namespace="jp.co.alsok.g6.zwu.dao.mapper.g6.SZWU6700Mapper">
	<!-- アカウント情報 -->
	<resultMap id="UserMap"
		type="jp.co.alsok.g6.zwu.entity.g6.SZWU6700Info">
		<result column="LN_ACNT_USER_COMMON" jdbcType="CHAR" property="lnAcntUserCommon" />  <!-- LN_利用者アカウント共通論理番号 -->
		<result column="ACNT_ID" jdbcType="CHAR" property="acntId" />  <!-- アカウントID -->
		<result column="ACNT_NM" jdbcType="CHAR" property="acntNm" />  <!-- アカウント名称 -->
		<result column="CHECK_STS" jdbcType="CHAR" property="checkSts" />  <!-- 確認状態 -->
		<result column="UPDATE_TS" jdbcType="CHAR" property="updateTs" />  <!-- 更新日時 -->
		<result column="ML_SEND_STS" jdbcType="CHAR" property="mlSendSts" />
		<result column="INSERT_TS" jdbcType="DATE" property="insertTs" />
		<result column="LN_USER_ROLE" jdbcType="CHAR" property="lnUserRole" /> <!-- LN_利用者ロール論理番号-->
	</resultMap>
	<!-- CSV出力DB検索内容情報 -->
	<resultMap id="CsvInfoMap"
		type="jp.co.alsok.g6.zwu.entity.g6.SZWU6700Info">
		<result column="LN_ACNT_USER_COMMON" jdbcType="CHAR" property="lnAcntUserCommon" />  <!-- LN_利用者アカウント共通論理番号 -->
		<result column="ACNT_NM" jdbcType="CHAR" property="acntNm" />  <!-- アカウント名称 -->
		<result column="ACNT_NM_KANA" jdbcType="CHAR" property="acntNmKana" />  <!-- アカウント名称カナ -->
		<result column="ACNT_ID" jdbcType="CHAR" property="acntId" />  <!-- アカウントID -->
		<result column="SYAIN_CD" jdbcType="CHAR" property="syainCd" />  <!-- 社員コード -->
		<result column="BUSYO_NM" jdbcType="CHAR" property="busyoNm" />  <!-- 部署名 -->
		<result column="BUSYO_NM_KANA" jdbcType="CHAR" property="busyoNmKana" />  <!-- 部署名カナ -->
		<result column="YAKUSYOKU_NM" jdbcType="CHAR" property="yakusyokuNm" />  <!-- 役職名 -->
		<result column="YAKUSYOKU_KANA" jdbcType="CHAR" property="yakusyokuKana" />  <!-- 役職名カナ -->
		<result column="TEL_NUM_1" jdbcType="CHAR" property="telNum1" />  <!-- 電話番号１ -->
	</resultMap>

	<!-- 7.2 B)メイン管理者アカウント情報の取得 -->
	<select id="selectSZWU6700UserInfoList" parameterType="java.util.HashMap" resultMap="UserMap">
      <![CDATA[
		SELECT
	    	T1.UPDATE_TS,
			T1.LN_ACNT_USER_COMMON,
		  	T1.ACNT_ID,
		  	T1.ACNT_NM,
		  	T2.CHECK_STS,
		  	T2.ML_SEND_STS,
		  	T2.INSERT_TS
	  	FROM
			commondb.K_ACNT_USER_COMMON T1
		INNER JOIN
			A_ACNT_USER T2
		ON
			T1.LN_ACNT_USER_COMMON = T2.LN_ACNT_USER_COMMON
		INNER JOIN
			A_USER_OPERATION_HANI T3
		ON
			T1.LN_ACNT_USER_COMMON = T3.LN_ACNT_USER_COMMON
		WHERE
			 T1.ACNT_USER_KBN = '1'
		AND
			T3.PATH_INF LIKE CONCAT(#{lnKeiyk}, '%')
		GROUP BY
			  T1.UPDATE_TS,
			  T1.LN_ACNT_USER_COMMON,
			  T1.ACNT_ID,
			  T1.ACNT_NM,
			  T2.CHECK_STS
		ORDER BY T1.LN_ACNT_USER_COMMON
       ]]>
	</select>

	<!--10-2(A) 利用者アカウント共通のロック削除対象前进行查询 -->
	<select id="searchLnAcntUserCommon" parameterType="java.util.HashMap" resultType="java.lang.String">
			SELECT
				LN_ACNT_USER_COMMON
			FROM
				commondb.K_ACNT_USER_COMMON
			WHERE
				LN_ACNT_USER_COMMON = #{lnAcntUserCommon}
	</select>

	<!-- 10-2(B) 利用者アカウント-ロール連関のロック削除対象前进行查询-->
	<select id="searchLnAcntUserRole" parameterType="java.util.HashMap" resultMap="UserMap">
			SELECT
				LN_ACNT_USER_COMMON,
				LN_USER_ROLE
			FROM
				A_ACNT_USER_ROLE
			WHERE
				LN_ACNT_USER_COMMON = #{lnAcntUserCommon}
			LIMIT 1
	</select>

	<!-- 10-3(A) 利用者アカウント共通の楽観ロック処理-->
	<select id="selectLnAcntUserCommon" parameterType="java.lang.String" resultType="int" >
			SELECT
				COUNT(LN_ACNT_USER_COMMON)
			FROM
				commondb.K_ACNT_USER_COMMON
			WHERE UPDATE_TS > #{updateTs,jdbcType=CHAR}
			AND  LN_ACNT_USER_COMMON = #{lnAcntUserCommon}
	</select>

	<!-- 10-3(A) 利用者アカウント共通のロック削除を行う-->
	<delete id="deleteLnAcntUserCommon" parameterType="java.util.HashMap" >
			DELETE FROM
				commondb.K_ACNT_USER_COMMON
			WHERE LN_ACNT_USER_COMMON = #{lnAcntUserCommon}
	</delete>

	<!-- 10-3(B) 利用者アカウント-ロール連関のロック削除を行う-->
	<delete id="deleteLnAcntUserRole" parameterType="java.util.HashMap">
			DELETE FROM
				A_ACNT_USER_ROLE
			WHERE LN_ACNT_USER_COMMON = #{lnAcntUserCommon}
	</delete>

	<!-- CSV出力DB検索内容 -->
	<select id="searchCsvInfoList" parameterType="java.util.HashMap" resultMap="CsvInfoMap">
			SELECT
				LN_ACNT_USER_COMMON,
				ACNT_NM,
				ACNT_NM_KANA,
				ACNT_ID,
				SYAIN_CD,
				BUSYO_NM,
				BUSYO_NM_KANA,
				YAKUSYOKU_NM,
				YAKUSYOKU_KANA,
				TEL_NUM_1
			FROM
				commondb.K_ACNT_USER_COMMON
			WHERE
				LN_ACNT_USER_COMMON = #{lnAcntUserCommon}
	</select>
	
	<!-- C)利用者アカウント共通-アカウント連関のロック -->
	<select id="getKacntUserCommonAcntUserLock" parameterType="java.lang.String" resultMap="UserMap">
		SELECT
		  LN_ACNT_USER_COMMON
		FROM
		  commondb.K_ACNT_USER_COMMON_ACNT_USER
		WHERE LN_ACNT_USER_COMMON = #{lnAcntUserCommon}
		LIMIT 1
	</select>
	
	<!--  E)利用者ログイン状態のロック -->
	<select id="getKacntUserLoginStsLock" parameterType="java.lang.String" resultMap="UserMap">
		SELECT
			LN_ACNT_USER_COMMON
		FROM 
			commondb.K_ACNT_USER_LOGIN_STS
		WHERE LN_ACNT_USER_COMMON = #{lnAcntUserCommon}
	</select>
	
	<!-- E)利用者ログイン状態の削除 -->
	<delete id="deleteKacntUserLoginSts" parameterType="java.lang.String">
		DELETE FROM commondb.K_ACNT_USER_LOGIN_STS
		WHERE LN_ACNT_USER_COMMON = #{lnAcntUserCommon}
	</delete>
	
	<!-- C)利用者アカウント共通-アカウント連関の削除 -->
	<delete id="deleteKacntUserCommonAcntUser" parameterType="java.lang.String">
		DELETE FROM commondb.K_ACNT_USER_COMMON_ACNT_USER
		WHERE LN_ACNT_USER_COMMON = #{lnAcntUserCommon}
	</delete>
	
	<!-- D)利用者アカウントのロック -->
	<select id="getAAcntUser" parameterType="java.lang.String" resultMap="UserMap">
		SELECT
			LN_ACNT_USER_COMMON,
			UPDATE_TS
		FROM
			A_ACNT_USER
		WHERE
			LN_ACNT_USER_COMMON = #{lnAcntUserCommon}
	</select>
	
	<!-- F)利用者操作範囲のロック  -->
	<select id="getAUserOperationHaniLock" parameterType="java.lang.String" resultMap="UserMap">
		SELECT 
			LN_ACNT_USER_COMMON
		FROM
			A_USER_OPERATION_HANI
		WHERE
			LN_ACNT_USER_COMMON = #{lnAcntUserCommon}
		LIMIT 1	
	</select>
	
	<!-- G)利用者ロールのロック  -->
	<select id="getAUserRoleLock" parameterType="java.lang.String" resultMap="UserMap">
		SELECT 
			LN_USER_ROLE
		FROM
			A_USER_ROLE
		WHERE
			LN_USER_ROLE = #{lnUserRole}
		AND KOBETSU_FLG = '1'
	</select>
	
	<!--  H)利用者ロール-権限連関のロック -->
	<select id="getAUserRoleAuthLock" parameterType="java.lang.String" resultMap="UserMap">
		SELECT 
			LN_USER_ROLE
		FROM
			A_USER_ROLE_AUTH
		WHERE
			LN_USER_ROLE = #{lnUserRole}
		LIMIT 1
	</select>
	
	<!-- I)利用者アカウント仮登録のロック -->
	<select id="getAAcntPreuserLock" parameterType="java.lang.String" resultMap="UserMap">
		SELECT
			LN_ACNT_USER_COMMON
		FROM
			A_ACNT_PRE_USER
		WHERE
			LN_ACNT_USER_COMMON = #{lnAcntUserCommon}
		LIMIT 1	
	</select>
	
	<!--  H)利用者ロール-権限連関の削除 -->
	<delete id="deleteAUserRoleAuth" parameterType="java.lang.String">
		DELETE FROM A_USER_ROLE_AUTH 
		WHERE LN_USER_ROLE = #{lnUserRole}
	</delete>
	
	<!-- G)利用者ロールの削除 -->
	<delete id="deleteAUserRole" parameterType="java.lang.String">
		DELETE FROM A_USER_ROLE
		WHERE LN_USER_ROLE = #{lnUserRole}
	</delete>
	
	<!-- I)利用者アカウント仮登録の削除 -->
	<delete id="deleteAAcntPreuser" parameterType="java.lang.String">
		DELETE FROM A_ACNT_PRE_USER
		WHERE LN_ACNT_USER_COMMON = #{lnAcntUserCommon}
	</delete>
	
	<!-- F)利用者操作範囲の削除 -->
	<delete id="deleteAUserOperationHani" parameterType="java.lang.String">
		DELETE FROM A_USER_OPERATION_HANI
		WHERE LN_ACNT_USER_COMMON = #{lnAcntUserCommon}
	</delete>
	
	<!-- D)利用者アカウントの削除-->
	<delete id="deleteAAcntUser" parameterType="java.lang.String">
		DELETE FROM A_ACNT_USER
		WHERE LN_ACNT_USER_COMMON = #{lnAcntUserCommon}
	</delete>

	<!-- 利用者アカウントのロック -->
	<select id="getAAcntUserForUpd" parameterType="java.lang.String" resultType="java.lang.String">
		SELECT
			LN_ACNT_USER_COMMON
		FROM
			A_ACNT_USER
		WHERE
			LN_ACNT_USER_COMMON = #{lnAcntUserCommon}
		AND
			UPDATE_TS = #{updateTs}
	</select>
	
	<!-- A)メール不通時の確認状態の更新-->
	<update id="updateAAcntUserA" parameterType="java.util.HashMap">
		UPDATE 
			A_ACNT_USER
		SET
			CHECK_STS = #{checkSts3},
			STS_UPD_TS = #{stsUpdTs},
			UPDATE_ID = #{updateId},
			UPDATE_NM = #{updateNm},
			UPDATE_TS = #{updateTs}
		WHERE 
			LN_ACNT_USER_COMMON = #{lnAcntUserCommon}
			AND ML_SEND_STS = #{mlSendSts}
			AND CHECK_STS = #{checkSts}
	</update>

	<!-- B)確認待ちタイムアウト時の確認状態の更新-->
	<update id="updateAAcntUserB" parameterType="java.util.HashMap">
		UPDATE 
			A_ACNT_USER
		SET
			CHECK_STS = #{checkSts4},
			STS_UPD_TS = #{stsUpdTs},
			UPDATE_ID = #{updateId},
			UPDATE_NM = #{updateNm},
			UPDATE_TS = #{updateTs}
		WHERE 
			LN_ACNT_USER_COMMON = #{lnAcntUserCommon}
			AND CHECK_STS = #{checkSts}
	</update>

</mapper>