<?xml version="1.0" encoding="UTF-8" standalone="yes"?>
<verifyJobResultDto>
    <jobId>verifyjob1</jobId>
    <candidateResultList>
        <candidateId>CandidateId1538635302382</candidateId>
        <fusionScore>999.0</fusionScore>
        <modalScoreList>
            <compositeScore>999.0</compositeScore>
            <modal>FINGER</modal>
            <rawScoreList>
                <score>999</score>
                <algorithmType>FINGER_LFML</algorithmType>
                <probePosition>ROLL_RTHUMB</probePosition>
                <position>ROLL_RTHUMB</position>
                <probeMinutiaDataIndex>1</probeMinutiaDataIndex>
                <targetMinutiaDataIndex>1</targetMinutiaDataIndex>
                <quality>10</quality>
                <probeMatchedAreaCenter x="100" y="100"/>
                <targetMatchedAreaCenter x="200" y="200"/>
                <minutiaPairList probeMinutiaNumber="1" targetMinutiaNumber="1" similitude="34" probeDirection="2"  targetDirection="2" />
                <minutiaPairList probeMinutiaNumber="2" targetMinutiaNumber="2" similitude="19" probeDirection="2"  targetDirection="2" />
                <minutiaPairList probeMinutiaNumber="3" targetMinutiaNumber="3"  similitude="94" probeDirection="2"  targetDirection="2" />
                <minutiaPairList probeMinutiaNumber="4" targetMinutiaNumber="4" similitude="28" probeDirection="2"  targetDirection="2" />
                <minutiaPairList probeMinutiaNumber="5" targetMinutiaNumber="5"  similitude="58" probeDirection="2"  targetDirection="2" />
                <minutiaPairList probeMinutiaNumber="6" targetMinutiaNumber="6" similitude="78" probeDirection="2"  targetDirection="2" />
                <minutiaPairList probeMinutiaNumber="7" targetMinutiaNumber="7" similitude="9"  probeDirection="2"  targetDirection="2" />
                <minutiaPairList probeMinutiaNumber="8" targetMinutiaNumber="8" similitude="4"  probeDirection="2"  targetDirection="2" />
                <minutiaPairList probeMinutiaNumber="9" targetMinutiaNumber="9" similitude="59" probeDirection="2"  targetDirection="2" />
                <minutiaPairList probeMinutiaNumber="10" targetMinutiaNumber="10" similitude="48" probeDirection="2"  targetDirection="2" />
                <minutiaPairList probeMinutiaNumber="11" targetMinutiaNumber="11" similitude="80" probeDirection="2"  targetDirection="2" />
                <minutiaPairList probeMinutiaNumber="12" targetMinutiaNumber="12" similitude="7"  probeDirection="2"  targetDirection="2" />                        
            </rawScoreList>
        </modalScoreList>
        <success>false</success>
    </candidateResultList>
    <featureData algorithmType="FINGER_LFML">
        <minutiaDataList index="0">
            <minutia algorithmType="FINGER_CML">
                <data>TWludXRpYURhdGFGb3JUZXN0</data>
            </minutia>
        </minutiaDataList>
        <minutiaDataList index="1">
            <minutia algorithmType="FINGER_CML">
                <data>TWludXRpYURhdGFGb3JUZXN0</data>
            </minutia>
        </minutiaDataList>
        <minutiaDataList index="2">
            <minutia algorithmType="FINGER_CML">
                <data>TWludXRpYURhdGFGb3JUZXN0</data>
            </minutia>
        </minutiaDataList>
        <data>RmVhdHVyZURhdGFGb3JUZXN0</data>
    </featureData>
</verifyJobResultDto>
