<?xml version="1.0" encoding="UTF-8"?>

<!DOCTYPE log4j:configuration SYSTEM "log4j.dtd">
<log4j:configuration>
   <!-- A time/date based rolling appender -->
   <appender name="FILE" class="org.apache.log4j.RollingFileAppender">
      <param name="File" value="${jboss.server.log.dir}/server.log"/>

      <!-- <param name="Append" value="false"/> -->
      <!-- #################changes for rolling Appender############# --> 
	  
	  <param name="Append" value="true"/>       
      <param name="MaxFileSize" value="10MB"/>       
      <param name="MaxBackupIndex" value="20"/>
	  <!-- ################end  changes for rolling Appender ##############--> 
      <!-- 
         Set the threshold via a system property. Note this is parsed by log4j,
         so the full JBoss system property format is not supported; e.g.
         setting a default via ${jboss.server.log.threshold:WARN} will not work.         
       -->
      <param name="Threshold" value="${jboss.server.log.threshold}"/>
      <!--<param name="Threshold" value="INFO"/>-->

      <!-- Rollover at midnight each day -->
      <param name="DatePattern" value="'.'yyyy-MM-dd"/>

      <!-- Rollover at the top of each hour
      <param name="DatePattern" value="'.'yyyy-MM-dd-HH"/>
      -->
      
      <layout class="org.apache.log4j.PatternLayout">
         <!-- The default pattern: Date Priority [Category] (Thread) Message\n -->
         <param name="ConversionPattern" value="%d %-5p [%c] (%t) (%x) %m%n"/>

         <!-- The full pattern: Date MS Priority [Category] (Thread:NDC) Message\n
         <param name="ConversionPattern" value="%d %-5r %-5p [%c] (%t:%x) %m%n"/>
          -->
      </layout>
   </appender>

   <!-- Application log appender-->
   <appender name="MATCHER_APP_LOG" class="org.apache.log4j.RollingFileAppender">
     <param name="File" value="${jboss.server.log.dir}/matcher_application.log"/>
     <param name="Append" value="false"/>
     <param name="MaxFileSize" value="15MB"/>
     <param name="MaxBackupIndex" value="20"/>
     
     <layout class="org.apache.log4j.EnhancedPatternLayout">
       <param name="ConversionPattern" value="%d %-5p [%c{1}] (%t) (%x) %m%n%throwable{0}"/>
     </layout>	    
   </appender>
   
   <appender name="MATCHER_PERF_LOG" class="org.apache.log4j.RollingFileAppender">
     <param name="File" value="${jboss.server.log.dir}/matcher_performance.log"/>
     <param name="Append" value="false"/>
     <param name="MaxFileSize" value="15MB"/>
     <param name="MaxBackupIndex" value="20"/>

     <layout class="org.apache.log4j.PatternLayout">
       <param name="ConversionPattern" value="%d %-5p [%c{1}] (%t) (%x) %m%n"/>
     </layout>	     
   </appender>  
   
   <!-- MATCHER Error log appender-->
   <appender name="MATCHER_ERROR_LOG" class="org.apache.log4j.RollingFileAppender">
     <param name="File" value="${jboss.server.log.dir}/matcher_error.log"/>

     <param name="Append" value="false"/>
     <param name="MaxFileSize" value="15MB"/>
     <param name="MaxBackupIndex" value="20"/>
	 <param name="Threshold" value="ERROR"/>
     <layout class="org.apache.log4j.PatternLayout">
       <param name="ConversionPattern" value="%d %-5p [%c{1}] (%t) (%x) %m%n"/>
     </layout>	    
   </appender>   
 

   <!-- MATCHER Config Error log appender-->
   <appender name="MATCHER_CONFIG_LOG" class="org.apache.log4j.RollingFileAppender">
     <param name="File" value="${jboss.server.log.dir}/matcher_config.log"/>

     <param name="Append" value="false"/>
     <param name="MaxFileSize" value="15MB"/>
     <param name="MaxBackupIndex" value="20"/>

     <layout class="org.apache.log4j.PatternLayout">
       <param name="ConversionPattern" value="%d %-5p [%c{1}] (%t) (%x) %m%n"/>
     </layout>	    
   </appender>  

   <appender name="MATCHER_STATUS_LOG" class="org.apache.log4j.RollingFileAppender">
     <param name="File" value="${jboss.server.log.dir}/matcher_status.log"/>

     <param name="Append" value="false"/>
     <param name="MaxFileSize" value="15MB"/>
     <param name="MaxBackupIndex" value="20"/>

     <layout class="org.apache.log4j.PatternLayout">
       <param name="ConversionPattern" value="%d %-5p [%c{1}] (%t) (%x) %m%n"/>
     </layout>	    
   </appender>  

      
   <!-- Payload log appender-->
   <appender name="MATCHER_PAYLOAD_LOG" class="org.apache.log4j.RollingFileAppender">
     <param name="File" value="${jboss.server.log.dir}/matcher_payload.log"/>
     <param name="Append" value="false"/>
     <param name="MaxFileSize" value="15MB"/>
     <param name="MaxBackupIndex" value="20"/>

     <layout class="org.apache.log4j.PatternLayout">
       <param name="ConversionPattern" value="%d %-5p [%c{1}] (%t) (%x) %m%n"/>
     </layout>	     
   </appender>    

   <appender name="MATCHER_SYNC_LOG" class="org.apache.log4j.RollingFileAppender">
     <param name="File" value="${jboss.server.log.dir}/matcher_sync.log"/>
     <param name="Append" value="true"/>
     <param name="MaxFileSize" value="15MB"/>
     <param name="MaxBackupIndex" value="20"/>
     
     <layout class="org.apache.log4j.EnhancedPatternLayout">
       <param name="ConversionPattern" value="%d %-5p [%c{1}] (%t) (%x) %m%n%throwable{0}"/>
     </layout>	    
   </appender>
       

   <!-- ================ -->
   <!-- Limit categories -->
   <!-- ================ -->

   <!-- Limit the org.apache category to INFO as its DEBUG is verbose -->

   <category name="org.apache" additivity="false">
      <priority value="WARN"/>
	  <appender-ref ref="MATCHER_APP_LOG"/>
	  <appender-ref ref="MATCHER_ERROR_LOG"/>
   </category>
   
   <category name="com.nec.biomatcher.core" additivity="false">
      <priority value="INFO"/>
	  <appender-ref ref="MATCHER_APP_LOG"/>
	  <appender-ref ref="MATCHER_ERROR_LOG"/>
   </category>

   <category name="com.nec.biomatcher.comp" additivity="false">
      <priority value="INFO"/>
	  <appender-ref ref="MATCHER_APP_LOG"/>
	  <appender-ref ref="MATCHER_ERROR_LOG"/>
   </category>
   
   <category name="com.nec.biomatcher.matcherclient" additivity="false">
      <priority value="INFO"/>
	  <appender-ref ref="MATCHER_APP_LOG"/>
	  <appender-ref ref="MATCHER_ERROR_LOG"/>
   </category>
   
   <category name="com.nec.biomatcher.verifier" additivity="false">
      <priority value="INFO"/>
	  <appender-ref ref="MATCHER_APP_LOG"/>
	  <appender-ref ref="MATCHER_ERROR_LOG"/>
   </category>

   <category name="com.nec.biomatcher.extractor" additivity="false">
      <priority value="INFO"/>
	  <appender-ref ref="MATCHER_APP_LOG"/>
	  <appender-ref ref="MATCHER_ERROR_LOG"/>
   </category>

   <category name="com.nec.biomatcher.identifier" additivity="false">
      <priority value="INFO"/>
	  <appender-ref ref="MATCHER_APP_LOG"/>
	  <appender-ref ref="MATCHER_ERROR_LOG"/>
   </category>
   
   <category name="com.nec.biomatcher.web" additivity="false">
      <priority value="INFO"/>
	  <appender-ref ref="MATCHER_APP_LOG"/>
	  <appender-ref ref="MATCHER_ERROR_LOG"/>
   </category>

   <category name="EXTRACT_JOB_NODE_REQUEST" additivity="false">
      <priority value="INFO"/>
	  <appender-ref ref="MATCHER_PAYLOAD_LOG"/>
   </category> 

   <category name="EXTRACT_JOB_NODE_RESPONSE" additivity="false">
      <priority value="INFO"/>
	  <appender-ref ref="MATCHER_PAYLOAD_LOG"/>
   </category>    

   <category name="VERIFY_JOB_NODE_REQUEST" additivity="false">
      <priority value="INFO"/>
	  <appender-ref ref="MATCHER_PAYLOAD_LOG"/>
   </category> 

   <category name="VERIFY_JOB_NODE_RESPONSE" additivity="false">
      <priority value="INFO"/>
	  <appender-ref ref="MATCHER_PAYLOAD_LOG"/>
   </category>    

   
   <category name="SEARCH_JOB_NODE_REQUEST" additivity="false">
      <priority value="INFO"/>
	  <appender-ref ref="MATCHER_PAYLOAD_LOG"/>
   </category> 

   <category name="SEARCH_JOB_NODE_RESPONSE" additivity="false">
      <priority value="INFO"/>
	  <appender-ref ref="MATCHER_PAYLOAD_LOG"/>
   </category>    
   
   <category name="SYNC_JOB_NODE_REQUEST" additivity="false">
      <priority value="INFO"/>
	  <appender-ref ref="MATCHER_PAYLOAD_LOG"/>
   </category> 

   <category name="SYNC_JOB_NODE_RESPONSE" additivity="false">
      <priority value="INFO"/>
	  <appender-ref ref="MATCHER_PAYLOAD_LOG"/>
   </category>    
  
   <category name="MATCHER_NODE_REQUEST" additivity="false">
      <priority value="INFO"/>
	  <appender-ref ref="MATCHER_PAYLOAD_LOG"/>
   </category> 

   <category name="MATCHER_NODE_RESPONSE" additivity="false">
      <priority value="INFO"/>
	  <appender-ref ref="MATCHER_PAYLOAD_LOG"/>
   </category> 

   <category name="MATCHER_NODE_DUMP_ERROR_PAYLOAD" additivity="false">
      <priority value="INFO"/>
	  <appender-ref ref="MATCHER_PAYLOAD_LOG"/>
   </category> 
   
   <category name="VERIFY_JOB_WEBSERVICE_REQUEST" additivity="false">
      <priority value="INFO"/>
	  <appender-ref ref="MATCHER_PAYLOAD_LOG"/>
   </category> 
   <category name="VERIFY_JOB_WEBSERVICE_RESPONSE" additivity="false">
      <priority value="INFO"/>
	  <appender-ref ref="MATCHER_PAYLOAD_LOG"/>
   </category> 
   <category name="SEARCH_JOB_WEBSERVICE_REQUEST" additivity="false">
      <priority value="INFO"/>
	  <appender-ref ref="MATCHER_PAYLOAD_LOG"/>
   </category> 
   <category name="SEARCH_JOB_WEBSERVICE_RESPONSE" additivity="false">
      <priority value="INFO"/>
	  <appender-ref ref="MATCHER_PAYLOAD_LOG"/>
   </category> 
   <category name="EXTRACT_JOB_WEBSERVICE_REQUEST" additivity="false">
      <priority value="INFO"/>
	  <appender-ref ref="MATCHER_PAYLOAD_LOG"/>
   </category> 
   <category name="EXTRACT_JOB_WEBSERVICE_RESPONSE" additivity="false">
      <priority value="INFO"/>
	  <appender-ref ref="MATCHER_PAYLOAD_LOG"/>
   </category> 
   
   <category name="MATCHER_PAYLOAD_LOG" additivity="false">
      <priority value="INFO"/>
	  <appender-ref ref="MATCHER_PAYLOAD_LOG"/>
   </category> 
   
   <category name="APP_LOG" additivity="false">
      <priority value="INFO"/>
	  <appender-ref ref="MATCHER_APP_LOG"/>
	  <appender-ref ref="MATCHER_ERROR_LOG"/>
   </category>
   
   <category name="CONFIG_LOG" additivity="false">
      <priority value="DEBUG"/>
      <appender-ref ref="MATCHER_CONFIG_LOG"/>
	  <appender-ref ref="MATCHER_APP_LOG"/>
	  <appender-ref ref="MATCHER_ERROR_LOG"/>
   </category>
   
   
   <category name="STATUS_LOG" additivity="false">
      <priority value="DEBUG"/>
      <appender-ref ref="MATCHER_STATUS_LOG"/>
	  <appender-ref ref="MATCHER_APP_LOG"/>
	  <appender-ref ref="MATCHER_ERROR_LOG"/>
   </category>
        
   <category name="ERRORS" additivity="false">
      <priority value="ERROR"/>
	  <appender-ref ref="MATCHER_ERROR_LOG"/>
   </category>
 
   <category name="PFLogger" additivity="false">
	  <priority value="TRACE"/>
      <appender-ref ref="MATCHER_PERF_LOG"/>
	  <appender-ref ref="MATCHER_APP_LOG"/>
   </category>
   
   <category name="PERFORMANCE">
      <priority value="WARN"/>
	  <appender-ref ref="MATCHER_PERF_LOG"/>
	  <appender-ref ref="MATCHER_APP_LOG"/>
   </category>  
 
	
<!--

   Log4J Configuration Quick Reference:
   ====================================
   Priority order is DEBUG < INFO < WARN < ERROR < FATAL

   PatternLayout conversion characters:

    %c   Category of the logging event
    %C   Fully qualified class name of the caller
    %d   Date of the logging event  (example: %d{HH:mm:ss,SSS} )
    %F   File name where the logging request was issued (caution: extremely slow)
    %l   Location information of the caller (caution: extremely slow)
    %L   Line number from where the logging request was issued (caution: extremely slow)
    %m   Application-supplied message
    %M   Method name from where the logging request was issued (caution: extremely slow)
    %n   Line separator
    %p   Priority of the logging event
    %r   Number of milliseconds since the start of the application
    %t   Name of the thread that generated the logging event
    %x   Nested diagnotic context associated with the thread
    %%   A single percent sign

   Format modifiers examples:

    %20c     Left pad with spaces if category is less than 20 characters long
    %-20c    Right pad with spaces if category is less than 20 characters long
    %.30c    Truncate from the beginning if category is more than 30 chars long
    %20.30c  Left pad 20 chars + truncate from beginning if more than 30 chars
    %-20.30c Right pad 20 chars + truncate from beginning if more than 30 chars

   Examples:  "%r [%t] %-5p %c %x - %m\n"
              "%-6r [%15.15t] %-5p %30.30c %x - %m\n"

-->
</log4j:configuration>