<?xml version="1.0" encoding="UTF-8"?>
<metadata modelVersion="1.1.0">
  <groupId>jp.co.nec.aim.convert</groupId>
  <artifactId>class-convert</artifactId>
  <version>5.0.0-SNAPSHOT</version>
  <versioning>
    <snapshot>
      <timestamp>20150625.072217</timestamp>
      <buildNumber>141</buildNumber>
    </snapshot>
    <lastUpdated>20150625072217</lastUpdated>
    <snapshotVersions>
      <snapshotVersion>
        <extension>jar</extension>
        <value>5.0.0-20150625.072217-141</value>
        <updated>20150625072217</updated>
      </snapshotVersion>
      <snapshotVersion>
        <extension>pom</extension>
        <value>5.0.0-20150625.072217-141</value>
        <updated>20150625072217</updated>
      </snapshotVersion>
    </snapshotVersions>
  </versioning>
</metadata>
