<?xml version="1.0" encoding="UTF-8" standalone="no"?>
<!DOCTYPE hibernate-configuration PUBLIC "-//Hibernate/Hibernate Configuration DTD 3.0//EN" "http://www.hibernate.org/dtd/hibernate-configuration-3.0.dtd">
<hibernate-configuration>
    <session-factory>
        <property name="hibernate.bytecode.use_reflection_optimizer">false</property>
        <property name="hibernate.connection.driver_class">org.postgresql.Driver</property>
        <property name="hibernate.connection.password">xmuser</property>
        <property name="hibernate.connection.url">jdbc:postgresql://localhost:5432/xmdb</property>
        <property name="hibernate.connection.username">xmuser</property>
        <property name="hibernate.dialect">org.hibernate.dialect.PostgreSQLDialect</property>
        <property name="hibernate.search.autoregister_listeners">true</property>
        <property name="hibernate.validator.apply_to_ddl">false</property>
        <mapping resource="com/xia/entity/BioIdentifierDetailInfo.hbm.xml"/>
        <mapping resource="com/xia/entity/BioServerConnectionInfo.hbm.xml"/>
        <mapping resource="com/xia/entity/BioIdentifierInfo.hbm.xml"/>
        <mapping resource="com/xia/entity/BioServerGroupInfo.hbm.xml"/>
        <mapping resource="com/xia/entity/BioMatcherNodeSegmentInfo.hbm.xml"/>
        <mapping resource="com/xia/entity/BioParameterScope.hbm.xml"/>
        <mapping resource="com/xia/entity/BioServerInfo.hbm.xml"/>
        <mapping resource="com/xia/entity/BioMatcherSegmentInfo.hbm.xml"/>
        <mapping resource="com/xia/entity/BioLockInfo.hbm.xml"/>
        <mapping resource="com/xia/entity/BioEventInfo.hbm.xml"/>
        <mapping resource="com/xia/entity/BioParameters.hbm.xml"/>
        <mapping resource="com/xia/entity/BioMessageInfoLog.hbm.xml"/>
        <mapping resource="com/xia/entity/BioTemplateStorageInfo.hbm.xml"/>
        <mapping resource="com/xia/entity/BioSequences.hbm.xml"/>
        <mapping resource="com/xia/entity/BioMatcherBinInfo.hbm.xml"/>
        <mapping resource="com/xia/entity/BioRemoteSiteSyncInfo.hbm.xml"/>
        <mapping resource="com/xia/entity/BioTemplateDataInfo.hbm.xml"/>
    </session-factory>
</hibernate-configuration>
