<?xml version="1.0" encoding="UTF-8"?>
<!DOCTYPE hibernate-reverse-engineering PUBLIC "-//Hibernate/Hibernate Reverse Engineering DTD 3.0//EN" "http://hibernate.org/dtd/hibernate-reverse-engineering-3.0.dtd" >

<hibernate-reverse-engineering>
  <table-filter match-schema="public" match-name="bio_event_info"/>
  <table-filter match-schema="public" match-name="bio_identifier_detail_info"/>
  <table-filter match-schema="public" match-name="bio_identifier_info"/>
  <table-filter match-schema="public" match-name="bio_lock_info"/>
  <table-filter match-schema="public" match-name="bio_matcher_bin_info"/>
  <table-filter match-schema="public" match-name="bio_matcher_node_segment_info"/>
  <table-filter match-schema="public" match-name="bio_matcher_segment_info"/>
  <table-filter match-schema="public" match-name="bio_message_info_log"/>
  <table-filter match-schema="public" match-name="bio_parameter_scope"/>
  <table-filter match-schema="public" match-name="bio_parameters"/>
  <table-filter match-schema="public" match-name="bio_remote_site_sync_info"/>
  <table-filter match-schema="public" match-name="bio_sequences"/>
  <table-filter match-schema="public" match-name="bio_server_connection_info"/>
  <table-filter match-schema="public" match-name="bio_server_group_info"/>
  <table-filter match-schema="public" match-name="bio_server_info"/>
  <table-filter match-schema="public" match-name="bio_template_data_info"/>
  <table-filter match-schema="public" match-name="bio_template_storage_info"/>
</hibernate-reverse-engineering>