<?xml version="1.0" encoding="UTF-8"?>
<project xmlns="http://maven.apache.org/POM/4.0.0"
	xmlns:xsi="http://www.w3.org/2001/XMLSchema-instance"
	xsi:schemaLocation="http://maven.apache.org/POM/4.0.0 http://maven.apache.org/xsd/maven-4.0.0.xsd">
	<modelVersion>4.0.0</modelVersion>

	<groupId>jp.co.alsok.g6</groupId>
	<artifactId>alsok-g6-app</artifactId>
	<version>1.0.0</version>
	<packaging>war</packaging>

	<name>alsok-g6-app</name>
	<description>利用者サイト</description>

	<parent>
		<groupId>org.springframework.boot</groupId>
		<artifactId>spring-boot-starter-parent</artifactId>
		<version>2.0.2.RELEASE</version>
		<relativePath />
	</parent>

	<properties>
	     <!--<start-class>jp.co.alsok.g6.AlsokG6AppApplication</start-class> -->
		<project.build.sourceEncoding>UTF-8</project.build.sourceEncoding>
		<project.reporting.outputEncoding>UTF-8</project.reporting.outputEncoding>
		<java.version>1.8</java.version>
		<tomcat.version>9.0.8</tomcat.version>
	</properties>

	<dependencies>
	<dependency>
		<groupId>g6.common.zzw</groupId>
		<artifactId>g6.common.zzw</artifactId>
		<version>1.0.0</version>
		<scope>system</scope>
		<systemPath>${basedir}/lib/zzw.jar</systemPath>
	</dependency>
	
	<dependency>
		<groupId>jp.co.alsok.g6.zwi</groupId>
		<artifactId>common</artifactId>
		<version>1.0</version>
		<scope>system</scope>
		<systemPath>${basedir}/lib/common.jar</systemPath>
	</dependency>

		<dependency>
			<groupId>org.aspectj</groupId>
			<artifactId>aspectjweaver</artifactId>
		</dependency>
		<dependency>
			<groupId>org.attoparser</groupId>
			<artifactId>attoparser</artifactId>
			<version>2.0.4.RELEASE</version>
		</dependency>

		<dependency>
			<groupId>org.bouncycastle</groupId>
			<artifactId>bcmail-jdk14</artifactId>
			<version>1.38</version>
		</dependency>
		<dependency>
			<groupId>bouncycastle</groupId>
			<artifactId>bcmail-jdk14</artifactId>
			<version>138</version>
		</dependency>
		<dependency>
			<groupId>bouncycastle</groupId>
			<artifactId>bcprov-jdk14</artifactId>
			<version>138</version>
		</dependency>
		<dependency>
			<groupId>org.bouncycastle</groupId>
			<artifactId>bctsp-jdk14</artifactId>
			<version>1.38</version>
		</dependency>
		<dependency>
			<groupId>javax.enterprise</groupId>
			<artifactId>cdi-api</artifactId>
			<version>1.0</version>
		</dependency>
	
		<dependency>
			<groupId>com.fasterxml</groupId>
			<artifactId>classmate</artifactId>
		</dependency>
	
		<dependency>
			<groupId>commons-beanutils</groupId>
			<artifactId>commons-beanutils</artifactId>
			<version>1.9.3</version>

		</dependency>
		<dependency>
			<groupId>commons-collections</groupId>
			<artifactId>commons-collections</artifactId>
			<version>3.2.2</version>

		</dependency>
		<dependency>
			<groupId>org.apache.commons</groupId>
			<artifactId>commons-collections4</artifactId>
			<version>4.1</version>

		</dependency>
		<dependency>
			<groupId>org.codehaus.janino</groupId>
			<artifactId>commons-compiler</artifactId>
			<version>3.0.8</version>

		</dependency>
		<dependency>
			<groupId>org.apache.commons</groupId>
			<artifactId>commons-compress</artifactId>
			<version>1.18</version>
		</dependency>
		<dependency>
			<groupId>commons-dbcp</groupId>
			<artifactId>commons-dbcp</artifactId>
			<version>1.4</version>
		</dependency>
		<dependency>
			<groupId>commons-digester</groupId>
			<artifactId>commons-digester</artifactId>
			<version>2.1</version>
		</dependency>
		<dependency>
			<groupId>commons-fileupload</groupId>
			<artifactId>commons-fileupload</artifactId>
			<version>1.3.3</version>

		</dependency>
		<dependency>
			<groupId>commons-lang</groupId>
			<artifactId>commons-lang</artifactId>
			<version>2.5</version>
		</dependency>	
		<dependency>
			<groupId>org.apache.commons</groupId>
			<artifactId>commons-lang3</artifactId>
		</dependency>
		<dependency>
			<groupId>commons-logging</groupId>
			<artifactId>commons-logging</artifactId>
			<version>1.2</version>
		</dependency>
		<dependency>
			<groupId>commons-pool</groupId>
			<artifactId>commons-pool</artifactId>

		</dependency>
		<dependency>
			<groupId>dom4j</groupId>
			<artifactId>dom4j</artifactId>

		</dependency>
		<dependency>
			<groupId>net.sf.ezmorph</groupId>
			<artifactId>ezmorph</artifactId>
			<version>1.0.6</version>

		</dependency>
		<dependency>
			<groupId>org.apache.pdfbox</groupId>
			<artifactId>fontbox</artifactId>
			<version>2.0.9</version>
			<scope> provided</scope>

		</dependency>
		<dependency>
			<groupId>org.codehaus.groovy</groupId>
			<artifactId>groovy</artifactId>
		</dependency>
		<!--  
		<dependency>
			<groupId>org.hibernate.common</groupId>
			<artifactId>hibernate-commons-annotations</artifactId>
			<version>5.0.1.Final</version>

		</dependency>
		<dependency>
			<groupId>org.hibernate</groupId>
			<artifactId>hibernate-core</artifactId>
		</dependency>
		<dependency>
			<groupId>org.hibernate.javax.persistence</groupId>
			<artifactId>hibernate-jpa-2.1-api</artifactId>
			<version>1.0.0.Final</version>

		</dependency>
		<dependency>
			<groupId>org.hibernate</groupId>
			<artifactId>hibernate-validator</artifactId>
			<version>6.0.9.Final</version>
		</dependency>
		-->
		<dependency>
			<groupId>com.zaxxer</groupId>
			<artifactId>HikariCP</artifactId>
		</dependency>

		<dependency>
			<groupId>com.fasterxml.jackson.core</groupId>
			<artifactId>jackson-annotations</artifactId>

		</dependency>
		<dependency>
			<groupId>com.fasterxml.jackson.core</groupId>
			<artifactId>jackson-core</artifactId>

		</dependency>
		<dependency>
			<groupId>com.fasterxml.jackson.core</groupId>
			<artifactId>jackson-databind</artifactId>
		</dependency>
		<dependency>
			<groupId>com.fasterxml.jackson.dataformat</groupId>
			<artifactId>jackson-dataformat-csv</artifactId>

		</dependency>
		<dependency>
			<groupId>org.codehaus.janino</groupId>
			<artifactId>janino</artifactId>

		</dependency>
		<dependency>
			<groupId>net.sf.jasperreports</groupId>
			<artifactId>jasperreports</artifactId>
			<version>6.1.0</version>
		</dependency>	
		<dependency>
			<groupId>net.sf.jasperreports</groupId>
			<artifactId>jasperreports-fonts</artifactId>
			<version>6.0.0</version>

		</dependency>
		<!-- org.mozilla.intl/chardet Start -->
		<dependency>
			<groupId>jp.co.alsok.g6</groupId>
			<artifactId>chardet</artifactId>
			<version>1.0</version>
			<scope>system</scope>
			<systemPath>${basedir}/lib/chardet-1.0.jar</systemPath>
		</dependency>
		<!-- org.mozilla.intl/chardet End -->
		<dependency>
			<groupId>org.javassist</groupId>
			<artifactId>javassist</artifactId>
			<version>3.22.0-GA</version>

		</dependency>
		<dependency>
			<groupId>javax.inject</groupId>
			<artifactId>javax.inject</artifactId>
			<version>1</version>

		</dependency>
		<dependency>
			<groupId>javax.transaction</groupId>
			<artifactId>javax.transaction-api</artifactId>
		</dependency>
		<dependency>
			<groupId>net.sf.json-lib</groupId>
			<artifactId>json-lib</artifactId>
			<version>2.4</version>
			<scope>system</scope>
			<systemPath>${basedir}/lib/json-lib-2.4-jdk15.jar</systemPath>
		</dependency>

		<dependency>
			<groupId>net.arnx</groupId>
			<artifactId>jsonic</artifactId>
			<version>1.3.10</version>
			<scope>provided</scope>
		</dependency>
		<dependency>
			<groupId>javax.annotation</groupId>
			<artifactId>jsr250-api</artifactId>
			<version>1.0</version>
		</dependency>
		
		<dependency>
			<groupId>org.apache.logging.log4j</groupId>
			<artifactId>log4j-to-slf4j</artifactId>
		</dependency>
		<dependency>
			<groupId>ch.qos.logback</groupId>
			<artifactId>logback-classic</artifactId>

		</dependency>
		<dependency>
			<groupId>ch.qos.logback</groupId>
			<artifactId>logback-core</artifactId>

		</dependency>
		<dependency>
			<groupId>org.apache.maven</groupId>
			<artifactId>maven-plugin-api</artifactId>
			<version>3.3.9</version>

		</dependency>
		<dependency>
			<groupId>org.mybatis</groupId>
			<artifactId>mybatis</artifactId>
			<version>3.4.6</version>
		</dependency>
		<dependency>
			<groupId>org.mybatis.generator</groupId>
			<artifactId>mybatis-generator-core</artifactId>
			<version>1.3.5</version>

		</dependency>
		<dependency>
			<groupId>org.mybatis.generator</groupId>
			<artifactId>mybatis-generator-maven-plugin</artifactId>
			<version>1.3.5</version>

		</dependency>
		<dependency>
			<groupId>org.mybatis</groupId>
			<artifactId>mybatis-spring</artifactId>
			<version>1.3.2</version>

		</dependency>
		<dependency>
			<groupId>org.mybatis.spring.boot</groupId>
			<artifactId>mybatis-spring-boot-autoconfigure</artifactId>
			<version>1.3.2</version>

		</dependency>
		<dependency>
			<groupId>org.mybatis.spring.boot</groupId>
			<artifactId>mybatis-spring-boot-starter</artifactId>
			<version>1.3.2</version>
		</dependency>
		<dependency>
			<groupId>mysql</groupId>
			<artifactId>mysql-connector-java</artifactId>
		</dependency>

		<dependency>
			<groupId>org.eclipse.sisu</groupId>
			<artifactId>org.eclipse.sisu.inject</artifactId>
			<version>0.3.2</version>
		</dependency>

		<dependency>
			<groupId>org.eclipse.sisu</groupId>
			<artifactId>org.eclipse.sisu.plexus</artifactId>
			<version>0.3.2</version>

		</dependency>

		<dependency>
			<groupId>org.apache.pdfbox</groupId>
			<artifactId>pdfbox</artifactId>
			<version>2.0.9</version>
		</dependency>
		<dependency>
			<groupId>org.codehaus.plexus</groupId>
			<artifactId>plexus-utils</artifactId>
			<version>3.0.17</version>

		</dependency>
		<dependency>
			<groupId>javax.xml.soap</groupId>
			<artifactId>saaj-api</artifactId>
			<version>1.3.5</version>
		</dependency>
		<dependency>
			<groupId>com.sun.xml.messaging.saaj</groupId>
			<artifactId>saaj-impl</artifactId>
			<version>1.3</version>
		</dependency>
		<dependency>
			<groupId>org.slf4j</groupId>
			<artifactId>slf4j-api</artifactId>
		</dependency>
		<dependency>
			<groupId>org.springframework</groupId>
			<artifactId>spring-aop</artifactId>

		</dependency>
		<dependency>
			<groupId>org.springframework.boot</groupId>
			<artifactId>spring-boot-starter-data-jpa</artifactId>
		</dependency>

		<dependency>
			<groupId>org.springframework</groupId>
			<artifactId>spring-aspects</artifactId>

		</dependency>
		<dependency>
			<groupId>org.springframework</groupId>
			<artifactId>spring-beans</artifactId>

		</dependency>
		<dependency>
			<groupId>org.springframework.boot</groupId>
			<artifactId>spring-boot</artifactId>

		</dependency>
		<dependency>
			<groupId>org.springframework.boot</groupId>
			<artifactId>spring-boot-autoconfigure</artifactId>

		</dependency>
		<dependency>
			<groupId>org.springframework.boot</groupId>
			<artifactId>spring-boot-configuration-processor</artifactId>

		</dependency>
		<dependency>
			<groupId>org.springframework.boot</groupId>
			<artifactId>spring-boot-devtools</artifactId>

		</dependency>
		<dependency>
			<groupId>org.springframework.boot</groupId>
			<artifactId>spring-boot-starter</artifactId>

		</dependency>
		<dependency>
			<groupId>org.springframework.boot</groupId>
			<artifactId>spring-boot-starter-aop</artifactId>

		</dependency>
		<dependency>
			<groupId>org.springframework.boot</groupId>
			<artifactId>spring-boot-starter-jdbc</artifactId>
		</dependency>
		<dependency>
			<groupId>org.springframework.boot</groupId>
			<artifactId>spring-boot-starter-json</artifactId>
		</dependency>

		<dependency>
			<groupId>org.springframework.boot</groupId>
			<artifactId>spring-boot-starter-logging</artifactId>

		</dependency>
		<dependency>
			<groupId>org.springframework.boot</groupId>
			<artifactId>spring-boot-starter-thymeleaf</artifactId>
		</dependency>

		<dependency>
			<groupId>org.springframework.boot</groupId>
			<artifactId>spring-boot-starter-tomcat</artifactId>
		</dependency>
		<dependency>
			<groupId>org.springframework.boot</groupId>
			<artifactId>spring-boot-starter-validation</artifactId>

		</dependency>
		<dependency>
			<groupId>org.springframework.boot</groupId>
			<artifactId>spring-boot-starter-web</artifactId>
		</dependency>
		<dependency>
			<groupId>org.springframework</groupId>
			<artifactId>spring-context</artifactId>

		</dependency>
		<dependency>
			<groupId>org.springframework</groupId>
			<artifactId>spring-core</artifactId>
		</dependency>
		<dependency>
			<groupId>org.springframework.data</groupId>
			<artifactId>spring-data-commons</artifactId>
		</dependency>

		<dependency>
			<groupId>org.springframework.data</groupId>
			<artifactId>spring-data-jpa</artifactId>
		</dependency>

		<dependency>
			<groupId>org.springframework</groupId>
			<artifactId>spring-expression</artifactId>

		</dependency>
		<dependency>
			<groupId>org.springframework</groupId>
			<artifactId>spring-jcl</artifactId>
		</dependency>
		<dependency>
			<groupId>org.springframework</groupId>
			<artifactId>spring-jdbc</artifactId>
		</dependency>
		<dependency>
			<groupId>org.springframework</groupId>
			<artifactId>spring-orm</artifactId>
		</dependency>
	
		<dependency>
			<groupId>org.springframework</groupId>
			<artifactId>spring-tx</artifactId>
		</dependency>
		<dependency>
			<groupId>org.springframework</groupId>
			<artifactId>spring-web</artifactId>
		</dependency>
		<dependency>
			<groupId>org.springframework</groupId>
			<artifactId>spring-webmvc</artifactId>
		</dependency>
		<dependency>
			<groupId>org.thymeleaf</groupId>
			<artifactId>thymeleaf</artifactId>
		</dependency>
		<dependency>
			<groupId>nz.net.ultraq.thymeleaf</groupId>
			<artifactId>thymeleaf-expression-processor</artifactId>
			<version>1.1.3</version>
		</dependency>
		<dependency>
			<groupId>org.thymeleaf.extras</groupId>
			<artifactId>thymeleaf-extras-java8time</artifactId>
		</dependency>
		<dependency>
			<groupId>nz.net.ultraq.thymeleaf</groupId>
			<artifactId>thymeleaf-layout-dialect</artifactId>
		</dependency>

		<dependency>
			<groupId>org.thymeleaf</groupId>
			<artifactId>thymeleaf-spring5</artifactId>
		</dependency>
		<dependency>
			<groupId>org.apache.tomcat.embed</groupId>
			<artifactId>tomcat-embed-core</artifactId>
		</dependency>
		<dependency>
			<groupId>org.apache.tomcat.embed</groupId>
			<artifactId>tomcat-embed-el</artifactId>
		</dependency>
		<dependency>
			<groupId>org.unbescape</groupId>
			<artifactId>unbescape</artifactId>
			<version>1.1.5.RELEASE</version>

		</dependency>
		<dependency>
			<groupId>javax.validation</groupId>
			<artifactId>validation-api</artifactId>
		</dependency>
	</dependencies>

	<build>
		<plugins>
			<plugin>
				<groupId>org.mybatis.generator</groupId>
				<artifactId>mybatis-generator-maven-plugin</artifactId>
				<version>1.3.0</version>
			</plugin>
			<plugin>
				<groupId>org.springframework.boot</groupId>
				<artifactId>spring-boot-maven-plugin</artifactId>
				<configuration>
					<includeSystemScope>true</includeSystemScope>
				</configuration>
			</plugin>

			<plugin>
				<groupId>org.apache.maven.plugins</groupId>
				<artifactId>maven-war-plugin</artifactId>
				<configuration>
					<warName>${project.artifactId}</warName>
					<webResources>
						<resource>
							<directory>lib/</directory>
							<targetPath>WEB-INF/classes</targetPath>
							<includes>
								<include>**/*.jar</include>
							</includes>
						</resource>	
					</webResources>
				</configuration>
			</plugin>
		</plugins>
	</build>

	<repositories>
		<repository>
			<id>spring-snapshots</id>
			<name>Spring Snapshots</name>
			<url>https://repo.spring.io/snapshot</url>
			<snapshots>
				<enabled>true</enabled>
			</snapshots>
		</repository>
		<repository>
			<id>spring-milestones</id>
			<name>Spring Milestones</name>
			<url>https://repo.spring.io/milestone</url>
			<snapshots>
				<enabled>false</enabled>
			</snapshots>
		</repository>
	</repositories>

	<pluginRepositories>
		<pluginRepository>
			<id>spring-snapshots</id>
			<name>Spring Snapshots</name>
			<url>https://repo.spring.io/snapshot</url>
			<snapshots>
				<enabled>true</enabled>
			</snapshots>
		</pluginRepository>
		<pluginRepository>
			<id>spring-milestones</id>
			<name>Spring Milestones</name>
			<url>https://repo.spring.io/milestone</url>
			<snapshots>
				<enabled>false</enabled>
			</snapshots>
		</pluginRepository>
	</pluginRepositories>


</project>
