<project xmlns="http://maven.apache.org/POM/4.0.0"
	xmlns:xsi="http://www.w3.org/2001/XMLSchema-instance"
	xsi:schemaLocation="http://maven.apache.org/POM/4.0.0 http://maven.apache.org/xsd/maven-4.0.0.xsd">
	<modelVersion>4.0.0</modelVersion>
	<groupId>jp.co.alsok.g6</groupId>
	<artifactId>zzw</artifactId>
	<version>1.0.0</version>
	<properties>
		<project.build.sourceEncoding>UTF-8</project.build.sourceEncoding>
		<maven.compiler.source>1.8</maven.compiler.source>
		<maven.compiler.target>1.8</maven.compiler.target>
	</properties>

	<parent>
		<groupId>org.springframework.boot</groupId>
		<artifactId>spring-boot-starter-parent</artifactId>
		<version>2.0.2.RELEASE</version>
	</parent>

	<dependencies>
		<dependency>
			<groupId>g6.common</groupId>
			<artifactId>g6.common</artifactId>
			<version>1.0</version>
			<scope>compile</scope>
		</dependency>

		<dependency>
			<groupId>org.springframework.boot</groupId>
			<artifactId>spring-boot-starter-web</artifactId>
		</dependency>

		<dependency>
			<groupId>org.springframework.boot</groupId>
			<artifactId>spring-boot-starter-aop</artifactId>
		</dependency>

		<dependency>
			<groupId>org.springframework.boot</groupId>
			<artifactId>spring-boot-starter-jdbc</artifactId>
		</dependency>

		<!-- https://mvnrepository.com/artifact/org.springframework/spring-tx -->
		<dependency>
			<groupId>org.springframework</groupId>
			<artifactId>spring-tx</artifactId>
		</dependency>

		<!-- https://mvnrepository.com/artifact/org.springframework/spring-core -->
		<dependency>
			<groupId>org.springframework</groupId>
			<artifactId>spring-core</artifactId>
		</dependency>

		<!-- https://mvnrepository.com/artifact/org.springframework/spring-beans -->
		<dependency>
			<groupId>org.springframework</groupId>
			<artifactId>spring-beans</artifactId>
		</dependency>

		<!-- https://mvnrepository.com/artifact/org.springframework/spring-context -->
		<dependency>
			<groupId>org.springframework</groupId>
			<artifactId>spring-context</artifactId>
		</dependency>

		<!-- https://mvnrepository.com/artifact/org.springframework.data/spring-data-commons -->
		<dependency>
			<groupId>org.springframework.data</groupId>
			<artifactId>spring-data-commons</artifactId>
		</dependency>

		<!-- https://mvnrepository.com/artifact/org.springframework/spring-web -->
		<dependency>
			<groupId>org.springframework</groupId>
			<artifactId>spring-web</artifactId>
		</dependency>

		<!-- https://mvnrepository.com/artifact/org.thymeleaf/thymeleaf -->
		<dependency>
			<groupId>org.thymeleaf</groupId>
			<artifactId>thymeleaf</artifactId>
		</dependency>

		<!-- https://mvnrepository.com/artifact/org.mybatis/mybatis -->
		<dependency>
			<groupId>org.mybatis</groupId>
			<artifactId>mybatis</artifactId>
			<version>3.4.6</version>
		</dependency>

		<dependency>
			<groupId>pdfbox2</groupId>
			<artifactId>pdfbox2</artifactId>
			<version>2.0.9</version>
			<scope>compile</scope>
		</dependency>

		<dependency>
			<groupId>fontbox</groupId>
			<artifactId>fontbox</artifactId>
			<version>2.0.9</version>
			<scope>compile</scope>
		</dependency>

		<!-- https://mvnrepository.com/artifact/commons-logging/commons-logging -->
		<dependency>
			<groupId>commons-logging</groupId>
			<artifactId>commons-logging</artifactId>
			<version>1.2</version>
		</dependency>

		<dependency>
			<groupId>net.arnx</groupId>
			<artifactId>jsonic</artifactId>
			<version>1.3.10</version>
		</dependency>

		<!-- <dependency> <groupId>jsonic</groupId> <artifactId>jsonic</artifactId> 
			<version>1.3.10</version> <scope>compile</scope> </dependency> -->

		<!-- https://mvnrepository.com/artifact/commons-dbcp/commons-dbcp -->
		<dependency>
			<groupId>commons-dbcp</groupId>
			<artifactId>commons-dbcp</artifactId>
			<version>1.4</version>
		</dependency>

		<!-- Test -->
		<dependency>
			<groupId>org.springframework.boot</groupId>
			<artifactId>spring-boot-starter-test</artifactId>
			<scope>test</scope>
		</dependency>
	</dependencies>

	<build>
		<finalName>zzw</finalName>
		<plugins>		
			<plugin>
				<groupId>org.springframework.boot</groupId>
				<artifactId>spring-boot-maven-plugin</artifactId>	
				<executions>
					<execution>
						<goals>
							<goal>repackage</goal>
						</goals>
					</execution>
				</executions>
			</plugin>			
			<plugin>
				<groupId>org.apache.maven.plugins</groupId>
				<artifactId>maven-dependency-plugin</artifactId>
				<executions>
					<execution>
						<id>copy</id>
						<phase>package</phase>
						<goals>
							<goal>copy-dependencies</goal>
						</goals>
						<configuration>
							<type>jar</type>
							<includeTypes>jar</includeTypes>
							<includeScope>runtime</includeScope>
							<outputDirectory>${project.build.directory}/lib</outputDirectory>
						</configuration>
					</execution>
				</executions>
			</plugin>
		</plugins>
	</build>

</project>