<project xmlns="http://maven.apache.org/POM/4.0.0"
	xmlns:xsi="http://www.w3.org/2001/XMLSchema-instance"
	xsi:schemaLocation="http://maven.apache.org/POM/4.0.0 http://maven.apache.org/xsd/maven-4.0.0.xsd">
	<modelVersion>4.0.0</modelVersion>
	<groupId>g6.common.zzw</groupId>
	<artifactId>g6.common.zzw</artifactId>
	<version>1.0.0</version>
	<properties>
		<project.build.sourceEncoding>UTF-8</project.build.sourceEncoding>
		<maven.compiler.source>1.8</maven.compiler.source>
		<maven.compiler.target>1.8</maven.compiler.target>
	</properties>

	<parent>
		<groupId>org.springframework.boot</groupId>
		<artifactId>spring-boot-starter-parent</artifactId>
		<version>2.0.2.RELEASE</version>
	</parent>


	<dependencies>
		<dependency>
			<groupId>g6.common</groupId>
			<artifactId>g6.common</artifactId>
			<version>1.0</version>
			<scope>system</scope>
			<systemPath>${basedir}/lib/common.jar</systemPath>
		</dependency>

		<dependency>
			<groupId>org.springframework.boot</groupId>
			<artifactId>spring-boot-starter-web</artifactId>
			<version>2.0.2.RELEASE</version>
		</dependency>

		<dependency>
			<groupId>org.springframework.boot</groupId>
			<artifactId>spring-boot-starter-aop</artifactId>
			<version>2.0.2.RELEASE</version>
		</dependency>

		<dependency>
			<groupId>org.springframework.boot</groupId>
			<artifactId>spring-boot-starter-jdbc</artifactId>
			<version>2.0.2.RELEASE</version>
		</dependency>

		<!-- https://mvnrepository.com/artifact/org.springframework/spring-tx -->
		<dependency>
			<groupId>org.springframework</groupId>
			<artifactId>spring-tx</artifactId>
			<version>5.0.6.RELEASE</version>
		</dependency>

		<!-- https://mvnrepository.com/artifact/org.springframework/spring-core -->
		<dependency>
			<groupId>org.springframework</groupId>
			<artifactId>spring-core</artifactId>
			<version>5.0.6.RELEASE</version>
		</dependency>

		<!-- https://mvnrepository.com/artifact/org.springframework/spring-beans -->
		<dependency>
			<groupId>org.springframework</groupId>
			<artifactId>spring-beans</artifactId>
			<version>5.0.6.RELEASE</version>
		</dependency>

		<!-- https://mvnrepository.com/artifact/org.springframework/spring-context -->
		<dependency>
			<groupId>org.springframework</groupId>
			<artifactId>spring-context</artifactId>
			<version>5.0.6.RELEASE</version>
		</dependency>

		<!-- https://mvnrepository.com/artifact/org.springframework.data/spring-data-commons -->
		<dependency>
			<groupId>org.springframework.data</groupId>
			<artifactId>spring-data-commons</artifactId>
			<version>2.0.7.RELEASE</version>
		</dependency>

		<!-- https://mvnrepository.com/artifact/org.springframework/spring-web -->
		<dependency>
			<groupId>org.springframework</groupId>
			<artifactId>spring-web</artifactId>
			<version>5.0.6.RELEASE</version>
		</dependency>

		<!-- https://mvnrepository.com/artifact/org.thymeleaf/thymeleaf -->
		<dependency>
			<groupId>org.thymeleaf</groupId>
			<artifactId>thymeleaf</artifactId>
			<version>3.0.9.RELEASE</version>
		</dependency>

		<!-- https://mvnrepository.com/artifact/org.mybatis/mybatis -->
		<dependency>
			<groupId>org.mybatis</groupId>
			<artifactId>mybatis</artifactId>
			<version>3.4.6</version>
		</dependency>

		<dependency>
			<groupId>pdfbox2</groupId>
			<artifactId>pdfbox2</artifactId>
			<version>2.0.9</version>
			<scope>system</scope>
			<systemPath>${basedir}/lib/pdfbox-2.0.9.jar</systemPath>
		</dependency>

		<dependency>
			<groupId>fontbox</groupId>
			<artifactId>fontbox</artifactId>
			<version>2.0.9</version>
			<scope>system</scope>
			<systemPath>${basedir}/lib/fontbox-2.0.9.jar</systemPath>
		</dependency>

		<!-- https://mvnrepository.com/artifact/commons-logging/commons-logging -->
		<dependency>
			<groupId>commons-logging</groupId>
			<artifactId>commons-logging</artifactId>
			<version>1.2</version>
		</dependency>

		<dependency>
			<groupId>jsonic</groupId>
			<artifactId>jsonic</artifactId>
			<version>1.3.10</version>
			<scope>system</scope>
			<systemPath>${basedir}/lib/jsonic-1.3.10.jar</systemPath>
		</dependency>

		<!-- https://mvnrepository.com/artifact/commons-dbcp/commons-dbcp -->
		<dependency>
			<groupId>commons-dbcp</groupId>
			<artifactId>commons-dbcp</artifactId>
			<version>1.4</version>
		</dependency>

		<!-- Test -->
		<dependency>
			<groupId>org.springframework.boot</groupId>
			<artifactId>spring-boot-starter-test</artifactId>
			<version>2.0.2.RELEASE</version>
			<scope>test</scope>
		</dependency>
	</dependencies>

	<build>
		<!-- Jarファイル名の指定 -->
		<finalName>zzw</finalName>

		<!-- ============================================================================== -->
		<!-- 基本的にJarの作成はEclipseのExport機能で行います。 -->
		<!-- mavenで作成するJarにはMyBatisのSQLMapperが出力されません。 -->
		<!-- ※厳密にはSQLMapperの配置場所をmaven所定のResoures配下に移動したらmaven build -->
		<!-- ※でもSQLMapperがJarに出力されると予想されるが、今度はExportで出力されなくなる -->
		<!-- ※と思われる。 -->
		<!-- ============================================================================== -->

		<plugins>
		
			<!-- 作成するJarに依存関係のあるjarを含める際にlocal参照のjarも含めるプラグイン -->
			<!-- 下記FatJarのプラグインを有効にする際にはセットで有効にすること -->
			<!-- <plugin> <groupId>org.apache.maven.plugins</groupId> <artifactId>maven-dependency-plugin</artifactId> 
				<executions> <execution> <id>copy</id> <phase>prepare-package</phase> <goals> 
				<goal>copy-dependencies</goal> </goals> <configuration> <outputDirectory> 
				${project.build.directory}/${project.build.finalName}/WEB-INF/lib </outputDirectory> 
				<excludeArtifactIds></excludeArtifactIds> </configuration> </execution> </executions> 
				</plugin> -->

			<!-- FatJar 作成プラグイン -->
			<!-- 依存関係jarを展開してclassファイルとして作成するjarに統合します -->
			<!-- <plugin> <artifactId>maven-assembly-plugin</artifactId> <version>3.1.0</version> 
				<executions> <execution> <id>make-assembly</id> <phase>package</phase> <goals> 
				<goal>single</goal> </goals> </execution> </executions> <configuration> <descriptorRefs> 
				<descriptorRef>jar-with-dependencies</descriptorRef> </descriptorRefs> </configuration> 
				</plugin> -->
				
		</plugins>
		<!--  
			<resources>
				<resource>
					<directory>/lib</directory>
					<targetPath>BOOT-INF/lib/</targetPath>
					<includes>
						<include>**/*.jar</include>
					</includes>
				</resource>
				<resource>
					<directory>src/main/resources</directory>
					<targetPath>BOOT-INF/classes/</targetPath>
				</resource>
			</resources>
			-->	
	</build>

</project>