<?xml version="1.0" encoding="UTF-8"?>
<beans xmlns="http://www.springframework.org/schema/beans"
	xmlns:xsi="http://www.w3.org/2001/XMLSchema-instance" xmlns:aop="http://www.springframework.org/schema/aop"
	xmlns:tx="http://www.springframework.org/schema/tx" xmlns:jee="http://www.springframework.org/schema/jee"
	xmlns:context="http://www.springframework.org/schema/context"
	xmlns:jms="http://www.springframework.org/schema/jms" xmlns:amq="http://activemq.apache.org/schema/core"
	xmlns:util="http://www.springframework.org/schema/util"
	xsi:schemaLocation="
    	http://www.springframework.org/schema/beans		http://www.springframework.org/schema/beans/spring-beans-3.0.xsd
		http://www.springframework.org/schema/aop		http://www.springframework.org/schema/aop/spring-aop-3.0.xsd
		http://www.springframework.org/schema/tx	    http://www.springframework.org/schema/tx/spring-tx-3.0.xsd	
		http://www.springframework.org/schema/jee       http://www.springframework.org/schema/jee/spring-jee-3.0.xsd
		http://www.springframework.org/schema/context	http://www.springframework.org/schema/context/spring-context-3.0.xsd
		http://www.springframework.org/schema/jms       http://www.springframework.org/schema/jms/spring-jms.xsd
        http://www.springframework.org/schema/util      http://www.springframework.org/schema/util/spring-util-3.0.xsd
        http://activemq.apache.org/schema/core          http://activemq.apache.org/schema/core/activemq-core.xsd">

	<bean id="dataSource" class="org.springframework.jndi.JndiObjectFactoryBean">
		<property name="jndiName">
			<value>java:jboss/OracleDS</value>
		</property>
	</bean>

	<bean id="transactionManager"
		class="org.springframework.jdbc.datasource.DataSourceTransactionManager">
		<property name="dataSource" ref="dataSource" />
	</bean>

	<bean id="jdbcTemplate" class="org.springframework.jdbc.core.JdbcTemplate">
		<property name="dataSource" ref="dataSource" />
	</bean>
	
	<bean id="segmentFileNoOp" class="jp.co.nec.aim.dm.persistence.SegmentFileNoOp" scope="prototype"/>
	<bean id="segmentFileCompactor" class="jp.co.nec.aim.dm.persistence.SegmentFileCompactor" scope="prototype"/>
	
	<bean id="segmentFileCreator" class="jp.co.nec.aim.dm.persistence.SegmentFileCreator" scope="prototype"/>
	<bean id="segmentFileReCreator" class="jp.co.nec.aim.dm.persistence.SegmentFileReCreator" scope="prototype"/>
	<bean id="segmentFileDeleter" class="jp.co.nec.aim.dm.persistence.SegmentFileDeleter" scope="prototype"/>
	<bean id="segmentFileUpdater" class="jp.co.nec.aim.dm.persistence.SegmentFileUpdater" scope="prototype" />
	

	<!-- @Transactional:Transaction begins qutomatically -->
	<tx:annotation-driven transaction-manager="transactionManager" />

</beans>