<ns2:verifyResponse xmlns:ns2="http://webservices.biomatcher.nec.com/">
  <return>
    <jobId>JOB-VC001-7-78</jobId>
    <candidateResultList>
      <candidateId>TF_NIST27_1_RAW_EXT_ID_0</candidateId>
      <!-- final score -->
      <fusionScore>65534.0</fusionScore>
      
      <modalScoreList>
        <!-- final score -->
        <compositeScore>65534.0</compositeScore>
        <modal>FINGER</modal>
        
        <!-- 指ごとの点数が1以上を全て挙げる。  -->
        <rawScoreList>
          <!-- 指ごとの点数を入れる -->
          <score>32767</score>
          <algorithmType>FINGER_CML</algorithmType>
          
          <!-- probe の指位置。 -->
          <probePosition>ROLL_RTHUMB</probePosition>
          
          <!-- target の指位置。 -->
          <position>ROLL_RTHUMB</position>
          
          <!-- チャーティング情報の出力対象となるCMLテンプレート内特徴点データの位置情報。 -->
          <!-- 最も raw score が高い MinutiaDataIndex の組み合わせのみが出力対象。 -->
          <!-- 最も raw score が高い MinutiaDataIndex の組み合わせが複数ある場合は、一番最後に見つけた組み合わせを使う。 -->
          <!-- OutputChartsEnabled="false" であれば出力しない。 -->
          <probeMinutiaDataIndex>1</probeMinutiaDataIndex>
          <targetMinutiaDataIndex>1</targetMinutiaDataIndex>
          
          <quality>0</quality>
          
          <!-- チャーティング情報。 -->
          <!-- 最も raw score が高い MinutiaDataIndex の組み合わせのみが出力対象。 -->
          <!-- 最も raw score が高い MinutiaDataIndex の組み合わせが複数ある場合は、一番最後に見つけた組み合わせを使う。 -->
          <!-- OutputChartsEnabled="false" であれば出力しない。 -->
          <minutiaPairList probeMinutiaNumber="5" targetMinutiaNumber="5" similitude="288" />
          <minutiaPairList probeMinutiaNumber="19" targetMinutiaNumber="19" similitude="288" />
          
          <!-- minutiaPairListの残りは省略 -->
        </rawScoreList>
        
        <!-- 指ごとの点数が1以上を全て挙げる。  -->
        <rawScoreList>
          <!-- 指ごとの点数を入れる -->
          <score>32767</score>
          <algorithmType>FINGER_CML</algorithmType>
          
          <!-- probe の指位置。 -->
          <probePosition>ROLL_LTHUMB</probePosition>
          
          <!-- target の指位置。 -->
          <position>ROLL_LTHUMB</position>
          
          <!-- チャーティング情報の出力対象となるCMLテンプレート内特徴点データの位置情報。 -->
          <!-- 最も raw score が高い MinutiaDataIndex の組み合わせのみが出力対象。 -->
          <!-- 最も raw score が高い MinutiaDataIndex の組み合わせが複数ある場合は、一番最後に見つけた組み合わせを使う。 -->
          <!-- OutputChartsEnabled="false" であれば出力しない。 -->
          <probeMinutiaDataIndex>0</probeMinutiaDataIndex>
          <targetMinutiaDataIndex>0</targetMinutiaDataIndex>
          
          <quality>0</quality>
          
          <!-- チャーティング情報。 -->
          <!-- 最も raw score が高い MinutiaDataIndex の組み合わせのみが出力対象。 -->
          <!-- 最も raw score が高い MinutiaDataIndex の組み合わせが複数ある場合は、一番最後に見つけた組み合わせを使う。 -->
          <!-- OutputChartsEnabled="false" であれば出力しない。 -->
          <minutiaPairList probeMinutiaNumber="5" targetMinutiaNumber="5" similitude="288" />
          <minutiaPairList probeMinutiaNumber="19" targetMinutiaNumber="19" similitude="288" />
          
          <!-- minutiaPairListの残りは省略 -->
        </rawScoreList>
      
      </modalScoreList>
      
      <!-- modalScoreListの残りは省略 -->
      
      <success>false</success>
    </candidateResultList>
    
    <probeInfoList>
      <algorithmType>FINGER_CML</algorithmType>
      <position>UNKNOWN</position>
      <quality>0</quality>
    </probeInfoList>
  </return>
</ns2:verifyResponse>

