<?xml version="1.0" encoding="UTF-8" ?>
<!DOCTYPE log4j:configuration SYSTEM "log4j.dtd">
<log4j:configuration xmlns:log4j="http://jakarta.apache.org/log4j/" >

  <appender name="file" class="org.apache.log4j.FileAppender">
     <param name="File" value="matcher.log" />
     <param name="Append" value="true" />
     <param name="Encoding" value="UTF8" />
     <param name="threshold" value="trace" />
     <layout class="org.apache.log4j.PatternLayout">
        <param name="ConversionPattern" value="%d{yyyy-MM-dd HH:mm:ss},%5p,%c{1},%t,%m%n" />
     </layout>
  </appender>

  <appender name="performance" class="org.apache.log4j.FileAppender">
     <param name="File" value="performance.csv" />
     <param name="Append" value="true" />
     <param name="Encoding" value="UTF8" />
     <param name="threshold" value="trace" />
     <layout class="org.apache.log4j.PatternLayout">
        <param name="ConversionPattern" value="%d{yyyy-MM-dd HH:mm:ss},%t,%m%n" />
     </layout>
  </appender>

  <appender name="stopwatch" class="org.apache.log4j.FileAppender">
     <param name="File" value="stopwatch.csv" />
     <param name="Append" value="true" />
     <param name="Encoding" value="UTF8" />
     <param name="threshold" value="debug" />
     <layout class="org.apache.log4j.PatternLayout">
        <param name="ConversionPattern" value="%d{yyyy-MM-dd HH:mm:ss},%t,%m%n" />
     </layout>
  </appender>

  <appender name="frr" class="org.apache.log4j.FileAppender">
     <param name="File" value="frr.csv" />
     <param name="Append" value="true" />
     <param name="Encoding" value="UTF8" />
     <param name="threshold" value="warn" />
     <layout class="org.apache.log4j.PatternLayout">
        <param name="ConversionPattern" value="%d{yyyy-MM-dd HH:mm:ss},%m%n" />
     </layout>
  </appender>

  <root>
    <appender-ref ref="file" level="info"/>
    
<!--     <appender-ref ref="performance"/>
    <appender-ref ref="stopwatch"/>
    <appender-ref ref="frr"/>
 -->    
  </root>
</log4j:configuration>