<?xml version="1.0" encoding="UTF-8"?>
<!DOCTYPE module PUBLIC "-//Puppy Crawl//DTD Check Configuration 1.3//EN" "http://www.puppycrawl.com/dtds/configuration_1_3.dtd">

<!-- This configuration file was written by the eclipse-cs plugin configuration 
	editor -->
<!-- Checkstyle-Configuration: vrms-checks Description: none -->
<module name="Checker">
	<property name="severity" value="warning" />
	<property name="charset" value="UTF-8" />
	<module name="TreeWalker">
		<property name="tabWidth" value="4" />
		<module name="AvoidStarImport" />
		<module name="IllegalImport" />
		<module name="RedundantImport" />
		<module name="UnusedImports" />
		<module name="ParameterNumber" />
		<module name="ModifierOrder" />
		<module name="RedundantModifier" />
		<module name="EmptyBlock" />
		<module name="AvoidNestedBlocks" />
		<module name="NeedBraces" />
		<module name="LeftCurly" />
		<module name="RightCurly" />
		<module name="OperatorWrap" />
		<module name="UnnecessaryParentheses" />
		<module name="Indentation">
			<property name="caseIndent" value="0" />
		</module>
		<module name="MethodParamPad" />
		<module name="TypecastParenPad" />
		<module name="GenericWhitespace" />
		<module name="JavadocType" />
		<module name="JavadocMethod">
			<property name="scope" value="package" />
		</module>
		<module name="JavadocVariable">
			<property name="scope" value="package" />
		</module>
		<module name="JavadocStyle">
			<property name="checkFirstSentence" value="false" />
		</module>
		<module name="CovariantEquals" />
		<module name="DeclarationOrder" />
		<module name="DefaultComesLast" />
		<module name="DoubleCheckedLocking" />
		<module name="EmptyStatement" />
		<module name="EqualsHashCode" />
		<module name="ExplicitInitialization" />
		<module name="FallThrough" />
		<module name="MissingSwitchDefault" />
		<!-- <module name="ParameterAssignment"/> -->
		<module name="IllegalCatch" />
		<module name="IllegalInstantiation">
			<property name="classes" value="java.lang.Boolean" />
		</module>
		<module name="InnerAssignment" />
		<module name="MultipleVariableDeclarations" />
		<module name="NestedTryDepth" />
		<module name="SimplifyBooleanExpression" />
		<module name="EqualsAvoidNull" />
		<module name="SimplifyBooleanReturn" />
		<module name="StringLiteralEquality" />
		<module name="SuperClone" />
		<module name="SuperFinalize" />
		<module name="ArrayTypeStyle" />
		<module name="UncommentedMain" />
		<module name="ModifiedControlVariable" />
		<module name="UpperEll" />
		<module name="FinalClass" />
		<module name="HideUtilityClassConstructor" />
		<module name="InterfaceIsType" />
		<module name="MutableException" />
		<module name="VisibilityModifier">
			<property name="protectedAllowed" value="true" />
		</module>
		<!-- <module name="BooleanExpressionComplexity"/> -->
		<module name="MagicNumber" />
		<module name="RedundantThrows" />
		<module name="IllegalThrows" />
		<module name="IllegalType" />
		<module name="AnnotationUseStyle">
			<property name="elementStyle" value="ignore" />
		</module>
		<module name="MissingDeprecated" />
		<module name="MissingOverride" />
		<module name="MissingCtor">
			<property name="severity" value="ignore" />
			<metadata name="net.sf.eclipsecs.core.lastEnabledSeverity"
				value="inherit" />
		</module>
	</module>
	<module name="FileTabCharacter" />
	<module name="NewlineAtEndOfFile" />
</module>
