<?xml version="1.0" encoding="UTF-8"?>
<metadata modelVersion="1.1.0">
  <groupId>jp.co.nec.aim.jaxb</groupId>
  <artifactId>jaxb</artifactId>
  <version>5.0.0-SNAPSHOT</version>
  <versioning>
    <snapshot>
      <timestamp>20150917.104538</timestamp>
      <buildNumber>62</buildNumber>
    </snapshot>
    <lastUpdated>20150917104538</lastUpdated>
    <snapshotVersions>
      <snapshotVersion>
        <extension>jar</extension>
        <value>5.0.0-20150917.104538-62</value>
        <updated>20150917104538</updated>
      </snapshotVersion>
      <snapshotVersion>
        <extension>pom</extension>
        <value>5.0.0-20150917.104538-62</value>
        <updated>20150917104538</updated>
      </snapshotVersion>
      <snapshotVersion>
        <classifier>sources</classifier>
        <extension>jar</extension>
        <value>5.0.0-20150917.104538-62</value>
        <updated>20150917104538</updated>
      </snapshotVersion>
    </snapshotVersions>
  </versioning>
</metadata>
