<?xml version="1.0" encoding="UTF-8"?>
<!DOCTYPE properties SYSTEM "http://java.sun.com/dtd/properties.dtd">
<properties>
  <comment>G6DB接続設定情報プロパティ</comment>

  <!--接続先DBタイプ-->
  <!-- 1 : oracle 2 : mysql -->
  <entry key="DB_TYPE">2</entry>

  <!--DB接続用ドライバクラス-->
  <entry key="DRIVER_CLASS_NAME">com.mysql.jdbc.Driver</entry>

  <!-- ENVIRONMENT_TYPE -->
  <!-- 1 : Web-AP develop -->
  <!-- 2 : Web-AP release -->
  <!-- 3 : LocalAP(ex.batch) -->
  <entry key="ENVIRONMENT_TYPE">3</entry>

  <!--コンテキスト-->
  <entry key="CONTEXT">jdbc/alsok</entry>

  <!-- DBサーバ接続情報 -->
  <!-- 評価環境（東） -->
  <entry key="SERVER">172.30.55.103</entry>
  <entry key="PORT">3306</entry>

  <!-- 以下（DB_NAME、USER、PASSWORD）は共通 -->
  <entry key="DB_NAME">alsokdb</entry>
  <entry key="USER">alsokdb</entry>
  <entry key="PASSWORD">alsokdb00</entry>

  <!-- DB接続エラー時リトライ対象エラーメッセージ-->
  <!-- <entry key="RETRY_TARGET_ERROR_MSG">1040</entry> -->
  <!-- <entry key="MAX_CONNECT_RETRY_COUNT">-1</entry> -->
  <!-- <entry key="CONNECT_RETRY_INTERVAL">1000</entry> -->
  <!-- DB操作エラー時リトライ対象エラーメッセージ-->
  <!-- <entry key="EXECUTE_RETRY_TARGET_ERROR_MSG">1205,1213,2013</entry> -->
</properties>
