<?xml version="1.0" encoding="UTF-8" ?>
<!DOCTYPE generatorConfiguration PUBLIC "-//mybatis.org//DTD MyBatis Generator Configuration 1.0//EN" "http://mybatis.org/dtd/mybatis-generator-config_1_0.dtd">

<generatorConfiguration>
  <classPathEntry  location="E:\97_dev\97_mavenWar\Repository\mysql\mysql-connector-java\5.1.20\mysql-connector-java-5.1.20.jar"/>
  <context id="g6MySQLTables" targetRuntime="MyBatis3">

    <!-- pojoを生成する，implements Serializable-->
    <plugin type="org.mybatis.generator.plugins.SerializablePlugin"></plugin>
    <plugin type="org.mybatis.generator.plugins.RowBoundsPlugin"></plugin>
    <plugin type="org.mybatis.generator.plugins.CaseInsensitiveLikePlugin"></plugin>
    <!-- コメントを作成する -->
    <commentGenerator type= "jp.co.alsok.g6.zwu.entity.MyCommentGenerator">
      <property name="javaFileEncoding" value="UTF-8" />
      <property name="suppressAllComments" value="false"/><!-- コメントを生成する -->
      <property name="suppressDate" value="true" /> <!-- 時間を生成する-->
    </commentGenerator>

    <!-- スキーマ情報を取得する DB への接続設定 -->
    <jdbcConnection driverClass="com.mysql.jdbc.Driver"
                    connectionURL="jdbc:mysql://192.170.16.201:3306/g6db?useSSL=false"
                    userId="alsokszwu"
                    password="alsokszwu">
    </jdbcConnection>
    <javaTypeResolver>
      <property name="forceBigDecimals" value="false" />
    </javaTypeResolver>
    <!-- SELECT 結果等を格納するドメインモデルを生成する設定 -->
    <javaModelGenerator targetPackage="jp.co.alsok.g6.db.entity.g6" targetProject="alsok-g6-app">
      <property name="enableSubPackages" value="true" />
      <property name="trimStrings" value="true" />
    </javaModelGenerator>

    <!-- SQL 設定が記述された XML を生成する設定 -->
    <sqlMapGenerator targetPackage="jp.co.alsok.g6.db.mapper.g6" targetProject="alsok-g6-app">
      <property name="enableSubPackages" value="true" />
    </sqlMapGenerator>

    <!-- マッパークラスを生成する設定 -->
    <javaClientGenerator type="ANNOTATEDMAPPER" targetPackage="jp.co.alsok.g6.db.mapper.g6" targetProject="alsok-g6-app">
      <property name="enableSubPackages" value="true" />
    </javaClientGenerator>

    <!-- コードを生成するテーブルを指定 -->
    <table tableName="%">
      <property name="useActualColumnNames" value="true" />
    </table>

  </context>

  <context id="commonMySQLTables" targetRuntime="MyBatis3">

    <!-- pojoを生成する，implements Serializable-->
    <plugin type="org.mybatis.generator.plugins.SerializablePlugin"></plugin>
    <plugin type="org.mybatis.generator.plugins.RowBoundsPlugin"></plugin>
    <plugin type="org.mybatis.generator.plugins.CaseInsensitiveLikePlugin"></plugin>
    <!-- コメントを作成する -->
    <commentGenerator type= "jp.co.alsok.g6.zwu.entity.MyCommentGenerator">
      <property name="javaFileEncoding" value="UTF-8" />
      <property name="suppressAllComments" value="false"/><!-- コメントを生成する -->
      <property name="suppressDate" value="true" /> <!-- 時間を生成する-->
    </commentGenerator>

    <!-- スキーマ情報を取得する DB への接続設定 -->
    <jdbcConnection driverClass="com.mysql.jdbc.Driver"
                    connectionURL="jdbc:mysql://192.170.16.201:3618/commondb?useSSL=false"
                    userId="alsokszwu"
                    password="alsokszwu">
    </jdbcConnection>
    <javaTypeResolver>
      <property name="forceBigDecimals" value="false" />
    </javaTypeResolver>
    <!-- SELECT 結果等を格納するドメインモデルを生成する設定 -->
    <javaModelGenerator targetPackage="jp.co.alsok.g6.db.entity.com" targetProject="alsok-g6-app">
      <property name="enableSubPackages" value="true" />
      <property name="trimStrings" value="true" />
    </javaModelGenerator>

    <!-- SQL 設定が記述された XML を生成する設定 -->
    <sqlMapGenerator targetPackage="jp.co.alsok.g6.db.mapper.com" targetProject="alsok-g6-app">
      <property name="enableSubPackages" value="true" />
    </sqlMapGenerator>

    <!-- マッパークラスを生成する設定 -->
    <javaClientGenerator type="ANNOTATEDMAPPER" targetPackage="jp.co.alsok.g6.db.mapper.com" targetProject="alsok-g6-app">
      <property name="enableSubPackages" value="true" />
    </javaClientGenerator>

    <!-- コードを生成するテーブルを指定 -->
    <table tableName="%">
      <property name="useActualColumnNames" value="true" />
    </table>

  </context>

  <context id="ghsMySQLTables" targetRuntime="MyBatis4">

    <!-- pojoを生成する，implements Serializable-->
    <plugin type="org.mybatis.generator.plugins.SerializablePlugin"></plugin>
    <plugin type="org.mybatis.generator.plugins.RowBoundsPlugin"></plugin>
    <plugin type="org.mybatis.generator.plugins.CaseInsensitiveLikePlugin"></plugin>
    <!-- コメントを作成する -->
    <commentGenerator type= "jp.co.alsok.g6.zwu.entity.MyCommentGenerator">
      <property name="javaFileEncoding" value="UTF-8" />
      <property name="suppressAllComments" value="false"/><!-- コメントを生成する -->
      <property name="suppressDate" value="true" /> <!-- 時間を生成する-->
    </commentGenerator>

    <!-- スキーマ情報を取得する DB への接続設定 -->
    <jdbcConnection driverClass="com.mysql.jdbc.Driver"
                    connectionURL="jdbc:mysql://192.170.16.201:3306/alsokdb?useSSL=false"
                    userId="alsokszwu"
                    password="alsokszwu">
    </jdbcConnection>
    <javaTypeResolver>
      <property name="forceBigDecimals" value="false" />
    </javaTypeResolver>
    <!-- SELECT 結果等を格納するドメインモデルを生成する設定 -->
    <javaModelGenerator targetPackage="jp.co.alsok.g6.db.entity.ghs" targetProject="alsok-g6-app">
      <property name="enableSubPackages" value="true" />
      <property name="trimStrings" value="true" />
    </javaModelGenerator>

    <!-- SQL 設定が記述された XML を生成する設定 -->
    <sqlMapGenerator targetPackage="jp.co.alsok.g6.db.mapper.ghs" targetProject="alsok-g6-app">
      <property name="enableSubPackages" value="true" />
    </sqlMapGenerator>

    <!-- マッパークラスを生成する設定 -->
    <javaClientGenerator type="ANNOTATEDMAPPER" targetPackage="jp.co.alsok.g6.db.mapper.ghs" targetProject="alsok-g6-app">
      <property name="enableSubPackages" value="true" />
    </javaClientGenerator>

    <!-- コードを生成するテーブルを指定 -->
    <table tableName="%">
      <property name="useActualColumnNames" value="true" />
    </table>
  </context>

  <context id="gvMySQLTables" targetRuntime="MyBatis5">

    <!-- pojoを生成する，implements Serializable-->
    <plugin type="org.mybatis.generator.plugins.SerializablePlugin"></plugin>
    <plugin type="org.mybatis.generator.plugins.RowBoundsPlugin"></plugin>
    <plugin type="org.mybatis.generator.plugins.CaseInsensitiveLikePlugin"></plugin>
    <!-- コメントを作成する -->
    <commentGenerator type= "jp.co.alsok.g6.zwu.entity.MyCommentGenerator">
      <property name="javaFileEncoding" value="UTF-8" />
      <property name="suppressAllComments" value="false"/><!-- コメントを生成する -->
      <property name="suppressDate" value="true" /> <!-- 時間を生成する-->
    </commentGenerator>

    <!-- スキーマ情報を取得する DB への接続設定 -->
    <jdbcConnection driverClass="com.mysql.jdbc.Driver"
                    connectionURL="jdbc:mysql://192.170.16.201:3306/keibidb?useSSL=false"
                    userId="alsokszwu"
                    password="alsokszwu">
    </jdbcConnection>
    <javaTypeResolver>
      <property name="forceBigDecimals" value="false" />
    </javaTypeResolver>
    <!-- SELECT 結果等を格納するドメインモデルを生成する設定 -->
    <javaModelGenerator targetPackage="jp.co.alsok.g6.db.entity.gv" targetProject="alsok-g6-app">
      <property name="enableSubPackages" value="true" />
      <property name="trimStrings" value="true" />
    </javaModelGenerator>

    <!-- SQL 設定が記述された XML を生成する設定 -->
    <sqlMapGenerator targetPackage="jp.co.alsok.g6.db.mapper.gv" targetProject="alsok-g6-app">
      <property name="enableSubPackages" value="true" />
    </sqlMapGenerator>

    <!-- マッパークラスを生成する設定 -->
    <javaClientGenerator type="ANNOTATEDMAPPER" targetPackage="jp.co.alsok.g6.db.mapper.gv" targetProject="alsok-g6-app">
      <property name="enableSubPackages" value="true" />
    </javaClientGenerator>

    <!-- コードを生成するテーブルを指定 -->
    <table tableName="%">
      <property name="useActualColumnNames" value="true" />
    </table>
  </context>
</generatorConfiguration>