<?xml version="1.0" encoding="UTF-8"?>
<entity-mappings xmlns="http://java.sun.com/xml/ns/persistence/orm" 
	xmlns:xsi="http://www.w3.org/2001/XMLSchema-instance"
	xsi:schemaLocation="http://java.sun.com/xml/ns/persistence/orm http://java.sun.com/xml/ns/persistence/orm_2_0.xsd"
	version="2.0">
	
<!-- ==== Config entry related ==== -->
<!-- "SystemInitializationBean" call this query to get SystemConfig by NAMESPACE and PROPERTY_NAME from table SYSTEM_CONFIG-->
<named-query name="NQ::getConfigEntity">
<query>
FROM SystemConfigEntity c WHERE c.name = :propName
</query>
<hint name="org.hibernate.cacheable" value="true"/>
</named-query>

<!-- "AggregationInitializationBean" call this query to get TMA information by uniqueId from table TRANSACTION_MANAGERS-->
<named-query name="NQ::lookupTM">
<query>
SELECT tm FROM TransactionManagerEntity tm WHERE tm.uniqueId = :uniqueId
</query>
</named-query>

<named-query name="NQ::allUndoneIdentifyBatchJobs">
<query>
FROM IdentifyBatchJobQueueEntity bj WHERE :status >= bj.batchjobStatus
</query>
</named-query>
</entity-mappings>