<?xml version="1.0" encoding="UTF-8"?>
<metadata>
  <groupId>jp.co.nec.aim.uid.proto</groupId>
  <artifactId>proto</artifactId>
  <versioning>
    <versions>
      <version>0.0.1-SNAPSHOT</version>
      <version>1.0.0-SNAPSHOT</version>
      <version>1.0.1-SNAPSHOT</version>
      <version>0.0.5-SNAPSHOT</version>
      <version>1.0.2-SNAPSHOT</version>
      <version>1.0.3-SNAPSHOT</version>
      <version>1.0.4-SNAPSHOT</version>
      <version>1.0.5-SNAPSHOT</version>
    </versions>
    <lastUpdated>20200205001006</lastUpdated>
  </versioning>
</metadata>
