<?xml version="1.0" encoding="UTF-8"?>
<beans xmlns="http://www.springframework.org/schema/beans"
	xmlns:xsi="http://www.w3.org/2001/XMLSchema-instance" xmlns:context="http://www.springframework.org/schema/context"
	xmlns:jdbc="http://www.springframework.org/schema/jdbc" xmlns:jee="http://www.springframework.org/schema/jee"
	xmlns:tx="http://www.springframework.org/schema/tx" xmlns:jpa="http://www.springframework.org/schema/data/jpa"
	xsi:schemaLocation="
		http://www.springframework.org/schema/beans http://www.springframework.org/schema/beans/spring-beans-3.2.xsd
		http://www.springframework.org/schema/context http://www.springframework.org/schema/context/spring-context-3.2.xsd
		http://www.springframework.org/schema/jdbc http://www.springframework.org/schema/jdbc/spring-jdbc-3.2.xsd
		http://www.springframework.org/schema/jee http://www.springframework.org/schema/jee/spring-jee-3.2.xsd
		http://www.springframework.org/schema/tx http://www.springframework.org/schema/tx/spring-tx-3.2.xsd
		http://www.springframework.org/schema/data/jpa http://www.springframework.org/schema/data/jpa/spring-jpa-1.2.xsd"
	default-lazy-init="true">
	
	<!-- spring dataSource and transaction -->
	<description>Spring Configuration</description>

	<!-- load the jdbc.properties -->
	<context:property-placeholder ignore-unresolvable="true" location="classpath*:/jdbc.properties" />

	<!-- the springContextHolder bean used to save the ApplicationContext instance -->
	<bean id="springContextHolder" class="jp.co.nec.aim.sm.common.utils.SpringContextHolder" lazy-init="false" />

	<!-- :exclude scan the package jp.co.nec.aim.sm with annotation @Controller -->
	<context:component-scan base-package="jp.co.nec.aim.sm">
		<context:exclude-filter type="annotation" expression="org.springframework.stereotype.Controller" />
	</context:component-scan>

	<!-- DefaultPersistenceUnitManager -->
	<bean id="pum" class="org.springframework.orm.jpa.persistenceunit.DefaultPersistenceUnitManager">
		<property name="persistenceXmlLocations">
			<list>
				<value>classpath:/META-INF/persistence-oracle.xml</value>
				<value>classpath:/META-INF/persistence-postgres.xml</value>
			</list>
		</property>
		<!-- <property name="loadTimeWeaver">
			<bean class="org.springframework.instrument.classloading.SimpleLoadTimeWeaver" />
		</property> -->
		<property name="dataSourceLookup">
			<bean class="org.springframework.jdbc.datasource.lookup.BeanFactoryDataSourceLookup" />
		</property>
	</bean>
	
	<!-- oracle dataSource and JpaTransactionManager related  -->
	<import resource="applicationContext-oracle.xml" />
	
	<!-- postGres dataSource and JpaTransactionManager related  -->
	<import resource="applicationContext-postgres.xml" />
	
	<bean id="validator" class="org.springframework.validation.beanvalidation.LocalValidatorFactoryBean" />
	
	<bean id="queueListener" class="jp.co.nec.aim.sm.mm.listener.MatchManagerQueueListenerImpl"/>
	<bean id="extractjobQueueService" class="jp.co.nec.aim.sm.modules.sys.service.ExtractjobQueueService"/>
	<bean id="jobQueueService" class="jp.co.nec.aim.sm.modules.sys.service.JobQueueService"/>
	<bean id="jobStatisticsService" class="jp.co.nec.aim.sm.modules.sys.service.JobStatisticsService"/>
	<bean id="monitorService" class="jp.co.nec.aim.sm.modules.sys.service.MonitorService"/>
</beans>