<?xml version="1.0" encoding="UTF-8"?>
<beans xmlns="http://www.springframework.org/schema/beans"
	xmlns:context="http://www.springframework.org/schema/context"
	xmlns:xsi="http://www.w3.org/2001/XMLSchema-instance" xmlns:jdbc="http://www.springframework.org/schema/jdbc"
	xmlns:jpa="http://www.springframework.org/schema/data/jpa" xmlns:tx="http://www.springframework.org/schema/tx"
	xsi:schemaLocation="
   http://www.springframework.org/schema/beans http://www.springframework.org/schema/beans/spring-beans.xsd
   http://www.springframework.org/schema/context http://www.springframework.org/schema/context/spring-context.xsd
   http://www.springframework.org/schema/tx http://www.springframework.org/schema/tx/spring-tx.xsd
   http://www.springframework.org/schema/data/jpa http://www.springframework.org/schema/data/jpa/spring-jpa.xsd
   http://www.springframework.org/schema/jdbc http://www.springframework.org/schema/jdbc/spring-jdbc.xsd"
	default-lazy-init="true">

	<!-- import the postgres dataSource -->
	<import resource="datasource-postgres.xml" />

	<!-- postGres EntityManagerFactory -->
	<bean id="postgresEMFactory"
		class="org.springframework.orm.jpa.LocalContainerEntityManagerFactoryBean">
		<!-- <property name="dataSource" ref="postgresDataSource"/> -->
		<property name="packagesToScan" value="jp.co.nec.aim.sm.modules.sys.postgres.entity" />
		<property name="persistenceUnitManager" ref="pum" />
		<property name="persistenceUnitName" value="postgresUnit" />
		<property name="jpaVendorAdapter" ref="postgresJpaVendorAdapter" />
		<property name="loadTimeWeaver">
			<bean
				class="org.springframework.instrument.classloading.InstrumentationLoadTimeWeaver" />
		</property>
		<property name="jpaDialect">
			<bean class="org.springframework.orm.jpa.vendor.HibernateJpaDialect"></bean>
		</property>
	</bean>

	<!-- postGres TransactionManager -->
	<bean id="postgresTXManager" class="org.springframework.orm.jpa.JpaTransactionManager">
		<property name="entityManagerFactory" ref="postgresEMFactory" />
		<qualifier value="second" />
		<property name="jpaDialect">
			<bean class="org.springframework.orm.jpa.vendor.HibernateJpaDialect" />
		</property>
	</bean>

	<!-- jpa:repositories -->
	<jpa:repositories base-package="jp.co.nec.aim.sm.modules.sys.postgres.repository"
		transaction-manager-ref="postgresTXManager"
		entity-manager-factory-ref="postgresEMFactory"
		factory-class="jp.co.nec.aim.sm.modules.sys.repository.support.SimpleBaseRepositoryFactoryBean"
		repository-impl-postfix="Impl" />

	<!-- define transaction-manager postgresTXManager and use proxy -->
	<tx:annotation-driven transaction-manager="postgresTXManager"
		proxy-target-class="true" />

	<!-- ================================================================== -->
	<!-- Activiti spring -->
	<!-- ================================================================== -->
	<!-- Activiti begin -->
	<!-- <bean id="processEngineConfiguration_postgres" class="org.activiti.spring.SpringProcessEngineConfiguration"> 
		<property name="dataSource" ref="postgresDataSource" /> <property name="transactionManager" 
		ref="postgresTXManager" /> <property name="databaseSchemaUpdate" value="true" 
		/> <property name="jobExecutorActivate" value="false" /> <property name="history" 
		value="full" /> <property name="deploymentResources"> <list> <value>classpath*:/deployments/*</value> 
		</list> </property> </bean> <bean id="processEngine_postgres" class="org.activiti.spring.ProcessEngineFactoryBean"> 
		<property name="processEngineConfiguration" ref="processEngineConfiguration_postgres" 
		/> </bean> <bean id="eventLogService" factory-bean="processEngine_postgres" 
		factory-method="getEventLogService" /> -->
	<!-- Activiti end -->
</beans>