<?xml version="1.0" encoding="UTF-8"?>
<beans xmlns="http://www.springframework.org/schema/beans"
	xmlns:xsi="http://www.w3.org/2001/XMLSchema-instance" xmlns:context="http://www.springframework.org/schema/context"
	xsi:schemaLocation="
		http://www.springframework.org/schema/beans http://www.springframework.org/schema/beans/spring-beans-3.2.xsd
		http://www.springframework.org/schema/context  http://www.springframework.org/schema/context/spring-context-3.2.xsd"
	default-lazy-init="true">

	<description>Shiro Configuration</description>

	<!-- load the jdbc.properties -->
	<context:property-placeholder ignore-unresolvable="true" location="classpath*:/shiro.properties" />

	<!-- the shiro securityManager instance -->
	<bean id="securityManager" class="org.apache.shiro.web.mgt.DefaultWebSecurityManager">
		<property name="realm" ref="systemAuthorizingRealm" />
		<property name="cacheManager" ref="cacheManager" />
	</bean>

	<!-- the shiro security Filter -->
	<bean id="shiroFilter" class="org.apache.shiro.spring.web.ShiroFilterFactoryBean">
		<property name="securityManager" ref="securityManager" />
		<property name="loginUrl" value="${shiro.login.url}" />
		<property name="successUrl" value="${shiro.success.url}" />
		<property name="filters">
			<map>
				<entry key="authc" value-ref="formAuthenticationFilter" />
			</map>
		</property>
		<property name="filterChainDefinitions">
			<value>
				/static/** = anon
				/login = authc
				/logout = logout
				/servlet/** = anon
				/StatisticsHttpListener = anon
				/MMJobQueueHttpListener = anon
				/MMExtractJobQueueHttpListener = anon
				/** = user
			</value>
		</property>
	</bean>

	<!-- the cache manager use ehcache -->
	<bean id="cacheManager" class="org.apache.shiro.cache.ehcache.EhCacheManager">
		<property name="cacheManagerConfigFile" value="classpath:cache/ehcache.xml" />
	</bean>

	<!-- lifecycleBeanPostProcessor -->
	<bean id="lifecycleBeanPostProcessor" class="org.apache.shiro.spring.LifecycleBeanPostProcessor" />

	<!-- security check using AOP -->
	<bean
		class="org.springframework.aop.framework.autoproxy.DefaultAdvisorAutoProxyCreator"
		depends-on="lifecycleBeanPostProcessor">
		<property name="proxyTargetClass" value="true" />
	</bean>

	<bean
		class="org.apache.shiro.spring.security.interceptor.AuthorizationAttributeSourceAdvisor">
		<property name="securityManager" ref="securityManager" />
	</bean>
</beans>