<?xml version="1.0" encoding="UTF-8"?>
<beans xmlns="http://www.springframework.org/schema/beans"
    xmlns:context="http://www.springframework.org/schema/context"
    xmlns:xsi="http://www.w3.org/2001/XMLSchema-instance" xmlns:jdbc="http://www.springframework.org/schema/jdbc"
    xmlns:jpa="http://www.springframework.org/schema/data/jpa" xmlns:tx="http://www.springframework.org/schema/tx"
    xsi:schemaLocation="
   http://www.springframework.org/schema/beans http://www.springframework.org/schema/beans/spring-beans.xsd
   http://www.springframework.org/schema/context http://www.springframework.org/schema/context/spring-context.xsd
   http://www.springframework.org/schema/tx http://www.springframework.org/schema/tx/spring-tx.xsd
   http://www.springframework.org/schema/data/jpa http://www.springframework.org/schema/data/jpa/spring-jpa.xsd
   http://www.springframework.org/schema/jdbc http://www.springframework.org/schema/jdbc/spring-jdbc.xsd"
    default-lazy-init="true">

	<!-- import the oracle dataSource -->
	<import resource="datasource-oracle.xml" />

	<!-- oracle EntityManagerFactory -->
	<bean id="oracleEMFactory"
		class="org.springframework.orm.jpa.LocalContainerEntityManagerFactoryBean">
		<!-- <property name="dataSource" ref="oracleDataSource" /> -->
		<property name="packagesToScan" value="jp.co.nec.aim.sm.modules.sys.oracle.entities" />
		<property name="persistenceUnitManager" ref="pum" />
		<property name="persistenceUnitName" value="oracleUnit" />
		<property name="jpaVendorAdapter" ref="oracleJpaVendorAdapter" />
		<property name="loadTimeWeaver">
			<bean
				class="org.springframework.instrument.classloading.InstrumentationLoadTimeWeaver" />
		</property>
		<property name="jpaDialect">
			<bean class="org.springframework.orm.jpa.vendor.HibernateJpaDialect"></bean>
		</property>
	</bean>

	<!-- oracle TransactionManager -->
	<bean id="oracleTXManager" class="org.springframework.orm.jpa.JpaTransactionManager">
		<property name="entityManagerFactory" ref="oracleEMFactory" />
		<qualifier value="first" />
		<property name="jpaDialect">
			<bean class="org.springframework.orm.jpa.vendor.HibernateJpaDialect" />
		</property>
	</bean>

	<!-- jpa:repositories -->
	<jpa:repositories base-package="jp.co.nec.aim.sm.modules.sys.oracle.repository"
		transaction-manager-ref="oracleTXManager" entity-manager-factory-ref="oracleEMFactory"
		factory-class="jp.co.nec.aim.sm.modules.sys.repository.support.SimpleBaseRepositoryFactoryBean"
		repository-impl-postfix="Impl" />

	<!-- define transaction-manager oracleTXManager and use proxy -->
	<tx:annotation-driven transaction-manager="oracleTXManager"
		proxy-target-class="true" />

	<!-- ================================================================== -->
	<!-- Activiti spring -->
	<!-- ================================================================== -->
	<!-- Activiti begin -->
	<!-- <bean id="processEngineConfiguration_oracle" class="org.activiti.spring.SpringProcessEngineConfiguration"> 
		<property name="dataSource" ref="oracleDataSource" /> <property name="transactionManager" 
		ref="oracleTXManager" /> <property name="databaseSchemaUpdate" value="false" 
		/> <property name="jobExecutorActivate" value="false" /> <property name="history" 
		value="full" /> <property name="deploymentResources"> <list> <value>classpath*:/deployments/*</value> 
		</list> </property> </bean> <bean id="processEngine_oracle" class="org.activiti.spring.ProcessEngineFactoryBean"> 
		<property name="processEngineConfiguration" ref="processEngineConfiguration_oracle" 
		/> </bean> <bean id="unitSerice" factory-bean="processEngine_oracle" factory-method="getMatchUnitService" 
		/> -->
	<!-- Activiti end -->
</beans>