<?xml version="1.0" encoding="UTF-8"?>
<beans xmlns="http://www.springframework.org/schema/beans"
	xmlns:xsi="http://www.w3.org/2001/XMLSchema-instance" xmlns:context="http://www.springframework.org/schema/context"
	xmlns:jdbc="http://www.springframework.org/schema/jdbc" xmlns:jee="http://www.springframework.org/schema/jee"
	xmlns:tx="http://www.springframework.org/schema/tx" xmlns:jpa="http://www.springframework.org/schema/data/jpa"
	xsi:schemaLocation="
		http://www.springframework.org/schema/beans http://www.springframework.org/schema/beans/spring-beans-3.2.xsd
		http://www.springframework.org/schema/context http://www.springframework.org/schema/context/spring-context-3.2.xsd
		http://www.springframework.org/schema/jdbc http://www.springframework.org/schema/jdbc/spring-jdbc-3.2.xsd
		http://www.springframework.org/schema/jee http://www.springframework.org/schema/jee/spring-jee-3.2.xsd
		http://www.springframework.org/schema/tx http://www.springframework.org/schema/tx/spring-tx-3.2.xsd
		http://www.springframework.org/schema/data/jpa http://www.springframework.org/schema/data/jpa/spring-jpa-1.2.xsd"
	default-lazy-init="true">

	<!-- ================================================================== -->
	<!-- JPA vendor adapter -->
	<!-- ================================================================== -->
	<!-- JPA vendor adapter is .HibernateJpaVendorAdapter -->
	<bean id="oracleJpaVendorAdapter"
		class="org.springframework.orm.jpa.vendor.HibernateJpaVendorAdapter">
		<property name="showSql" value="${hibernate.show_sql}" />
		<property name="generateDdl" value="${hibernate.generateddl}" />
	</bean>

	<!-- ================================================================== -->
	<!-- Oracle Database Resource Related -->
	<!-- ================================================================== -->
	<!-- the oracle data source use apache basic data source -->
	<bean id="oracleDataSource" class="org.apache.commons.dbcp.BasicDataSource"
		destroy-method="close">
		<property name="driverClassName" value="${oracle.jdbc.driver}" />
		<property name="url" value="${oracle.jdbc.url}" />
		<property name="username" value="${oracle.jdbc.username}" />
		<property name="password" value="${oracle.jdbc.password}" />
		<property name="maxActive" value="${oracle.jdbc.maxActive}" />
		<property name="validationQuery" value="${oracle.jdbc.validationQuery}" />
		<property name="testOnBorrow" value="${oracle.jdbc.testOnBorrow}" />
	</bean>

	<bean id="oraclejdbcTemplate" class="org.springframework.jdbc.core.JdbcTemplate">
		<property name="dataSource" ref="oracleDataSource" />
	</bean>
</beans>