<?xml version="1.0" encoding="UTF-8" ?>
<!DOCTYPE mapper
        PUBLIC "-//mybatis.org//DTD Mapper 3.0//EN"
        "http://mybatis.org/dtd/mybatis-3-mapper.dtd">
<mapper namespace="jp.co.alsok.g6.zwu.dao.mapper.ghs.SZWU4410GhsMapper">
	<resultMap id="BaseResultMap" type="jp.co.alsok.g6.zwu.entity.g6.SZWU4410Info">
		<result column="STS" jdbcType="CHAR" property="sts" />
		<result column="LN_QUE_CTRL_SIG" jdbcType="CHAR" property="lnQueCtrlSig" />
		<result column="LN_DEV" jdbcType="CHAR" property="lnDev" />
		<result column="DRCTSET_CNTR_ST" jdbcType="CHAR" property="drctsetCntrSts" />
	</resultMap>

	<!-- 取得STS(制御信号キュー.状態) -->
	<select id="selectStsGhs" parameterType="java.util.HashMap" resultMap="BaseResultMap">
		SELECT
		STS
		FROM
		E_QUE_CTRL
		WHERE
		CMD_SEQ_NUM = #{cmdSeqNum}
		LIMIT 1
	</select>


	<!-- 取得ダイレクト操作ON/OFF状態 -->
	<select id="selectDrctsetCntrStsGhs" parameterType="java.util.HashMap" resultMap="BaseResultMap">
		SELECT
		DRCTSET_CNTR_ST
		FROM
		C_DEV_STS
		WHERE
		ln_dev = #{lnDev}
	</select>
</mapper>
