<?xml version="1.0" encoding="UTF-8" ?>
<!DOCTYPE mapper
		PUBLIC "-//mybatis.org//DTD Mapper 3.0//EN"
		"http://mybatis.org/dtd/mybatis-3-mapper.dtd">
<mapper namespace="jp.co.alsok.g6.zwu.dao.mapper.ghs.SZWU6900GhsMapper">
 <!--返却用 -->
 <resultMap id = "BaseResultMap" type="jp.co.alsok.g6.zwu.web.form.SZWU6900Form">
   <id column="acntId" jdbcType="CHAR" property="acntId" />
    <result column="lnacntUserCommon" jdbcType="CHAR" property="lnacntUserCommon" />
    <result column="acntId" jdbcType="CHAR" property="acntId" />
    <result column="mlAddr1" jdbcType="CHAR" property="mlAddr1" />
    <result column="mlAddr2" jdbcType="CHAR" property="mlAddr2" />
    <result column="passWd1" jdbcType="CHAR" property="passWd1" />
    <result column="passWd2" jdbcType="CHAR" property="passWd2" />
    <result column="keiYkNm" jdbcType="CHAR" property="keiYkNm" />
    <result column="lnkbChiku" jdbcType="CHAR" property="lnkbChiku" />
    <result column="sdKobetuNm" jdbcType="CHAR" property="sdKobetuNm" />
    <result column="acntNm" jdbcType="CHAR" property="acntNm" />    
    <result column="acntNmKana" jdbcType="CHAR" property="acntNmKana" />
    <result column="syainCd" jdbcType="CHAR" property="syainCd" />
    <result column="busyoNm" jdbcType="CHAR" property="busyoNm" />
    <result column="busyoNmKana" jdbcType="CHAR" property="busyoNmKana" />
    <result column="yakusyokuNm" jdbcType="CHAR" property="yakusyokuNm" />
    <result column="yakusyokuNmKana" jdbcType="CHAR" property="yakusyokuNmKana" />
    <result column="acntUserKbn" jdbcType="CHAR" property="acntUserKbn" />
    <result column="telNm1" jdbcType="CHAR" property="telNm1" />
    <result column="telNm2" jdbcType="CHAR" property="telNm2" />
    <result column="insertId" jdbcType="CHAR" property="insertId" />
    <result column="insertNm" jdbcType="CHAR" property="insertNm" />
    <result column="insertTs" jdbcType="DATE" property="insertTs" />
    <result column="updateId" jdbcType="CHAR" property="updateId" />
    <result column="updateNm" jdbcType="CHAR" property="updateNm" />
    <result column="updateTs" jdbcType="DATE" property="updateTs" />
	<result column="juchuJigyouNm" jdbcType="CHAR" property="juchuJigyouNm" />
	<result column="juchuJigyouTelNum" jdbcType="CHAR" property="juchuJigyouTelNum" />
	<result column="jisshiJigyouNm" jdbcType="CHAR" property="jisshiJigyouNm" />
	<result column="jisshiJigyouTelNum" jdbcType="CHAR" property="jisshiJigyouTelNum" />
	<result column="userNum" jdbcType="CHAR" property="userNum" />
</resultMap>

  <!-- E)契約先情報検索 -->
<select id="getRKeiyk" resultType="java.lang.String">
    SELECT 
		R.KEIYK_NM AS keiykNm
	FROM 
		R_KEIYK R
	WHERE 
		R.LN_KEIYK = #{record.lnKeiyk}
</select>

  <!-- F)契約先アカウント情報取得処理  -->
<select id="getRAcntKeiyk" resultMap="BaseResultMap">
    SELECT 
		R.USER_NM AS userNm,
		R.ML_ADDR AS mlAddrGhs1,
		R.ML_ADDR AS mlAddrGhs2,
		R.PASSWD AS passwdGhs1,
		R.PASSWD AS passwdGhs2,
		R.USER_NUM AS userNum
	FROM 
		R_ACNT_KEIYK R
	WHERE 
		R.LN_ACNT_KEIYK = #{record.lnAcntUserCommonEdit}
</select>

  <!-- 利用者メールアドレス検索  -->
<select id="getRAcntUserBymlAddr" resultType="java.lang.String">
    SELECT 
		R.LN_ACNT_USER
	FROM 
		R_ACNT_USER R
	WHERE 
		R.ML_ADDR = #{record.mlAddrGhs1}
</select>

  <!-- 契約先メールアドレス検索  -->
<select id="getRAcntKeiykBymlAddr" resultType="java.lang.String">
    SELECT 
		R.LN_ACNT_KEIYK
	FROM 
		R_ACNT_KEIYK R
	WHERE 
		R.ML_ADDR = #{record.mlAddrGhs1}
</select>


 <!--R_契約先アカウント-->
  <insert id="insertRAcntKeiyk">
	INSERT INTO R_ACNT_KEIYK (
	LN_ACNT_KEIYK,
	LN_KEIYK,
	ML_ADDR,
  	PASSWD,
 	ACNT_TYPE,
 	USER_NM,
	RGST_STS,
	LOGIN_STS,
	ML_SEND_STS,
	STS_UPD_TS,
	ID_INSERT,
	INSERT_NM,
	INSERT_TS,
	ID_UPDATE,
	UPDATE_NM,
	UPDATE_TS
	)
	VALUES
	(#{record.lnAcntKeiyk},
	#{record.lnKeiyk},
	#{record.mlAddrGhs1},
	#{record.passwdGhs1},
	1,
	#{record.userNm},
	0,
	0,
	0,
	#{record.stsUpdTs},
	#{record.insertId},
	#{record.insertNm},
	NOW(),
	#{record.updateId},
	#{record.updateNm},
	NOW()	
	)
  </insert>

 <!--R_契約先アカウント権限-->
  <insert id="insertRAcntKeiykAuth">
	INSERT INTO R_ACNT_KEIYK_AUTH (
	LN_ACNT_KEIYK_AUTH,
	LN_ACNT_KEIYK,
	LN_KB_CHIKU,
	FLG_ML_GAISYUTSU,
  	FLG_ML_KEIHO,
 	FLG_ML_OTHER,
	ID_INSERT,
	INSERT_NM,
	INSERT_TS,
	ID_UPDATE,
	UPDATE_NM,
	UPDATE_TS
	)
	VALUES
	(#{record.lnAcntKeiykAuth},
	#{record.lnAcntKeiyk},
	#{record.lnKbChikuGhs},
	1,
	1,
	1,
	#{record.insertId},
	#{record.insertNm},
	NOW(),
	#{record.updateId},
	#{record.updateNm},
	NOW()	
	)
  </insert>
  
   <!--C_契約先ログイン状態-->
  <insert id="insertCKeiykLoginSts">
	INSERT INTO C_KEIYK_LOGIN_STS (
	LN_ACNT_KEIYK,
	FLG_LOGIN_STS,
	CNT_LOGIN_ERR,
	ID_INSERT,
	INSERT_NM,
	INSERT_TS,
	ID_UPDATE,
	UPDATE_NM,
	UPDATE_TS
	)
	VALUES
	(#{record.lnAcntKeiyk},
	0,
	0,
	#{record.insertId},
	#{record.insertNm},
	NOW(),
	#{record.updateId},
	#{record.updateNm},
	NOW()
	)
  </insert>
  
   <!--E_アカウント仮登録-->
  <insert id="insertEAcntPreRgst">
	INSERT INTO E_ACNT_PRE_RGST (
	LN_ACNT_PRE_RGST,
	ACNT_TYPE,
	LN_ACNT,
	STS,
	ACNT_PRE_RGST_TS,
	ID_INSERT,
	INSERT_NM,
	INSERT_TS,
	ID_UPDATE,
	UPDATE_NM,
	UPDATE_TS
	)
	VALUES
	(#{record.lnAcntPreRgst},
	1,
	#{record.lnAcntKeiyk},
	0,
	#{record.stsUpdTs},
	#{record.insertId},
	#{record.insertNm},
	NOW(),
	#{record.updateId},
	#{record.updateNm},
	NOW()
	)
  </insert>
  
  <!--W_アカウント関連メール配信トリガキュー-->
  <insert id="insertWQueAcMlTrig">
	INSERT INTO W_QUE_AC_ML_TRIG (
	LN_QUE_AC_ML_TRIG,
	ACNT_TYPE,
	LN_ACNT,
	ML_KIND,
	LN_SEND_TGT,
	STS,
	ID_INSERT,
	INSERT_NM,
	INSERT_TS,
	ID_UPDATE,
	UPDATE_NM,
	UPDATE_TS
	)
	VALUES
	(#{record.lnQueAcMlTrig},
	1,
	#{record.lnAcntKeiyk},
	21,
	#{record.lnAcntPreRgst},
	0,
	#{record.insertId},
	#{record.insertNm},
	NOW(),
	#{record.updateId},
	#{record.updateNm},
	NOW()	
	)
  </insert>

  <!--R_契約先アカウント更新処理-->
  <update id="updateRAcntKeiyk">
  UPDATE  R_ACNT_KEIYK t1 SET
	ML_ADDR = #{record.mlAddrGhs1},
	PASSWD = #{record.passwdGhs1},
	USER_NM = #{record.userNm},
	RGST_STS = 0,
	LOGIN_STS = 0,
	ML_SEND_STS = 0,
	STS_UPD_TS = #{record.stsUpdTs},
	ID_UPDATE = #{record.updateId},
	UPDATE_NM = #{record.updateNm},
	UPDATE_TS = NOW()
   WHERE 
   		t1.LN_ACNT_KEIYK = #{record.lnAcntUserCommonEdit}
</update>

  <!--R_利用者アカウント更新処理-->
  <update id="updateRAcntKeiyk2">
  UPDATE  R_ACNT_KEIYK t1 SET
	ML_ADDR = #{record.mlAddrGhs1},
	PASSWD = #{record.passwdGhs1},
	USER_NM = #{record.userNm},
	ID_UPDATE = #{record.updateId},
	UPDATE_NM = #{record.updateNm},
	UPDATE_TS = NOW()
   WHERE 
   		t1.LN_ACNT_KEIYK = #{record.lnAcntUserCommonEdit}
</update>

  
  <!-- E_アカウント仮登録情報を取得する  -->
<select id="getLnAcntPreRgst" resultType="java.lang.String">
    SELECT 
		LN_ACNT_PRE_RGST
	FROM 
		E_ACNT_PRE_RGST
	WHERE 
		LN_ACNT = #{record.lnAcntUserCommonEdit}
		LIMIT 1
</select>

  <!--E_アカウント仮登録更新処理-->
  <update id="updateEAcntPreRgst">
  UPDATE  E_ACNT_PRE_RGST t1 SET
    STS = 0,
    ACNT_PRE_RGST_TS = #{record.stsUpdTs},
	ID_UPDATE = #{record.updateId},
	UPDATE_NM = #{record.updateNm},
	UPDATE_TS = NOW()
   WHERE 
   		t1.LN_ACNT = #{record.lnAcntUserCommonEdit}
</update>

    <!--W_アカウント関連メール配信トリガキュー-->
  <insert id="insertWQueAcMlTrig2">
	INSERT INTO W_QUE_AC_ML_TRIG (
	LN_QUE_AC_ML_TRIG,
	ACNT_TYPE,
	LN_ACNT,
	ML_KIND,
	LN_SEND_TGT,
	STS,
	ID_INSERT,
	INSERT_NM,
	INSERT_TS,
	ID_UPDATE,
	UPDATE_NM,
	UPDATE_TS
	)
	VALUES
	(#{record.lnQueAcMlTrig},
	1,
	#{record.lnAcntUserCommonEdit},
	21,
	#{record.lnAcntPreRgst},
	0,
	#{record.insertId},
	#{record.insertNm},
	NOW(),
	#{record.updateId},
	#{record.updateNm},
	NOW()
	)
  </insert>

</mapper>