<?xml version="1.0" encoding="UTF-8" ?>
<!DOCTYPE mapper
        PUBLIC "-//mybatis.org//DTD Mapper 3.0//EN"
        "http://mybatis.org/dtd/mybatis-3-mapper.dtd">
<mapper namespace="jp.co.alsok.g6.zwu.dao.mapper.ghs.SZWU0400GhsMapper">
	<!-- 返却用 -->
	<resultMap id="BaseResultMap" type="jp.co.alsok.g6.zwu.entity.g6.SZWU0400Info">
		<result column="LN_PASSWD_RGST" jdbcType="CHAR" property="lnPasswdRgst" />
		<result column="LN_ACNT" jdbcType="CHAR" property="lnAcntUserCommon" />
		<result column="ACNT_TYPE" jdbcType="CHAR" property="acntType" />
		<result column="STS" jdbcType="CHAR" property="sts" />
		<result column="USER_NM" jdbcType="CHAR" property="acntNm" />
		<result column="ML_ADDR" jdbcType="CHAR" property="mlAddr" />
		<result column="UPDATE_TS" jdbcType="DATE" property="updateTs" />
		<result column="updateTsEpr" jdbcType="DATE" property="updateTsEpr" />
		<result column="updateTsRak" jdbcType="DATE" property="updateTsRak" />
	</resultMap>

	<!--情報取得SQLはUNIONで結果を統合して取得する -->
	<select id="searchGsPasswdRgst" resultMap="BaseResultMap">
		 SELECT
		    EPR.LN_PASSWD_RGST AS LN_PASSWD_RGST,
		    EPR.LN_ACNT AS LN_ACNT,
		    EPR.ACNT_TYPE AS ACNT_TYPE,
		    EPR.STS AS STS,
		    RAK.USER_NM AS USER_NM,
		    RAK.ML_ADDR AS ML_ADDR, 
		    EPR.UPDATE_TS AS updateTsEpr,
		    RAK.UPDATE_TS AS updateTsRak
		  FROM
		    E_PASSWD_RGST EPR,
		    R_ACNT_KEIYK RAK
		  WHERE
		    EPR.LN_ACNT = RAK.LN_ACNT_KEIYK
		  AND
		    EPR.ACNT_TYPE = '2'
		  AND
		    EPR.LN_PASSWD_RGST = #{lnPasswdRgst} /*-- LN_代表パスワード再登録論理番号 */
		    <if test="updateTsRau != null">
			RAU.UPDATE_TS = '${updateTsRau}'
		    </if>
		    <if test="updateTsRau != null and updateTsEpr != null">
			EPR.UPDATE_TS = '${updateTsEpr}'
		    </if>
		 UNION
		 SELECT
		    EPR.LN_PASSWD_RGST AS LN_PASSWD_RGST,
		    EPR.LN_ACNT AS LN_ACNT,
		    EPR.ACNT_TYPE AS ACNT_TYPE,
		    EPR.STS AS STS,
		    RAU.USER_NM AS USER_NM,
		    RAU.ML_ADDR AS ML_ADDR,
		    EPR.UPDATE_TS AS updateTsEpr,
		    RAU.UPDATE_TS AS updateTsRak
		  FROM
		    E_PASSWD_RGST EPR,
		    R_ACNT_USER RAU
		  WHERE
		    EPR.LN_ACNT = RAU.LN_ACNT_USER
		  AND
		    EPR.ACNT_TYPE = '1'
		  AND
		    EPR.LN_PASSWD_RGST = #{lnPasswdRgst} /*-- LN_代表パスワード再登録論理番号 */
		    <if test="updateTsRak != null ">
			RAU.UPDATE_TS = '${updateTsRak}'
		    </if>
		    <if test="updateTsRak != null and updateTsEpr != null ">
			EPR.UPDATE_TS = '${updateTsEpr}'
		    </if>
	</select>

	<!--再登録情報を取得する -->
	<select id="searchHsPasswdRgst" resultMap="BaseResultMap">
		<![CDATA[
		 SELECT
		    EPR.LN_PASSWD_RGST AS LN_PASSWD_RGST,
		    EPR.LN_ACNT AS LN_ACNT,
		    EPR.ACNT_TYPE AS ACNT_TYPE,
		    EPR.STS AS STS,
		    RAU.USER_NM AS USER_NM,
		    RAU.ML_ADDR AS ML_ADDR,
		    RAU.UPDATE_TS AS updateTsEpr,
		    EPR.UPDATE_TS AS updateTsRak
		  FROM
		    E_PASSWD_RGST EPR,
		    R_ACNT_USER RAU
		  WHERE
		    EPR.LN_ACNT = RAU.LN_ACNT_USER
		  AND
		    EPR.ACNT_TYPE = '1'
		  AND
		    EPR.LN_PASSWD_RGST = #{lnPasswdRgst} /*-- LN_代表パスワード再登録論理番号 */
		]]>
	</select>
	
	<!-- C_契約先ログイン状態のロック -->
	<select id="searchCkeiykLoginStsLock" parameterType="java.util.HashMap" resultMap="BaseResultMap">
        SELECT
			UPDATE_TS
		FROM
			C_KEIYK_LOGIN_STS
		WHERE
			LN_ACNT_KEIYK = #{lnAcntKeiyk} /*-- LN_利用者アカウント共通論理番号 */
            <if test="updateTs != null ">
			AND UPDATE_TS = '${updateTs}'
		    </if>
	</select>
	
	<!-- C_利用者ログイン状態のロック -->
	<select id="searchCueiykLoginStsLock" parameterType="java.util.HashMap" resultMap="BaseResultMap">
        SELECT
			UPDATE_TS
		FROM
			C_USER_LOGIN_STS
		WHERE
			LN_ACNT_USER = #{lnAcntUser} /*-- LN_利用者アカウント共通論理番号 */
            <if test="updateTs != null">
			AND UPDATE_TS = '${updateTs}'
		    </if>
	</select>

	<!-- 利用者アカウント再登録処理 -->
	<update id="updateRacntUser" parameterType="java.util.HashMap">
		<![CDATA[
		UPDATE
			R_ACNT_USER
		SET
			ML_ADDR = #{mlAddr},
			LOGIN_STS = #{loginSts},
			PASSWD = #{passwd},
			STS_UPD_TS = #{stsUpdTs},
			ID_UPDATE = #{idUpdate},
			UPDATE_NM = #{updateNm},
			UPDATE_TS = #{updateTs}
		WHERE
			LN_ACNT_USER = #{lnAcntUser} /*-- LN_利用者アカウント共通論理番号 */
		]]>
	</update>

	<!-- 利用者アカウントログイン状態リセット -->
	<update id="updateCuserLoginSts" parameterType="java.util.HashMap">
		<![CDATA[
		UPDATE
			C_USER_LOGIN_STS
		SET
			CNT_LOGIN_ERR = #{cntLoginErr},
			ID_UPDATE = #{idUpdate},
			UPDATE_NM = #{updateNm},
			UPDATE_TS = #{updateTs}
		WHERE
			LN_ACNT_USER = #{lnAcntUser} /*-- LN_利用者アカウント共通論理番号 */
		]]>
	</update>

	<!-- 代表パスワード再登録情報更新 -->
	<update id="updateEpasswdRgst" parameterType="java.util.HashMap">
		<![CDATA[
		UPDATE
			E_PASSWD_RGST
		SET
			STS = #{sts},
			ID_UPDATE = #{idUpdate},
			UPDATE_NM = #{updateNm},
			UPDATE_TS = #{updateTs}
		WHERE
			LN_PASSWD_RGST = #{lnPasswdRgst} /*-- LN_利用者アカウント共通論理番号 */
		]]>
	</update>

	<!-- 契約先アカウント再登録処理 -->
	<update id="updateRacntKeiyk" parameterType="java.util.HashMap">
		<![CDATA[
		UPDATE
			R_ACNT_KEIYK
		SET
			LOGIN_STS = #{loginSts},
			PASSWD = #{passwd},
			STS_UPD_TS = #{stsUpdTs},
			ID_UPDATE = #{idUpdate},
			UPDATE_NM = #{updateNm},
			UPDATE_TS = #{updateTs}
		WHERE
			LN_ACNT_KEIYK = #{lnAcntKeiyk} /*-- LN_利用者アカウント共通論理番号 */
		]]>
	</update>

	<!-- 契約先アカウントログイン状態リセット. -->
	<update id="updateCkeiykLoginSts" parameterType="java.util.HashMap">
		<![CDATA[
		UPDATE
			C_KEIYK_LOGIN_STS
		SET
			CNT_LOGIN_ERR = #{cntLoginErr},
			ID_UPDATE = #{idUpdate},
			UPDATE_NM = #{updateNm},
			UPDATE_TS = #{updateTs}
		WHERE
			LN_ACNT_KEIYK = #{lnAcntKeiyk} /*-- LN_利用者アカウント共通論理番号 */
		]]>
	</update>

</mapper>