<?xml version="1.0" encoding="UTF-8" ?>
<!DOCTYPE mapper
        PUBLIC "-//mybatis.org//DTD Mapper 3.0//EN"
        "http://mybatis.org/dtd/mybatis-3-mapper.dtd">
<mapper namespace="jp.co.alsok.g6.zwu.dao.mapper.ghs.SZWU6400GhsMapper">
	<!-- 返却用 -->
	<resultMap id="BaseResultMap" type="jp.co.alsok.g6.zwu.entity.g6.SZWU6400Info">
		<id column="LN_ALSOK_NOTICE" jdbcType="CHAR" property="lnAlsokNotice"/>
		<result column="RGST_TS" jdbcType="TIMESTAMP" property="rgstTs"/>
		<result column="TITLE" jdbcType="CHAR" property="title"/>
		<result column="SENDER_NM" jdbcType="CHAR" property="insertNm"/>
		<result column="BODY" jdbcType="VARCHAR" property="body"/>
		<result column="SEND_TM" jdbcType="TIMESTAMP" property="sendTs"/>
		<result column="FLG_ML_SEND" jdbcType="CHAR" property="flgMlSend"/>
	</resultMap>

	<!-- ALSOKお知らせ情報の取得 -->
	<select id="selectENoticeInfo" resultMap="BaseResultMap">
		SELECT
		LN_ALSOK_NOTICE,
		RGST_TS,
		TITLE,
		SENDER_NM,
		BODY,
		SEND_TM,
		FLG_ML_SEND
		FROM E_ALSOK_NOTICE
		WHERE LN_ALSOK_NOTICE =
		#{lnAlsokNotice}
	</select>

	<!-- 契約先アカウントのALSOKお知らせ送信情報の取得 -->
	<select id="selectLnAcntKeiyk" resultType="java.lang.String">
		SELECT LN_ACNT_KEIYK
		FROM E_KEIYAKU_ALSOK_NOTICE_ML_TGT
		WHERE
		LN_ALSOK_NOTICE = #{lnAlsokNotice}
		AND LN_ACNT_KEIYK = #{lnAcntKeiyk}
	</select>

	<!-- 利用者アカウントのALSOKお知らせ送信情報の取得 -->
	<select id="selectLnAcntUser" resultType="java.lang.String">
		SELECT LN_ACNT_USER
		FROM E_ALSOK_NOTICE_ML_TGT
		WHERE
		LN_ALSOK_NOTICE =
		#{lnAlsokNotice}
		AND LN_ACNT_USER = #{lnAcntUser}
	</select>
</mapper>