<?xml version="1.0" encoding="UTF-8" ?>
<!DOCTYPE mapper
        PUBLIC "-//mybatis.org//DTD Mapper 3.0//EN"
        "http://mybatis.org/dtd/mybatis-3-mapper.dtd">
<mapper namespace="jp.co.alsok.g6.zwu.dao.mapper.ghs.SZWU0700GhsMapper">
	<!-- 返却用 -->
	<resultMap id="BaseResultMap" type="jp.co.alsok.g6.zwu.entity.g6.SZWU0700Info">
		<id column="lnKeibi" jdbcType="CHAR" property="lnKeibi"/>
		<result column="keibiName" jdbcType="CHAR" property="keibiName"/>
		<result column="keibiAddr" jdbcType="CHAR" property="keibiAddr"/>
		<result column="keibiType" jdbcType="CHAR" property="keibiType"/>
		<result column="lnKeiyk" jdbcType="CHAR" property="lnKeiyk"/>
	</resultMap>

	<!-- 検索結果一覧の取得 -->
	<select id="searchKeiBiListInfoGhs" resultMap="BaseResultMap">
		SELECT
		RK.LN_KEIBI as lnKeibi,
		RK.KEIBI_NM as keibiName,
		RK.KEIBI_ADDR as keibiAddr,
		'GHS' as keibiType,
		RAK.LN_KEIYK as lnKeiyk
		FROM
		<!-- R_契約先アカウント -->
		R_ACNT_KEIYK RAK
		<!-- R_物件 -->
		INNER JOIN R_BUKKEN RB
		ON RAK.LN_KEIYK = RB.LN_KEIYK
		<!-- R_警備先 -->
		INNER JOIN R_KEIBI RK
		ON RK.LN_BUKKEN = RB.LN_BUKKEN
		WHERE
		RK.FLG_FIRST_KSIGINF_RCV = '1'
		<if test="lnKeibis != null and lnKeibis.length > 0">
			AND RAK.LN_ACNT_KEIYK IN
			<foreach item="item" index="index" collection="lnKeibis" open="(" separator="," close=")">
				'${item}'
			</foreach>
		</if>
		<if test="keiBi != null and keiBi != ''">
			AND RK.KEIBI_NM LIKE CONCAT(CONCAT('%', #{keiBi}, '%')) ESCAPE '/'
		</if>
		ORDER BY RK.KEIBI_NM DESC,
		RK.LN_KEIBI DESC
<!-- 		LIMIT #{offset} , #{pageSize} -->

	</select>

	<!-- 検索結果一覧件数の取得 -->
	<select id="searchKeiBiListInfoCntGhs" resultType="java.lang.Integer">
		SELECT
		COUNT(RK.LN_KEIBI)
		FROM
        <!-- R_契約先アカウント -->
        R_ACNT_KEIYK RAK
        <!-- R_物件 -->
        INNER JOIN R_BUKKEN RB
        ON RAK.LN_KEIYK = RB.LN_KEIYK
        <!-- R_警備先 -->
        INNER JOIN R_KEIBI RK
        ON RK.LN_BUKKEN = RB.LN_BUKKEN
        WHERE
        RK.FLG_FIRST_KSIGINF_RCV = '1'
        <if test="lnKeibis != null and lnKeibis.length > 0">
            AND RAK.LN_ACNT_KEIYK IN
            <foreach item="item" index="index" collection="lnKeibis" open="(" separator="," close=")">
                '${item}'
            </foreach>
        </if>
        <if test="keiBi != null and keiBi != ''">
        	AND RK.KEIBI_NM LIKE CONCAT(CONCAT('%', #{keiBi}, '%')) ESCAPE '/'
        </if>
	</select>

    <!-- B)警備先地区論理番号リストの取得(GHS) -->
	<select id="searchRkbChikuGhs" resultMap="BaseResultMap">
		SELECT
			RKC.LN_KB_CHIKU as lnKbChiku
		FROM
			<!-- 警備先地区-->
			R_KB_CHIKU RKC
		WHERE
			RKC.LN_KEIBI = #{lnKeibi}
		ORDER BY
			RKC.SUB_ADDR
	</select>
	
	<!-- 入居管理論理番号取得(GHS). -->
	<select id="searchLnTenantMng" resultType="java.lang.String">
		SELECT
		RTM.LN_TENANT_MNG as lnTenantMng
		FROM
		<!-- R_入居管理、R_警備先-->
		R_TENANT_MNG RTM
		INNER JOIN R_KEIBI RK
		ON RTM.LN_KEIBI = RK.LN_KEIBI
		WHERE
		RK.LN_KEIBI = #{lnKeibi}
	</select>

</mapper>