<?xml version="1.0" encoding="UTF-8" ?>
<!DOCTYPE mapper
        PUBLIC "-//mybatis.org//DTD Mapper 3.0//EN"
        "http://mybatis.org/dtd/mybatis-3-mapper.dtd">
<mapper namespace="jp.co.alsok.g6.zwu.dao.mapper.ghs.SZWU4600GhsMapper">
	<!-- 返却用 -->
	<resultMap id="resultMap" type="jp.co.alsok.g6.zwu.entity.g6.SZWU4600Info">
		<id column="lnAcntUserCommon" jdbcType="CHAR" property="lnAcntUserCommon" />
		<result column="acntNm" jdbcType="CHAR" property="acntNm" />
		<result column="mlAddr" jdbcType="CHAR" property="mlAddr" />
		<result column="acntUserKbn" jdbcType="CHAR" property="acntUserKbn" />
		<result column="rgstSts" jdbcType="CHAR" property="rgstSts" />
		<result column="loginSts" jdbcType="CHAR" property="loginSts" />
		<result column="mlSendSts" jdbcType="CHAR" property="mlSendSts" />
		<result column="updateTs" jdbcType="CHAR" property="updateTs" />
		<result column="lnTenantMng" jdbcType="CHAR" property="lnTenantMng" />
		<result column="lnAcntUserAuth" jdbcType="CHAR" property="lnAcntUserAuth" />
		<result column="acntTypeGhs" jdbcType="CHAR" property="acntTypeGhs" />
	</resultMap>

	<!-- 契約先アカウント情報一覧取得(GHS) -->
	<select id="getAcntKeiykInfoList" parameterType="java.lang.String" resultMap="resultMap">
		<![CDATA[
			SELECT
				LN_ACNT_KEIYK AS lnAcntUserCommon,/*-- R_契約先アカウント.LN_契約先アカウント論理番号 */
				USER_NM AS acntNm,/*-- R_契約先アカウント.社員名 */
				ML_ADDR AS mlAddr,/*-- R_契約先アカウント.メールアドレス */
				ACNT_TYPE AS acntUserKbn,/*-- R_契約先アカウント.アカウント区分 */
				RGST_STS AS rgstSts,/*-- R_契約先アカウント.登録状態 */
				LOGIN_STS AS loginSts,/*-- R_契約先アカウント.ログイン許可状態 */
				ML_SEND_STS AS mlSendSts,/*--R_契約先アカウント.メール通知許可状態*/
				UPDATE_TS AS updateTs,
				3 AS acntTypeGhs
			FROM
				R_ACNT_KEIYK
			WHERE
				LN_KEIYK = #{lnKeiyk} /*--R_契約先アカウント.LN_契約先論理番号 = ログイン情報の契約先論理番号*/
			ORDER BY
			 ACNT_TYPE DESC,LN_ACNT_KEIYK ASC
		 ]]>
	</select>

	<!-- 利用者アカウントの入居管理論理番号取得(GHS) -->
	<select id="getAcntUserInfo" parameterType="java.lang.String" resultMap="resultMap">
		<![CDATA[
			SELECT
				LN_ACNT_USER AS lnAcntUserCommon,/*-- R_利用者アカウント.LN_利用者アカウント論理番号 */
				LN_TENANT_MNG AS lnTenantMng /*-- R_利用者アカウント.LN_入居管理論理番号 */
			FROM
				R_ACNT_USER
			WHERE
				LN_ACNT_USER = #{lnAcntUserCommon} /*--R_利用者アカウントのLN_利用者アカウント論理番号 = セッション情報のGHSアカウント論理番号*/
			ORDER BY
				LN_ACNT_USER ASC
		 ]]>
	</select>

	<!-- 利用者アカウント情報一覧取得(GHS) -->
	<select id="getAcntUserInfoList" parameterType="java.lang.String" resultMap="resultMap">
			SELECT
				LN_ACNT_USER AS lnAcntUserCommon,/*-- R_利用者アカウント.LN_利用者アカウント論理番号 */
				USER_NM AS acntNm,/*-- R_利用者アカウント.ユーザー氏名 */
				ML_ADDR AS mlAddr,/*-- R_利用者アカウント.メールアドレス */
				ACNT_TYPE AS acntUserKbn,/*-- R_利用者アカウント.アカウント区分 */
				RGST_STS AS rgstSts,/*-- R_利用者アカウント.登録状態 */
				LOGIN_STS AS loginSts,/*-- R_利用者アカウント.ログイン許可状態 */
				ML_SEND_STS AS mlSendSts,/*--R_利用者アカウント.メール通知許可状態*/
				UPDATE_TS AS updateTs,
				2 AS acntTypeGhs
			FROM
				R_ACNT_USER
			WHERE
				LN_TENANT_MNG = #{lnTenantMng} /*--R_利用者アカウント.LN_入居管理論理番号 = ログイン情報の入居管理論理番号*/
			<if test="acntUserKbn == 2 ">
				AND ACNT_TYPE = #{acntUserKbn}
			</if>
			ORDER BY
				ACNT_TYPE DESC,LN_ACNT_USER ASC
	</select>

	<!-- R_利用者アカウントのロック -->
	<select id="getRacntUserForUpd" parameterType="java.lang.String" resultType="java.lang.String">
		<![CDATA[
		SELECT
			LN_ACNT_USER /*--R_利用者アカウント.LN_利用者アカウント論理番号*/
		FROM
			R_ACNT_USER
		WHERE
			LN_ACNT_USER = #{lnAcntUserCommon}  /*--R_利用者アカウント.LN_利用者アカウント論理番号*/
		AND 
			UPDATE_TS = #{updateTs} 
			
		]]>
	</select>

	<!-- R_利用者アカウント権限のロック -->
	<select id="getRacntUserAuthForUpd" parameterType="java.lang.String" resultMap="resultMap">
		<![CDATA[
		SELECT
			LN_ACNT_USER_AUTH AS lnAcntUserAuth /*-- R_利用者アカウント権限.LN_利用者アカウント権限論理番号 */
		FROM
			R_ACNT_USER_AUTH
		WHERE
			LN_ACNT_USER = #{lnAcntUserCommon} FOR UPDATE  /*-- R_利用者アカウント権限.LN_利用者アカウント論理番号*/
		]]>
	</select>

	<!-- R_利用者アカウント権限の削除 -->
	<delete id="deleteRacntUserAuth" parameterType="java.util.HashMap">
		<![CDATA[
		DELETE
			FROM
		R_ACNT_USER_AUTH
		WHERE
			LN_ACNT_USER = #{lnAcntUserCommon}
		]]>
	</delete>

	<!-- R_利用者アカウントの削除 -->
	<delete id="deleteRacntUser" parameterType="java.util.HashMap">
		<![CDATA[
		DELETE
			FROM
		R_ACNT_USER
		WHERE
			LN_ACNT_USER = #{lnAcntUserCommon}
		]]>
	</delete>

	<!-- 契約先アカウント情報一覧取得（CSV出力DB検索内容（GHS）） -->
	<select id="getAcntKeiykInfoListCsv" parameterType="java.lang.String" resultType="java.util.HashMap">
		SELECT
			@rownum :=@rownum + 1 AS rownum,
			t.USER_NM AS ACNT_NM,
			t.ML_ADDR AS ACNT_ID,
			t.ACNT_TYPE AS ACNT_USER_KBN,
			t.USER_NUM
		FROM
		(
			SELECT
				@rownum := 0,
				USER_NM,/*-- R_契約先アカウント.社員名 */
				ML_ADDR,/*--R_契約先アカウント.メールアドレス */
				ACNT_TYPE,/*-- R_契約先アカウント.アカウント区分 */
				USER_NUM /*--R_契約先アカウント.社員番号 */
			FROM
				R_ACNT_KEIYK
			WHERE
				LN_KEIYK = #{lnKeiyk} /*--R_契約先アカウント.LN_契約先論理番号 = ログイン情報の契約先論理番号*/
			ORDER BY
				ACNT_TYPE DESC,LN_ACNT_KEIYK ASC
		) t
	</select>

	<!-- 利用者アカウント情報一覧取得（CSV出力DB検索内容（GHS）） -->
	<select id="getAcntUserInfoListCsv" parameterType="java.lang.String" resultType="java.util.HashMap">
		SELECT
		@rownum :=@rownum + 1 AS rownum,
		t.USER_NM AS ACNT_NM,
		t.ML_ADDR AS ACNT_ID,
		t.ACNT_TYPE AS ACNT_USER_KBN,
		t.USER_NUM AS USER_NUM
		FROM
		(
			SELECT
				@rownum := 0,
				USER_NM,/*-- R_利用者アカウント.ユーザー氏名 */
				ML_ADDR,/*-- R_利用者アカウント.メールアドレス */
				ACNT_TYPE,/*-- R_利用者アカウント.アカウント区分 */
				'' AS USER_NUM /*-- R_利用者アカウント.社員番号 */
			FROM
				R_ACNT_USER
			WHERE
				LN_TENANT_MNG = #{lnTenantMng} /*--R_利用者アカウント.LN_入居管理論理番号 = ログイン情報の入居管理論理番号*/
			ORDER BY
				ACNT_TYPE DESC,LN_ACNT_USER ASC
		) t
	</select>

	<!-- アカウント状態の更新 -->
	<update id="updateRacntUser" parameterType="java.util.HashMap">
		<![CDATA[
		UPDATE
			R_ACNT_USER
		SET
			RGST_STS = #{rgstSts},
			LOGIN_STS = #{loginSts},
			ML_SEND_STS = #{mlSendSts},
			STS_UPD_TS = #{stsUpdTs},
			ID_UPDATE = #{idUpdate},
			UPDATE_NM = #{updateNm},
			UPDATE_TS = #{updateTs}
		WHERE
			LN_ACNT_USER = #{lnAcntUserCommon} /*-- LN_利用者アカウント共通論理番号 */
		]]>
	</update>

	<!-- アカウント仮登録情報の登録 -->
	<insert id="insertEacntPreRgst" parameterType="java.util.HashMap">
		INSERT INTO E_ACNT_PRE_RGST
		<trim prefix="(" suffix=")" suffixOverrides=",">
			<if test="lnAcntPreRgst != null">
				LN_ACNT_PRE_RGST,
			</if>
			<if test="acntType != null">
				ACNT_TYPE,
			</if>
			<if test="lnAcnt != null">
				LN_ACNT,
			</if>
			<if test="sts != null">
				STS,
			</if>
			<if test="acntPreRgstTs != null">
				ACNT_PRE_RGST_TS,
			</if>
			<if test="idInsert != null">
				ID_INSERT,
			</if>
			<if test="insertNm != null">
				INSERT_NM,
			</if>
			<if test="insertTs != null">
				INSERT_TS,
			</if>
			<if test="idUpdate != null">
				ID_UPDATE,
			</if>
			<if test="updateNm != null">
				UPDATE_NM,
			</if>
			<if test="updateTs != null">
				UPDATE_TS,
			</if>
		</trim>
		<trim prefix="values (" suffix=")" suffixOverrides=",">
			<if test="lnAcntPreRgst != null">
				#{lnAcntPreRgst,jdbcType=CHAR},
			</if>
			<if test="acntType != null">
				#{acntType,jdbcType=CHAR},
			</if>
			<if test="lnAcnt != null">
				#{lnAcnt,jdbcType=CHAR},
			</if>
			<if test="sts != null">
				#{sts,jdbcType=CHAR},
			</if>
			<if test="acntPreRgstTs != null">
				#{acntPreRgstTs,jdbcType=CHAR},
			</if>
			<if test="idInsert != null">
				#{idInsert,jdbcType=CHAR},
			</if>
			<if test="insertNm != null">
				#{insertNm,jdbcType=CHAR},
			</if>
			<if test="insertTs != null">
				#{insertTs,jdbcType=TIMESTAMP},
			</if>
			<if test="idUpdate != null">
				#{idUpdate,jdbcType=CHAR},
			</if>
			<if test="updateNm != null">
				#{updateNm,jdbcType=CHAR},
			</if>
			<if test="updateTs != null">
				#{updateTs,jdbcType=TIMESTAMP},
			</if>
		</trim>
	</insert>

	<!-- メール送信依頼の登録 -->
	<insert id="insertWQueAcMlTrig" parameterType="java.util.HashMap">
		INSERT INTO W_QUE_AC_ML_TRIG
		<trim prefix="(" suffix=")" suffixOverrides=",">
			<if test="lnQueAcMlTrig != null">
				LN_QUE_AC_ML_TRIG,
			</if>
			<if test="acntType != null">
				ACNT_TYPE,
			</if>
			<if test="lnAcnt != null">
				LN_ACNT,
			</if>
			<if test="mlKind != null">
				ML_KIND,
			</if>
			<if test="lnSendTgt != null">
				LN_SEND_TGT,
			</if>
			<if test="sts != null">
				STS,
			</if>
			<if test="idInsert != null">
				ID_INSERT,
			</if>
			<if test="insertNm != null">
				INSERT_NM,
			</if>
			<if test="insertTs != null">
				INSERT_TS,
			</if>
			<if test="idUpdate != null">
				ID_UPDATE,
			</if>
			<if test="updateNm != null">
				UPDATE_NM,
			</if>
			<if test="updateTs != null">
				UPDATE_TS,
			</if>
		</trim>
		<trim prefix="values (" suffix=")" suffixOverrides=",">
			<if test="lnQueAcMlTrig != null">
				#{lnQueAcMlTrig,jdbcType=CHAR},
			</if>
			<if test="acntType != null">
				#{acntType,jdbcType=CHAR},
			</if>
			<if test="lnAcnt != null">
				#{lnAcnt,jdbcType=CHAR},
			</if>
			<if test="mlKind != null">
				#{mlKind,jdbcType=CHAR},
			</if>
			<if test="lnSendTgt != null">
				#{lnSendTgt,jdbcType=CHAR},
			</if>
			<if test="sts != null">
				#{sts,jdbcType=CHAR},
			</if>
			<if test="idInsert != null">
				#{idInsert,jdbcType=CHAR},
			</if>
			<if test="insertNm != null">
				#{insertNm,jdbcType=CHAR},
			</if>
			<if test="insertTs != null">
				#{insertTs,jdbcType=TIMESTAMP},
			</if>
			<if test="idUpdate != null">
				#{idUpdate,jdbcType=CHAR},
			</if>
			<if test="updateNm != null">
				#{updateNm,jdbcType=CHAR},
			</if>
			<if test="updateTs != null">
				#{updateTs,jdbcType=TIMESTAMP},
			</if>
		</trim>
	</insert>
	<!-- A)利用者メールアドレス検索 -->
	<select id="selectByMlAddrGshs" parameterType="java.lang.String" resultMap="resultMap">
		<![CDATA[
			SELECT
				LN_ACNT_USER AS lnAcntUserCommon/*-- R_利用者アカウント.LN_利用者アカウント論理番号 */
			FROM
				R_ACNT_USER
			WHERE
				GS_HS_TYPE = #{gshsType} /*--R_利用者アカウント.GSHS区分=ログイン情報のGSHS区分*/
			AND
				ML_ADDR = #{mlAddr} /*--R_利用者アカウント.メールアドレス=CSVから取り込んだメールアドレス*/
		 ]]>
	</select>
	<!-- B)契約先メールアドレス検索 -->
	<select id="selectByMlAddrKeiyk" parameterType="java.lang.String" resultMap="resultMap">
		<![CDATA[
			SELECT
				LN_ACNT_KEIYK AS lnAcntUserCommon/*-- R_契約先アカウント.LN_契約先アカウント論理番号 */
			FROM
				R_ACNT_KEIYK
			WHERE
				ML_ADDR = #{mlAddr} /*--R_契約先アカウント.メールアドレス=CSVから取り込んだメールアドレス*/
		 ]]>
	</select>
</mapper>