<?xml version="1.0" encoding="UTF-8" ?>
<!DOCTYPE mapper
        PUBLIC "-//mybatis.org//DTD Mapper 3.0//EN"
        "http://mybatis.org/dtd/mybatis-3-mapper.dtd">
<mapper namespace="jp.co.alsok.g6.zwu.dao.mapper.ghs.SZWU7300GhsMapper">
  <!-- 返却用 -->
  <resultMap id="BaseResultMap" type="jp.co.alsok.g6.zwu.entity.g6.SZWU7300Info">
    <result column="lnAcntUserCommon" jdbcType="CHAR" property="lnAcntUserCommon" />
    <result column="passWd" jdbcType="CHAR" property="passWd" />
    <result column="jigyouNm" jdbcType="CHAR" property="jigyouNm" />
    <result column="jigyouTelNum" jdbcType="CHAR" property="jigyouTelNum" />
  </resultMap>

  <!-- 契約先ユーザー情報のロック -->
  <select id="searchRAcntKeiyk" resultMap="BaseResultMap">
	SELECT 
    	LN_ACNT_KEIYK AS lnAcntUserCommon, 
    	PASSWD AS passWd
	FROM
    	R_ACNT_KEIYK
	WHERE
    	LN_ACNT_KEIYK = #{lnAcntUserCommon}
  </select>
  
  <!-- 利用者ユーザー情報のロック -->
  <select id="searchRAcntUser" resultMap="BaseResultMap">
	SELECT 
    	LN_ACNT_USER AS lnAcntUserCommon, 
    	PASSWD AS passWd
	FROM
    	R_ACNT_USER
	WHERE
    	LN_ACNT_USER = #{lnAcntUserCommon}
  </select>
  
  <!-- 契約先ユーザー情報を更新する-->
  <update id="updateRAcntKeiyk" parameterType="java.util.Map">
    UPDATE R_ACNT_KEIYK
    <set>
    	<if test="mlAddr != null">
    		ML_ADDR = #{mlAddr,jdbcType=CHAR},
    	</if>
    	<if test="userNm != null">
    		USER_NM = #{userNm,jdbcType=CHAR},
    	</if>
    	<if test="idUpdate != null">
    		ID_UPDATE = #{idUpdate,jdbcType=CHAR},
    	</if>
    	<if test="updateNm != null">
    		UPDATE_NM = #{updateNm,jdbcType=CHAR},
    	</if>
    	<if test="updateTs != null">
    		UPDATE_TS = #{updateTs,jdbcType=TIMESTAMP}
    	</if>
    </set>
    WHERE LN_ACNT_KEIYK = #{lnAcntKeiyk,jdbcType=CHAR}
  </update>
  
  <!-- 利用者ユーザー情報を更新する -->
  <update id="updateRAcntUser" parameterType="java.util.Map">
	UPDATE R_ACNT_USER
    <set>
    	<if test="mlAddr != null">
    		ML_ADDR = #{mlAddr,jdbcType=CHAR},
    	</if>
    	<if test="userNm != null">
    		USER_NM = #{userNm,jdbcType=CHAR},
    	</if>
    	<if test="idUpdate != null">
    		ID_UPDATE = #{idUpdate,jdbcType=CHAR},
    	</if>
    	<if test="updateNm != null">
    		UPDATE_NM = #{updateNm,jdbcType=CHAR},
    	</if>
    	<if test="updateTs != null">
    		UPDATE_TS = #{updateTs,jdbcType=TIMESTAMP}
    	</if>
    </set>
    WHERE LN_ACNT_USER = #{lnAcntUser,jdbcType=CHAR}
    AND GS_HS_TYPE = '2'
  </update>

  <!-- 仮登録情報を設定-->
  <insert id="insertEPasswdRgst" parameterType="java.util.Map">
	INSERT INTO E_PASSWD_RGST
    <trim prefix="(" suffix=")" suffixOverrides="," >
      <if test="lnPasswdRgst != null" >
        LN_PASSWD_RGST,
      </if>
      <if test="acntType != null" >
        ACNT_TYPE,
      </if>
      <if test="lnAcnt != null" >
        LN_ACNT,
      </if>
      <if test="sts != null" >
        STS,
      </if>
      <if test="passwdRgstAblTs != null" >
        PASSWD_RGST_ABL_TS,
      </if>
      <if test="idInsert != null" >
        ID_INSERT,
      </if>
      <if test="insertNm != null" >
        INSERT_NM,
      </if>
      <if test="insertTs != null" >
        INSERT_TS,
      </if>
      <if test="idUpdate != null" >
        ID_UPDATE,
      </if>
      <if test="updateNm != null" >
        UPDATE_NM,
      </if>
      <if test="updateTs != null" >
        UPDATE_TS,
      </if>
    </trim>
    <trim prefix="values (" suffix=")" suffixOverrides="," >
     <if test="lnPasswdRgst != null" >
        #{lnPasswdRgst,jdbcType=CHAR},
      </if>
      <if test="acntType != null" >
        #{acntType,jdbcType=CHAR},
      </if>
      <if test="lnAcnt != null" >
        #{lnAcnt,jdbcType=CHAR},
      </if>
      <if test="sts != null" >
        #{sts,jdbcType=CHAR},
      </if>
      <if test="passwdRgstAblTs != null" >
        #{passwdRgstAblTs,jdbcType=CHAR},
      </if>
      <if test="idInsert != null" >
        #{idInsert,jdbcType=CHAR},
      </if>
      <if test="insertNm != null" >
        #{insertNm,jdbcType=CHAR},
      </if>
      <if test="insertTs != null" >
        #{insertTs,jdbcType=TIMESTAMP},
      </if>
      <if test="idUpdate != null" >
        #{idUpdate,jdbcType=CHAR},
      </if>
      <if test="updateNm != null" >
        #{updateNm,jdbcType=CHAR},
      </if>
      <if test="updateTs != null" >
        #{updateTs,jdbcType=TIMESTAMP},
      </if>
    </trim>
  </insert>
  
  <!-- 再登録メール送信キューの設定-->
  <insert id="insertWQueAcMlTrig" parameterType="java.util.Map">
	INSERT INTO W_QUE_AC_ML_TRIG
    <trim prefix="(" suffix=")" suffixOverrides="," >
      <if test="lnQueAcMlTrig != null" >
        LN_QUE_AC_ML_TRIG,
      </if>
      <if test="acntType != null" >
        ACNT_TYPE,
      </if>
      <if test="lnAcnt != null" >
        LN_ACNT,
      </if>
      <if test="mlKind != null" >
        ML_KIND,
      </if>
      <if test="lnSendTgt != null" >
        LN_SEND_TGT,
      </if>
      <if test="sts != null" >
        STS,
      </if>
      <if test="idInsert != null" >
        ID_INSERT,
      </if>
      <if test="insertNm != null" >
        INSERT_NM,
      </if>
      <if test="insertTs != null" >
        INSERT_TS,
      </if>
      <if test="idUpdate != null" >
        ID_UPDATE,
      </if>
      <if test="updateNm != null" >
        UPDATE_NM,
      </if>
      <if test="updateTs != null" >
        UPDATE_TS,
      </if>
    </trim>
    <trim prefix="values (" suffix=")" suffixOverrides="," >
     <if test="lnQueAcMlTrig != null" >
        #{lnQueAcMlTrig,jdbcType=CHAR},
      </if>
      <if test="acntType != null" >
        #{acntType,jdbcType=CHAR},
      </if>
      <if test="lnAcnt != null" >
        #{lnAcnt,jdbcType=CHAR},
      </if>
      <if test="mlKind != null" >
        #{mlKind,jdbcType=CHAR},
      </if>
      <if test="lnSendTgt != null" >
        #{lnSendTgt,jdbcType=CHAR},
      </if>
      <if test="sts != null" >
        #{sts,jdbcType=CHAR},
      </if>
      <if test="idInsert != null" >
        #{idInsert,jdbcType=CHAR},
      </if>
      <if test="insertNm != null" >
        #{insertNm,jdbcType=CHAR},
      </if>
      <if test="insertTs != null" >
        #{insertTs,jdbcType=TIMESTAMP},
      </if>
      <if test="idUpdate != null" >
        #{idUpdate,jdbcType=CHAR},
      </if>
      <if test="updateNm != null" >
        #{updateNm,jdbcType=CHAR},
      </if>
      <if test="updateTs != null" >
        #{updateTs,jdbcType=TIMESTAMP},
      </if>
    </trim>
  </insert>

</mapper>