<?xml version="1.0" encoding="UTF-8" ?>
<!DOCTYPE mapper
        PUBLIC "-//mybatis.org//DTD Mapper 3.0//EN"
        "http://mybatis.org/dtd/mybatis-3-mapper.dtd">
<mapper namespace="jp.co.alsok.g6.zwu.dao.mapper.ghs.SZWU6300GhsMapper">
	<!-- 返却用 -->
	<resultMap id="BaseResultMap" type="jp.co.alsok.g6.zwu.entity.g6.SZWU6300Info">
		<id column="LN_ALSOK_NOTICE" jdbcType="CHAR" property="lnHAlsokNotice" />
		<result column="RGST_TS" jdbcType="CHAR" property="rgstTs" />
		<result column="BODY" jdbcType="CHAR" property="body" />
		<result column="TITLE" jdbcType="CHAR" property="title" />
		<result column="SENDER_NM" jdbcType="CHAR" property="senderNm" />
		<result column="SEND_TM" jdbcType="CHAR" property="sendTs" />
		<result column="FLG_ML_SEND" jdbcType="CHAR" property="flgMlSend" />
		<result column="FLG_ML_SEND_SVC_TYPE" jdbcType="CHAR" property="flgMlSendSvcKind" />
		<result column="LN_ACNT_KEIYK" jdbcType="CHAR" property="lnAcntKeiyk" />
		<result column="LN_ACNT_USER" jdbcType="CHAR" property="lnAcntUser" />
	</resultMap>

	<!-- GHS(契約先)の場合、お知らせの一覧情報を取得する -->
	<select id="getGhsContractDestinationEAlsokNoticeListInfo" resultMap="BaseResultMap">
		SELECT
			E.LN_ALSOK_NOTICE,
			E.RGST_TS,
			E.BODY,
			E.TITLE,
			E.SENDER_NM,
			E.SEND_TM AS SEND_TM,
			E.FLG_ML_SEND,
			E.FLG_ML_SEND_SVC_TYPE,
			EK.LN_ACNT_KEIYK
		FROM
			E_ALSOK_NOTICE E
		LEFT JOIN
			E_KEIYAKU_ALSOK_NOTICE_ML_TGT EK
			ON
			E.LN_ALSOK_NOTICE = EK.LN_ALSOK_NOTICE
			AND (EK.LN_ACNT_KEIYK = ${userLgNo}
			OR EK.LN_ACNT_KEIYK IS NULL)
		WHERE
			E.SEND_TM
			BETWEEN #{fromDate, jdbcType=TIMESTAMP}
			AND #{toDate, jdbcType=TIMESTAMP}
		ORDER BY
			E.RGST_TS DESC,
			E.LN_ALSOK_NOTICE DESC
	</select>

	<!-- GHS(利用者)の場合、お知らせの一覧情報を取得する -->
	<select id="getGhsTheUserEAlsokNoticeListInfo" resultMap="BaseResultMap">
		SELECT
			E.LN_ALSOK_NOTICE,
			E.RGST_TS,
			E.BODY,
			E.TITLE,
			E.SENDER_NM,
			E.SEND_TM AS SEND_TM,
			E.FLG_ML_SEND,
			E.FLG_ML_SEND_SVC_TYPE,
			EA.LN_ACNT_USER
		FROM
			E_ALSOK_NOTICE E
		LEFT JOIN E_ALSOK_NOTICE_ML_TGT EA
			ON
			E.LN_ALSOK_NOTICE = EA.LN_ALSOK_NOTICE
			AND (EA.LN_ACNT_USER = ${userLgNo}
			OR EA.LN_ACNT_USER IS NULL)
		WHERE
			E.SEND_TM
			BETWEEN #{fromDate, jdbcType=TIMESTAMP}
			AND #{toDate, jdbcType=TIMESTAMP}
		ORDER BY
			E.RGST_TS DESC,
			E.LN_ALSOK_NOTICE DESC
	</select>

</mapper>