<?xml version="1.0" encoding="UTF-8" ?>
<!DOCTYPE mapper
        PUBLIC "-//mybatis.org//DTD Mapper 3.0//EN"
        "http://mybatis.org/dtd/mybatis-3-mapper.dtd">
<mapper namespace="jp.co.alsok.g6.zwu.dao.mapper.ghs.SZWU7600GhsMapper">
	<resultMap id="BaseResultMap" type="jp.co.alsok.g6.zwu.entity.g6.SZWU7600Info">
		<result column="QUESTION_CD_1" jdbcType="CHAR" property="questionCd1" />
		<result column="ANSWER_1" jdbcType="CHAR" property="answer1" />
		<result column="QUESTION_CD_2" jdbcType="CHAR" property="questionCd2" />
		<result column="ANSWER_2" jdbcType="CHAR" property="answer2" />
		<result column="QUESTION_CD_3" jdbcType="CHAR" property="questionCd3" />
		<result column="ANSWER_3" jdbcType="CHAR" property="answer3" />
		<result column="UPDATE_TS" jdbcType="CHAR" property="updateTs" />
	</resultMap>
	<!-- 秘密の質問情報の取得 -->
	<select id="searchRnswer" parameterType="java.util.HashMap" resultMap="BaseResultMap">
        SELECT
			QUESTION_CD_1,
			ANSWER_1,
			QUESTION_CD_2,
            ANSWER_2,
            QUESTION_CD_3,
            ANSWER_3,
            UPDATE_TS
		FROM
			R_ANSWER
		WHERE
			LN_ACNT = #{lnAcntUserCommon} /*-- LN_アカウント論理番号 */
			<if test="updateTs != null">
			AND UPDATE_TS = '${updateTs}'
		    </if>
			LIMIT 1 
	</select>

	<!-- 秘密の質問追加 -->
	<insert id="insertRnswer" parameterType="java.util.HashMap">
		INSERT INTO R_ANSWER
		<trim prefix="(" suffix=")" suffixOverrides=",">
			<if test="lnAcntUserCommon != null">
				LN_ACNT,
			</if>
			<if test="acntType != null">
				ACNT_TYPE,
			</if>
			<if test="questionCd1 != null">
				QUESTION_CD_1,
			</if>
			<if test="answer1 != null">
				ANSWER_1,
			</if>
			<if test="questionCd2 != null">
				QUESTION_CD_2,
			</if>
			<if test="answer2 != null">
				ANSWER_2,
			</if>
			<if test="questionCd3 != null">
				QUESTION_CD_3,
			</if>
			<if test="answer3 != null">
				ANSWER_3,
			</if>
			<if test="idInsert != null">
				ID_INSERT,
			</if>
			<if test="insertNm != null">
				INSERT_NM,
			</if>
			<if test="insertTs != null">
				INSERT_TS,
			</if>
			<if test="idUpdate != null">
				ID_UPDATE,
			</if>
			<if test="updateNm != null">
				UPDATE_NM,
			</if>
			<if test="updateTs != null">
				UPDATE_TS,
			</if>
		</trim>
		<trim prefix="values (" suffix=")" suffixOverrides=",">
			<if test="lnAcntUserCommon != null">
				#{lnAcntUserCommon},
			</if>
			<if test="acntType != null">
				#{acntType},
			</if>
			<if test="questionCd1 != null">
				#{questionCd1},
			</if>
			<if test="answer1 != null">
				#{answer1},
			</if>
			<if test="questionCd2 != null">
				#{questionCd2},
			</if>
			<if test="answer2 != null">
				#{answer2},
			</if>
			<if test="questionCd3 != null">
				#{questionCd3},
			</if>
			<if test="answer3 != null">
				#{answer3},
			</if>
			<if test="idInsert != null">
				#{idInsert},
			</if>
			<if test="insertNm != null">
				#{insertNm},
			</if>
			<if test="insertTs != null">
				#{insertTs},
			</if>
			<if test="idUpdate != null">
				#{idUpdate},
			</if>
			<if test="updateNm != null">
				#{updateNm},
			</if>
			<if test="updateTs != null">
				#{updateTs},
			</if>
		</trim>
	</insert>

	<!-- 秘密の質問更新 -->
	<update id="updateRnswer" parameterType="java.util.HashMap">
		UPDATE
		R_ANSWER
		<set>
			<if test="questionCd1 != null">
				QUESTION_CD_1 = #{questionCd1,jdbcType=CHAR},
			</if>
			<if test="answer1 != null">
				ANSWER_1 = #{answer1,jdbcType=CHAR},
			</if>
			<if test="questionCd2 != null">
				QUESTION_CD_2 = #{questionCd2,jdbcType=CHAR},
			</if>
			<if test="answer2 != null">
				ANSWER_2 = #{answer2,jdbcType=CHAR},
			</if>
			<if test="questionCd3 != null">
				QUESTION_CD_3 = #{questionCd3,jdbcType=CHAR},
			</if>
			<if test="answer3 != null">
				ANSWER_3 = #{answer3,jdbcType=CHAR},
			</if>
			<if test="idUpdate != null">
				ID_UPDATE = #{idUpdate,jdbcType=CHAR},
			</if>
			<if test="updateNm != null">
				UPDATE_NM = #{updateNm,jdbcType=CHAR},
			</if>
			<if test="updateTs != null">
				UPDATE_TS = #{updateTs,jdbcType=TIMESTAMP},
			</if>
		</set>
		WHERE
		LN_ACNT = #{lnAcntUserCommon} /*-- LN_アカウント論理番号 */
	</update>
</mapper>