<?xml version="1.0" encoding="UTF-8" ?>
<!DOCTYPE mapper
        PUBLIC "-//mybatis.org//DTD Mapper 3.0//EN"
        "http://mybatis.org/dtd/mybatis-3-mapper.dtd">
<mapper namespace="jp.co.alsok.g6.zwu.dao.mapper.ghs.SZWU1200GhsMapper">
	<!-- 返却用 -->
	<resultMap id="BaseResultMap" type="jp.co.alsok.g6.zwu.entity.g6.SZWU1200Info">
		<id column="lnKbChiku" jdbcType="CHAR" property="lnKbChiku" />
		<result column="sendTs" jdbcType="CHAR" property="sendTs" />
		<result column="sdKobetuNm" jdbcType="CHAR" property="sdKobetuNm" />
		<result column="sigKind1" jdbcType="CHAR" property="sigKind1" />
		<result column="sigKind2" jdbcType="CHAR" property="sigKind2" />
		<result column="operationUser" jdbcType="CHAR" property="operationUser" />
		<result column="lnKbInf" jdbcType="CHAR" property="lnKbInf" />
		<result column="mailBody" jdbcType="CHAR" property="mailBody" />
		<result column="rmType" jdbcType="CHAR" property="rmType" />
		<result column="sigNm" jdbcType="CHAR" property="sigNm" />
		<result column="lnKeibi" jdbcType="CHAR" property="lnKeibi" />
		<result column="lnKbInf" jdbcType="CHAR" property="lnKbInf" />
		<result column="rmType" jdbcType="CHAR" property="rmType" />
		<result column="sigNm" jdbcType="CHAR" property="sigNm" />
	</resultMap>
	<!-- 返却用 -->
	<resultMap id="AreaBaseResultMap" type="jp.co.alsok.g6.zwu.entity.g6.SZWU1200AreaInfo">
		<id column="lnKbChiku" jdbcType="CHAR" property="lnKbChiku" />
		<result column="sdKobetuNm" jdbcType="CHAR" property="sdKobetuNm" />
		<result column="chiku" jdbcType="CHAR" property="chiku" />
	</resultMap>

	<!-- 地区プルダウン情報の取得 -->
	<select id="searchGhsAreaList" resultMap="AreaBaseResultMap">
		SELECT
		R.LN_KB_CHIKU as lnKbChiku,
		R.SD_KOBETU_NM as sdKobetuNm,
		R.CHIKU as chiku,
		R.SUB_ADDR as subAddr
		FROM
		R_KB_CHIKU R
		WHERE
		  R.LN_KEIBI = '${lnKeibi}'
		  AND R.ENTRY_STS IN ('1', '2')
		  <if test="subAddr != null and subAddr !=''">
			AND R.SUB_ADDR IN ${subAddr}
		  </if>
		ORDER BY R.SUB_ADDR
	</select>

	<!-- 警備履歴情報の取得 -->
	<select id="selectGhsInfoList" resultMap="BaseResultMap">
		SELECT
			E.SEND_TM AS sendTs,
			R.SD_KOBETU_NM AS sdKobetuNm,
			E.SIG_TYPE_1 AS sigKind1,
			E.SIG_TYPE_2 AS sigKind2,
			E.OPERATION_USER AS operationUser,
			E.LN_KB_INF AS lnKbInf,
			E.BODY AS mailBody,
			E.RM_TYPE AS rmType,
			E.SIG_NM AS sigNm,
			R.LN_KB_CHIKU AS lnKbChiku
		FROM
			E_KB_NOTICE E
			INNER JOIN R_KB_CHIKU R ON E.LN_KB_CHIKU = R.LN_KB_CHIKU
		WHERE
			E.SEND_TM &gt;= #{fromDate}
			AND E.SEND_TM &lt;= #{toDate}
			AND R.LN_KEIBI = #{lnKeibi}
		<if test="areaCd != 0">
			AND R.CHIKU = #{areaCd}
		</if>
			AND (
		<if test="guardOperationList != null and guardOperationList.size > 0">
			( E.SIG_TYPE_1 = '01' AND E.SIG_TYPE_2 IN
			<foreach item="item" index="index" collection="guardOperationList" open="(" separator="," close=")">
				#{item}
			</foreach>
			)
		</if>
		<if test="operationFlag == true">
			OR
		</if>
		<if test="guardVacantFlag == true">
			( E.SIG_TYPE_1 = '04' AND E.SIG_TYPE_2 IN ('02', '03')) OR (E.SIG_TYPE_1 = '50' AND E.SIG_TYPE_2 = '00')
		</if>
		<if test="alarmFlag == true">
			OR
		</if>
		<if test="warningList != null and warningList.size > 0">
			( E.SIG_TYPE_1 = '11' AND E.SIG_TYPE_2 IN
			<foreach item="item" index="index" collection="warningList" open="(" separator="," close=")">
				#{item}
			</foreach>
			)
		</if>
		)
		ORDER BY E.SEND_TM DESC,E.LN_KB_INF DESC
		<if test=" null != pageSize">
			LIMIT #{offset} , #{pageSize}
		</if>
	</select>

	<!-- カード番号取得 -->
	<select id="searchGhsCardId" resultType="java.lang.String">
		SELECT
		E.CARD_KOTEI_ID
		FROM
		E_KB_INF_HTBL E
		WHERE
		E.LN_KB_INF = '${lnKbInf}'
	</select>

	<!-- (利用者)メール送信対象情報の取得 -->
	<select id="searchGhsLnKbInftheUser" resultType="java.lang.String">
		SELECT
		E.LN_KB_INF
		FROM
		E_KB_NOTICE_ML_TGT E
		WHERE
		E.LN_KB_INF = '${lnKbInf}'
	</select>

	<!-- (契約者)メール送信対象情報の取得 -->
	<select id="searchGhsLnKbInfContractDestination" resultType="java.lang.String">
		SELECT
		E.LN_KB_INF
		FROM
		E_KEIYK_KB_NOTICE_ML_TGT E
		WHERE
		E.LN_KB_INF = '${lnKbInf}'
	</select>
	<!-- 警備履歴情報の取得 -->
	<select id="searchGhsListInfoCnt" resultType="java.lang.Integer">
		SELECT
			COUNT(E.LN_KB_INF)
		FROM
			E_KB_NOTICE E
			INNER JOIN R_KB_CHIKU R ON E.LN_KB_CHIKU = R.LN_KB_CHIKU
		WHERE
            E.SEND_TM &gt;= #{fromDate}
            AND E.SEND_TM &lt;= #{toDate}
            AND R.LN_KEIBI = #{lnKeibi}
		<if test="areaCd != 0">
			AND R.CHIKU = #{areaCd}
		</if>
		AND (
		<if test="guardOperationList != null and guardOperationList.size > 0">
			( E.SIG_TYPE_1 = '01' AND E.SIG_TYPE_2 IN
			<foreach item="item" index="index" collection="guardOperationList" open="(" separator="," close=")">
				#{item}
			</foreach>
			)
		</if>
		<if test="operationFlag == true">
			OR
		</if>
		<if test="guardVacantFlag == true">
			( E.SIG_TYPE_1 = '04' AND E.SIG_TYPE_2 IN ('02', '03')) OR (E.SIG_TYPE_1 = '50' AND E.SIG_TYPE_2 = '00')
		</if>
		<if test="alarmFlag == true">
			OR
		</if>
		<if test="warningList != null and warningList.size > 0">
			( E.SIG_TYPE_1 = '11' AND E.SIG_TYPE_2 IN
			<foreach item="item" index="index" collection="warningList" open="(" separator="," close=")">
				#{item}
			</foreach>
			)
		</if>
		)
		ORDER BY E.SEND_TM DESC,E.LN_KB_INF DESC
	</select>
	
	   <!--C)GSHSフラグ情報の取得（GHS） -->
    <select id="selectGshsFlgInfo" resultType="java.lang.String">
        SELECT
        RK.FLG_GSHS
        FROM R_KEIBI RK
        INNER JOIN R_DENKEI_MNG RDM
        ON RK.LN_KEIBI = RDM.LN_KEIBI
        WHERE RK.LN_KEIBI = #{keibi}
        AND RDM.FLG_LAST = '1'
    </select>
</mapper>