<?xml version="1.0" encoding="UTF-8" ?>
<!DOCTYPE mapper
        PUBLIC "-//mybatis.org//DTD Mapper 3.0//EN"
        "http://mybatis.org/dtd/mybatis-3-mapper.dtd">
<mapper namespace="jp.co.alsok.g6.zwu.dao.mapper.ghs.SZWU4900GhsMapper">

	<resultMap id="BaseResultMap" type="jp.co.alsok.g6.zwu.entity.g6.SZWU4900Info">
		<result column="lnAcntKeiykAuth" jdbcType="CHAR" property="lnAcntKeiykAuth" />
		<result column="lnAcntUserAuth" jdbcType="CHAR" property="lnAcntUserAuth" />
		<result column="keibiNm" jdbcType="CHAR" property="keibiName1" />
		<result column="subAddr" jdbcType="CHAR" property="subAddr" />
		<result column="sdKobetuNm" jdbcType="CHAR" property="sdKobetuNm" />
		<result column="flgMlGaisyutsu" jdbcType="CHAR" property="flgMlGaisyutsu" />
		<result column="flgMlKeiho" jdbcType="CHAR" property="flgMlKeiho" />
		<result column="flgMlOther" jdbcType="CHAR" property="flgMlOther" />
		<result column="updateTs" jdbcType="CHAR" property="updateTs" />
	</resultMap>
	<!-- メール配信設定情報の取得(契約先) -->
	<select id="selectKeiykSendMailInfo" parameterType="java.util.HashMap" resultMap="BaseResultMap">
      <![CDATA[
      	SELECT 
			C.UPDATE_TS AS updateTs,
			C.LN_ACNT_KEIYK_AUTH AS lnAcntKeiykAuth,
			B.KEIBI_NM AS keibiNm,
			A.SUB_ADDR AS subAddr,
			A.SD_KOBETU_NM AS sdKobetuNm,
			C.FLG_ML_GAISYUTSU AS flgMlGaisyutsu,
			C.FLG_ML_KEIHO AS flgMlKeiho,
			C.FLG_ML_OTHER AS flgMlOther
		FROM
			R_KB_CHIKU A
		    INNER JOIN R_KEIBI B ON B.LN_KEIBI = A.LN_KEIBI
		    INNER JOIN R_ACNT_KEIYK_AUTH C ON C.LN_KB_CHIKU = A.LN_KB_CHIKU
		WHERE 0=0
		AND C.LN_ACNT_KEIYK = #{lnAcntUserCommon}
		ORDER BY B.KEIBI_NM, A.SUB_ADDR
          ]]>
	</select>

	<!-- メール配信設定情報の取得(利用者) -->
	<select id="selectUserSendMailInfo" parameterType="java.util.HashMap" resultMap="BaseResultMap">
      <![CDATA[
		SELECT 
			C.UPDATE_TS AS updateTs,
			C.LN_ACNT_USER_AUTH AS lnAcntUserAuth,
			B.KEIBI_NM AS keibiNm,
			A.SUB_ADDR AS subAddr,
			A.SD_KOBETU_NM AS sdKobetuNm,
			C.FLG_ML_GAISYUTSU AS flgMlGaisyutsu,
			C.FLG_ML_KEIHO AS flgMlKeiho,
			C.FLG_ML_OTHER AS flgMlOther
		FROM
			R_KB_CHIKU A
			INNER JOIN R_KEIBI B ON B.LN_KEIBI = A.LN_KEIBI
			INNER JOIN R_ACNT_USER_AUTH C ON C.LN_KB_CHIKU = A.LN_KB_CHIKU
		WHERE 0=0
		AND C.LN_ACNT_USER = #{lnAcntUserCommon}
		ORDER BY B.KEIBI_NM, A.SUB_ADDR
          ]]>
	</select>

	<!-- 契約先アカウント権限のロック -->
	<select id="selectKeiykInfo" resultType="java.lang.Integer">
		SELECT
			COUNT(LN_ACNT_KEIYK_AUTH)
		FROM
			R_ACNT_KEIYK_AUTH 
		WHERE 0 = 0 
		<if test="lnAcntKeiykAuth != null and lnAcntKeiykAuth !=''">
			AND LN_ACNT_KEIYK_AUTH = #{lnAcntKeiykAuth}
		</if>
		<if test="updateTs != null">
			AND UPDATE_TS = #{updateTs}
		</if>
	</select>

	<!-- 利用者アカウント権限のロック -->
	<select id="selectUserInfo" resultType="java.lang.Integer">
		SELECT 
			COUNT(LN_ACNT_USER_AUTH)
		FROM
		    R_ACNT_USER_AUTH
		WHERE 0=0
		<if test="lnAcntUserAuth != null and lnAcntUserAuth !=''">
			AND LN_ACNT_USER_AUTH = #{lnAcntUserAuth}
		</if>
		<if test="updateTs != null">
			AND UPDATE_TS = #{updateTs}
		</if>
	</select>

	<!-- R_契約先アカウント権限更新 -->
	<update id="updateRAcntKeiykAuth" parameterType="java.util.Map">
		UPDATE R_ACNT_KEIYK_AUTH
		<set>
			<if test="flgMlGaisyutsu != null">
				FLG_ML_GAISYUTSU = #{flgMlGaisyutsu,jdbcType=CHAR},
			</if>
			<if test="flgMlKeiho != null">
				FLG_ML_KEIHO = #{flgMlKeiho,jdbcType=CHAR},
			</if>
			<if test="flgMlOther != null">
				FLG_ML_OTHER = #{flgMlOther,jdbcType=CHAR},
			</if>
			<if test="idUpdate != null">
				ID_UPDATE = #{idUpdate,jdbcType=CHAR},
			</if>
			<if test="updateNm != null">
				UPDATE_NM = #{updateNm,jdbcType=CHAR},
			</if>
			<if test="updateTs != null">
				UPDATE_TS = #{updateTs,jdbcType=CHAR},
			</if>
		</set>
		WHERE LN_ACNT_KEIYK_AUTH = #{lnAcntKeiykAuth,jdbcType=CHAR}
	</update>

	<!-- R_利用者アカウント権限更新 -->
	<update id="updateRAcntUserAuth" parameterType="java.util.Map">
		UPDATE R_ACNT_USER_AUTH
		<set>
			<if test="flgMlGaisyutsu != null">
				FLG_ML_GAISYUTSU = #{flgMlGaisyutsu,jdbcType=CHAR},
			</if>
			<if test="flgMlKeiho != null">
				FLG_ML_KEIHO = #{flgMlKeiho,jdbcType=CHAR},
			</if>
			<if test="flgMlOther != null">
				FLG_ML_OTHER = #{flgMlOther,jdbcType=CHAR},
			</if>
			<if test="idUpdate != null">
				ID_UPDATE = #{idUpdate,jdbcType=CHAR},
			</if>
			<if test="updateNm != null">
				UPDATE_NM = #{updateNm,jdbcType=CHAR},
			</if>
			<if test="updateTs != null">
				UPDATE_TS = #{updateTs,jdbcType=CHAR},
			</if>
		</set>
		WHERE LN_ACNT_USER_AUTH = #{lnAcntUserAuth,jdbcType=CHAR}
	</update>
</mapper>