<?xml version="1.0" encoding="UTF-8" ?>
<!DOCTYPE mapper
        PUBLIC "-//mybatis.org//DTD Mapper 3.0//EN"
        "http://mybatis.org/dtd/mybatis-3-mapper.dtd">
<mapper namespace="jp.co.alsok.g6.zwu.dao.mapper.ghs.SZWU0200GhsMapper">
	<resultMap id="BaseResultMap" type="jp.co.alsok.g6.zwu.entity.g6.SZWU0200Info">
		<id column="LN_ACNT" jdbcType="CHAR" property="lnAcntUser" />
		<result column="QUESTION_CD_1" jdbcType="CHAR" property="questionCd1" />
		<result column="ANSWER_1" jdbcType="CHAR" property="answer1" />
		<result column="QUESTION_CD_2" jdbcType="CHAR" property="questionCd2" />
		<result column="ANSWER_2" jdbcType="CHAR" property="answer2" />
		<result column="QUESTION_CD_3" jdbcType="CHAR" property="questionCd3" />
		<result column="ANSWER_3" jdbcType="CHAR" property="answer3" />
	</resultMap>

	<!-- 秘密の質問情報(GHS利用者)の取得 -->
	<select id="searchHsRanswer" parameterType="java.util.HashMap" resultMap="BaseResultMap">
        <![CDATA[
        SELECT
        	LN_ACNT,
			QUESTION_CD_1,
			ANSWER_1,
			QUESTION_CD_2,
            ANSWER_2,
            QUESTION_CD_3,
            ANSWER_3
		FROM
			R_ANSWER
		WHERE
			LN_ACNT = #{lnAcntUser} /*-- LN_アカウント論理番号 */
			AND ACNT_TYPE = '1'
        ]]>
	</select>

	<!-- 秘密の質問情報(GHS契約先)の取得 -->
	<select id="searchGsRanswer" parameterType="java.util.HashMap" resultMap="BaseResultMap">
        <![CDATA[
        SELECT
        	LN_ACNT,
			QUESTION_CD_1,
			ANSWER_1,
			QUESTION_CD_2,
            ANSWER_2,
            QUESTION_CD_3,
            ANSWER_3
		FROM
			R_ANSWER
		WHERE
			LN_ACNT = #{lnAcntUser} /*-- LN_アカウント論理番号 */
			AND ACNT_TYPE = '2'
        ]]>
	</select>

	<!-- 仮登録情報を設定 -->
	<insert id="insertEpasswdRgst" parameterType="java.util.HashMap">
		INSERT INTO E_PASSWD_RGST
		<trim prefix="(" suffix=")" suffixOverrides=",">
			<if test="lnPasswdRgst != null">
				LN_PASSWD_RGST,
			</if>
			<if test="acntType != null">
				ACNT_TYPE,
			</if>
			<if test="lnAcnt != null">
				LN_ACNT,
			</if>
			<if test="sts != null">
				STS,
			</if>
			<if test="passwdRgstAblTs != null">
				PASSWD_RGST_ABL_TS,
			</if>
			<if test="idInsert != null">
				ID_INSERT,
			</if>
			<if test="insertNm != null">
				INSERT_NM,
			</if>
			<if test="insertTs != null">
				INSERT_TS,
			</if>
			<if test="idUpdate != null">
				ID_UPDATE,
			</if>
			<if test="updateNm != null">
				UPDATE_NM,
			</if>
			<if test="updateTs != null">
				UPDATE_TS,
			</if>
		</trim>
		<trim prefix="values (" suffix=")" suffixOverrides=",">
			<if test="lnPasswdRgst != null">
				#{lnPasswdRgst,jdbcType=CHAR},
			</if>
			<if test="acntType != null">
				#{acntType,jdbcType=CHAR},
			</if>
			<if test="lnAcnt != null">
				#{lnAcnt,jdbcType=CHAR},
			</if>
			<if test="sts != null">
				#{sts,jdbcType=CHAR},
			</if>
			<if test="passwdRgstAblTs != null">
				#{passwdRgstAblTs,jdbcType=CHAR},
			</if>
			<if test="idInsert != null">
				#{idInsert,jdbcType=CHAR},
			</if>
			<if test="insertNm != null">
				#{insertNm,jdbcType=CHAR},
			</if>
			<if test="insertTs != null">
				#{insertTs,jdbcType=TIMESTAMP},
			</if>
			<if test="idUpdate != null">
				#{idUpdate,jdbcType=CHAR},
			</if>
			<if test="updateNm != null">
				#{updateNm,jdbcType=CHAR},
			</if>
			<if test="updateTs != null">
				#{updateTs,jdbcType=TIMESTAMP},
			</if>
		</trim>
	</insert>

	<!-- 再登録メール送信キューの設定 -->
	<insert id="insertWQueAcMlTrig" parameterType="java.util.HashMap">
		INSERT INTO W_QUE_AC_ML_TRIG
		<trim prefix="(" suffix=")" suffixOverrides=",">
			<if test="lnQueAcMlTrig != null">
				LN_QUE_AC_ML_TRIG,
			</if>
			<if test="acntType != null">
				ACNT_TYPE,
			</if>
			<if test="lnAcnt != null">
				LN_ACNT,
			</if>
			<if test="mlKind != null">
				ML_KIND,
			</if>
			<if test="lnSendTgt != null">
				LN_SEND_TGT,
			</if>
			<if test="sts != null">
				STS,
			</if>
			<if test="idInsert != null">
				ID_INSERT,
			</if>
			<if test="insertNm != null">
				INSERT_NM,
			</if>
			<if test="insertTs != null">
				INSERT_TS,
			</if>
			<if test="idUpdate != null">
				ID_UPDATE,
			</if>
			<if test="updateNm != null">
				UPDATE_NM,
			</if>
			<if test="updateTs != null">
				UPDATE_TS,
			</if>
		</trim>
		<trim prefix="values (" suffix=")" suffixOverrides=",">
			<if test="lnQueAcMlTrig != null">
				#{lnQueAcMlTrig,jdbcType=CHAR},
			</if>
			<if test="acntType != null">
				#{acntType,jdbcType=CHAR},
			</if>
			<if test="lnAcnt != null">
				#{lnAcnt,jdbcType=CHAR},
			</if>
			<if test="mlKind != null">
				#{mlKind,jdbcType=CHAR},
			</if>
			<if test="lnSendTgt != null">
				#{lnSendTgt,jdbcType=CHAR},
			</if>
			<if test="sts != null">
				#{sts,jdbcType=CHAR},
			</if>
			<if test="idInsert != null">
				#{idInsert,jdbcType=CHAR},
			</if>
			<if test="insertNm != null">
				#{insertNm,jdbcType=CHAR},
			</if>
			<if test="insertTs != null">
				#{insertTs,jdbcType=TIMESTAMP},
			</if>
			<if test="idUpdate != null">
				#{idUpdate,jdbcType=CHAR},
			</if>
			<if test="updateNm != null">
				#{updateNm,jdbcType=CHAR},
			</if>
			<if test="updateTs != null">
				#{updateTs,jdbcType=TIMESTAMP},
			</if>
		</trim>
	</insert>
</mapper>