<?xml version="1.0" encoding="UTF-8"?>
<beans xmlns="http://www.springframework.org/schema/beans"
	xmlns:xsi="http://www.w3.org/2001/XMLSchema-instance"
	xsi:schemaLocation="http://www.springframework.org/schema/beans http://www.springframework.org/schema/beans/spring-beans.xsd">

	<bean id="_bioMatcherConfigService"
		class="com.nec.biomatcher.comp.config.impl.BioMatcherConfigServiceImpl" depends-on="bioMatcherCompParameterConfigurator">
		<property name="bioMatcherConfigDao" ref="bioMatcherConfigDao" />
		<property name="bioLockingService" ref="bioLockingService" />
		<property name="bioParameterService" ref="bioParameterService" />
	</bean>

	<bean id="bioMatcherConfigDao"
		class="com.nec.biomatcher.comp.config.dataAccess.impl.BioMatcherConfigHibernateImpl"
		parent="abstractDao" lazy-init="true">
	</bean>

	<bean id="bioMatcherCompParameterConfigurator" class="com.nec.biomatcher.comp.util.BioParameterConfigurator" lazy-init="false">
		<property name="bioParameterService" ref="bioParameterService" />
		<property name="bioParameters">
			<list>
				<value>{ name:"CALLBACK_THREAD_CONCURRENCY", value="20", scope="DEFAULT", dataType="NUMBER", description="Callback notification thread concurrency count"}</value>
				<value>{ name:"JOB_TIMEOUT_THREAD_CONCURRENCY", value="20", scope="DEFAULT", dataType="NUMBER", description="Job timeout notification thread concurrency count"}</value>
				<value>{ name:"LOBSTREAM_RETENTION_HOURS", value="2", scope="DEFAULT", dataType="NUMBER", description="Lob stream payload files retention hours"}</value>
				<value>{ name:"SLIDING_TIME_WINDOW_RESERVOIR_SECONDS", value="60", scope="DEFAULT", dataType="NUMBER", description="Metrics sliding time window reservoir seconds"}</value>
				<value>{ name:"METRICS_FILE_STORAGE_REPORTER_DELAY_SECONDS", value="20", scope="DEFAULT", dataType="NUMBER", description="Metrics file storage reporter delay seconds"}</value>
				<value>{ name:"METRICS_FILE_STORAGE_RETENTION_HOURS", value="72", scope="DEFAULT", dataType="NUMBER", description="Metrics file storage retention hours"}</value>
				<value>{ name:"ENABLE_METRICS_FILE_STORAGE_REPORTER_FLAG", value="true", scope="DEFAULT", dataType="BOOLEAN", description="Metrics file reporter storage enabled flag"}</value>
				<value>{ name:"ENABLE_METRICS_INFLUX_DB_REPORTER_FLAG", value="false", scope="DEFAULT", dataType="BOOLEAN", description="Metrics INFLUX db reporter enabled flag"}</value>
				<value>{ name:"SERVER_METRICS_WINDOW_DATA_CACHE_TTL_SECONDS", value="20", scope="DEFAULT", dataType="NUMBER", description="Server metrics window data cache 'Time To Live' seconds"}</value>
				<value>{ name:"BIOMETRIC_ID_PRELOAD_CONCURRENCY_COUNT", value="5", scope="DEFAULT", dataType="NUMBER", description="Biometric ID prefetch thread concurrency count"}</value>
				<value>{ name:"BIOMETRIC_ID_PRELOAD_MIN_SIZE_THRESHOLD", value="25", scope="DEFAULT", dataType="NUMBER", description="Biometric ID minimum prefetch list size threshold"}</value>
				<value>{ name:"RELEASED_BIOMETRIC_ID_CHECK_DELAY_MILLI", value="600000", scope="DEFAULT", dataType="NUMBER", description="Released Biometric ID check delay"}</value>
				<value>{ name:"MAX_PRELOAD_BIOMETRIC_ID_COUNT", value="50", scope="DEFAULT", dataType="NUMBER", description="Max Biometric ID prefetch count"}</value>
				<value>{ name:"BIOMETRIC_ID_INFO_CACHE_TTL_SECONDS", value="120", scope="DEFAULT", dataType="NUMBER", description="Biometric ID record readonly cache 'Time To Live' seconds"}</value>
				<value>{ name:"EVENT_COUNT_BY_BINID_SEGMENTID_TTL_SECONDS", value="120", scope="DEFAULT", dataType="NUMBER", description="Event count by bin statistics cache 'Time To Live' seconds"}</value>
				<value>{ name:"EVENT_METRICS_CHART_DATA_CACHE_TTL_SECONDS", value="120", scope="DEFAULT", dataType="NUMBER", description="Event count by segment statistics cache 'Time To Live' seconds"}</value>
				<value>{ name:"SERVER_METRICS_POLL_INTERVAL_MILLI", value="20000", scope="ADMIN", dataType="NUMBER", description="Server metrics browser polling interval "}</value>
				<value>{ name:"DEFAULT_CHART_WINDOW_MINUTES", value="30", scope="ADMIN", dataType="NUMBER", description="Default Browser chart window minutes"}</value>
				<value>{ name:"LOBSTREAM_STORAGE_PATH", value="sys{user.home}/storage/lobstream/data/", scope="DEFAULT", dataType="STRING", description="Lob stream payload file storage path"}</value>
			</list>
		</property>
	</bean>
	
</beans>
