<?xml version="1.0" encoding="UTF-8"?>
<beans xmlns="http://www.springframework.org/schema/beans"
	xmlns:xsi="http://www.w3.org/2001/XMLSchema-instance"
	xsi:schemaLocation="http://www.springframework.org/schema/beans http://www.springframework.org/schema/beans/spring-beans.xsd">

	<bean id="_bioMatchManagerService"
		class="com.nec.biomatcher.comp.manager.impl.BioMatchManagerServiceImpl">
		<property name="bioMatchManagerDao" ref="bioMatchManagerDao" />
		<property name="bioLockingService" ref="bioLockingService" />
		<property name="bioMatcherConfigService" ref="bioMatcherConfigService" />
	</bean>

	<bean id="bioMatchManagerDao"
		class="com.nec.biomatcher.comp.manager.dataAccess.impl.BioMatchManagerHibernateImpl"
		parent="abstractDao" lazy-init="true">
	</bean>
	
	
	<bean id="httpCallbackService"
		class="com.nec.biomatcher.comp.callback.impl.HttpCallbackServiceImpl">
	</bean>
	
	<bean id="zmqCallbackService"
		class="com.nec.biomatcher.comp.callback.impl.ZmqCallbackServiceImpl">
	</bean>
	
	
	
	<bean id="hazelcastAdminCluster"
		class="com.nec.biomatcher.comp.cluster.HazelcastAdminCluster" depends-on="bioMatcherManagerParameterConfigurator">
		<property name="bioMatcherConfigService" ref="bioMatcherConfigService" />
		<property name="bioParameterService" ref="bioParameterService" />
	</bean>
	
	<bean id="adminClusterInstance" factory-bean="hazelcastAdminCluster" factory-method="getClusterInstance">
    </bean>
      
	<bean id="bioMatcherManagerParameterConfigurator" class="com.nec.biomatcher.comp.util.BioParameterConfigurator" lazy-init="false">
		<property name="bioParameterService" ref="bioParameterService" />
		<property name="bioParameters">
			<list>
				<value>{ name:"ADMIN_CLUSTER_PORT", value="5050", scope="DEFAULT", dataType="NUMBER", description="Hazelcast admin cluster default port"}</value>
			</list>
		</property>
	</bean>
</beans>
