<?xml version="1.0" encoding="UTF-8"?>
<beans xmlns="http://www.springframework.org/schema/beans"
	xmlns:xsi="http://www.w3.org/2001/XMLSchema-instance"
	xsi:schemaLocation="http://www.springframework.org/schema/beans http://www.springframework.org/schema/beans/spring-beans.xsd">

	<bean id="templateStorageDao"
		class="com.nec.biomatcher.comp.template.storage.dataAccess.impl.TemplateStorageHibernateImpl"
		parent="abstractDao" lazy-init="true">
	</bean>
	
	<bean id="_templateStorageService"
		class="com.nec.biomatcher.comp.template.storage.impl.TemplateStorageServiceImpl">
		<property name="templateStorageDao" ref="templateStorageDao" />
	</bean>
	
	
	<bean id="templateDataFileService"
		class="com.nec.biomatcher.comp.template.storage.impl.TemplateDataFileServiceImpl">
		<property name="templateStorageService" ref="templateStorageService" />
	</bean>
	
	<bean id="_templateDataDbService"
		class="com.nec.biomatcher.comp.template.storage.impl.TemplateDataDbServiceImpl">
		<property name="templateStorageDao" ref="templateStorageDao" />
	</bean>
	
	<bean id="templateDataFileToDbService"
		class="com.nec.biomatcher.comp.template.storage.impl.TemplateDataFileToDbServiceImpl">
		<property name="templateDataFileService" ref="templateDataFileService" />
		<property name="templateDataDbService" ref="templateDataDbService" />
	</bean>
	
	<bean id="templateDataCassandraService"
		class="com.nec.biomatcher.comp.template.storage.impl.TemplateDataCassandraServiceImpl">
		<property name="bioMatcherConfigService" ref="bioMatcherConfigService" />
	</bean>
	

	<bean id="templateDataService"
		class="com.nec.biomatcher.comp.template.storage.impl.TemplateDataDelegateServiceImpl">
		<property name="bioParameterService" ref="bioParameterService" />
		<property name="templateDataFileService" ref="templateDataFileService" />
		<property name="templateDataDbService" ref="templateDataDbService" />
		<property name="templateDataFileToDbService" ref="templateDataFileToDbService" />
		<property name="templateDataCassandraService" ref="templateDataCassandraService" />
	</bean>
</beans>
