<?xml version="1.0" encoding="UTF-8"?>
<metadata modelVersion="1.1.0">
  <groupId>jp.co.nec.slb</groupId>
  <artifactId>segmentloadbalance</artifactId>
  <version>5.0.0-SNAPSHOT</version>
  <versioning>
    <snapshot>
      <timestamp>20150407.131516</timestamp>
      <buildNumber>4</buildNumber>
    </snapshot>
    <lastUpdated>20150407131516</lastUpdated>
    <snapshotVersions>
      <snapshotVersion>
        <extension>jar</extension>
        <value>5.0.0-20150407.131516-4</value>
        <updated>20150407131516</updated>
      </snapshotVersion>
      <snapshotVersion>
        <extension>pom</extension>
        <value>5.0.0-20150407.131516-4</value>
        <updated>20150407131516</updated>
      </snapshotVersion>
    </snapshotVersions>
  </versioning>
</metadata>
