<?xml version="1.0" encoding="UTF-8"?>
<jboss xmlns="http://www.jboss.com/xml/ns/javaee" xmlns:xsi="http://www.w3.org/2001/XMLSchema-instance"
	xsi:schemaLocation="http://www.jboss.com/xml/ns/javaee  
                           http://www.jboss.org/j2ee/schema/jboss_5_0.xsd"
	version="3.0">
	<enterprise-beans>
		<message-driven>
			<ejb-name>identify_DLQ_event</ejb-name>
			<destination-jndi-name>queue/identify_DLQ_event</destination-jndi-name>
			<create-destination>true</create-destination>
		</message-driven>

		<message-driven>
			<ejb-name>identify_queue_event</ejb-name>
			<destination-jndi-name>queue/identify_queue_event</destination-jndi-name>
			<create-destination>true</create-destination>
		</message-driven>

		<message-driven>
			<ejb-name>aggregation_queue_event</ejb-name>
			<destination-jndi-name>queue/aggregation_queue_event</destination-jndi-name>
			<create-destination>true</create-destination>
		</message-driven>

		<message-driven>
			<ejb-name>identify_prepare_template_event</ejb-name>
			<destination-jndi-name>queue/identify_prepare_template_event</destination-jndi-name>
			<create-destination>true</create-destination>
		</message-driven>

		<message-driven>
			<ejb-name>enroll_queue_event</ejb-name>
			<destination-jndi-name>queue/enroll_queue_event</destination-jndi-name>
			<create-destination>true</create-destination>
		</message-driven>

		<message-driven>
			<ejb-name>enroll_DLQ_event</ejb-name>
			<destination-jndi-name>queue/enroll_DLQ_event</destination-jndi-name>
			<create-destination>true</create-destination>
		</message-driven>

		<message-driven>
			<ejb-name>template_manager_queue</ejb-name>
			<destination-jndi-name>queue/template_manager_queue</destination-jndi-name>
			<create-destination>true</create-destination>
		</message-driven>

		<message-driven>
			<ejb-name>enroll_sync_seg_queue</ejb-name>
			<destination-jndi-name>queue/enroll_sync_seg_queue</destination-jndi-name>
			<create-destination>true</create-destination>
		</message-driven>

	</enterprise-beans>
</jboss>  