<assembly
	xmlns="http://maven.apache.org/plugins/maven-assembly-plugin/assembly/1.1.2"
	xmlns:xsi="http://www.w3.org/2001/XMLSchema-instance"
	xsi:schemaLocation="http://maven.apache.org/plugins/maven-assembly-plugin/assembly/1.1.2 http://maven.apache.org/xsd/assembly-1.1.2.xsd">

	<id>bin</id>
	<formats>
		<format>zip</format>
	</formats>
	<fileSets>
		<fileSet>
			<directory>${project.basedir}/wildfly-8.1.0.Final/modules/aim/dm/configuration/main</directory>
			<outputDirectory>./</outputDirectory>
			<includes>
				<include>*.properties</include>
			</includes>
		</fileSet>
		<fileSet>
			<directory>src/main/assembly</directory>
			<outputDirectory>./</outputDirectory>
			<includes>
				<include>howToRun.txt</include>
			</includes>
		</fileSet>
	</fileSets>
	<dependencySets>
		<dependencySet>
			<!-- Define jar file name format, exclude version from file name -->
			<outputFileNameMapping>${artifact.artifactId}.${artifact.extension}</outputFileNameMapping>
		</dependencySet>
	</dependencySets>
</assembly>
  