<?xml version="1.0" encoding="UTF-8"?>
<metadata modelVersion="1.1.0">
  <groupId>jp.co.nec.aim.proto</groupId>
  <artifactId>proto</artifactId>
  <version>aim5.1.0-SNAPSHOT</version>
  <versioning>
    <snapshot>
      <timestamp>20160105.061708</timestamp>
      <buildNumber>10</buildNumber>
    </snapshot>
    <lastUpdated>20160105061708</lastUpdated>
    <snapshotVersions>
      <snapshotVersion>
        <extension>jar</extension>
        <value>aim5.1.0-20160105.061708-10</value>
        <updated>20160105061708</updated>
      </snapshotVersion>
      <snapshotVersion>
        <extension>pom</extension>
        <value>aim5.1.0-20160105.061708-10</value>
        <updated>20160105061708</updated>
      </snapshotVersion>
    </snapshotVersions>
  </versioning>
</metadata>
