<?xml version="1.0"?>
<!DOCTYPE hibernate-mapping PUBLIC "-//Hibernate/Hibernate Mapping DTD 3.0//EN"
	"http://www.hibernate.org/dtd/hibernate-mapping-3.0.dtd">

<hibernate-mapping package="com.nec.biomatcher.comp.entities.dataAccess">
	<class name="BiometricEventInfo" table="BIO_EVENT_INFO">
		<id name="biometricId" type="java.lang.Long" column="BIOMETRIC_ID">
			<generator class="assigned" />
		</id>
		<property name="externalId" type="java.lang.String" column="EXTERNAL_ID" not-null="true"/>
		<property name="eventId" type="java.lang.String" column="EVENT_ID" not-null="false"/>
		<property name="binId" type="java.lang.Integer" column="BIN_ID" not-null="true"/>
		<property name="status" column="STATUS" not-null="true" >
			<type name="com.nec.biomatcher.core.framework.dataAccess.types.ValuedEnumUserType">
	        	<param name="enumClass">com.nec.biomatcher.spec.transfer.event.BiometricEventStatus</param>
	    	</type>
		</property>
		<property name="phase" column="PHASE" not-null="true" >
			<type name="com.nec.biomatcher.core.framework.dataAccess.types.ValuedEnumUserType">
	        	<param name="enumClass">com.nec.biomatcher.spec.transfer.event.BiometricEventPhase</param>
	    	</type>
		</property>
		<property name="createDateTime" type="java.util.Date" column="CREATE_DATETIME" not-null="true"/>
		<property name="updateDateTime" type="java.util.Date" column="UPDATE_DATETIME" not-null="false"/>
		<property name="templateDataKey" type="java.lang.String" column="TEMPLATE_DATA_KEY" not-null="false"/>
		<property name="templateSize" type="java.lang.Integer" column="TEMPLATE_SIZE" not-null="false"/>
		<property name="dataVersion" type="java.lang.Long" column="DATA_VERSION" not-null="false"/>
		<property name="assignedSegmentId" type="java.lang.Integer" column="ASSIGNED_SEGMENT_ID" not-null="false"/>
		<property name="segmentSyncDateTime" type="java.util.Date" column="SEGMENT_SYNC_DATETIME" not-null="false"/>
		<property name="errorDateTime" type="java.util.Date" column="ERROR_DATETIME" not-null="false"/>
		<property name="siteId" type="java.lang.String" column="SITE_ID" not-null="false"/>
	</class>
</hibernate-mapping>
