<?xml version="1.0"?>
<!DOCTYPE hibernate-mapping PUBLIC "-//Hibernate/Hibernate Mapping DTD 3.0//EN"
	"http://www.hibernate.org/dtd/hibernate-mapping-3.0.dtd">

<hibernate-mapping package="com.nec.biomatcher.comp.entities.dataAccess">
	<class name="BioMatcherSegmentInfo" table="BIO_MATCHER_SEGMENT_INFO">
		<id name="segmentId" type="java.lang.Integer" column="SEGMENT_ID">
			<generator class="assigned" />
		</id>
		<property name="binId" type="java.lang.Integer" column="BIN_ID" not-null="true" update="false" />
		<property name="segmentVersion" type="java.lang.Long" column="SEGMENT_VERSION" not-null="true" />
		<property name="updateDateTime" type="java.util.Date" column="UPDATE_DATETIME" not-null="true" />
	</class>
</hibernate-mapping>
