<?xml version="1.0"?>
<!DOCTYPE hibernate-mapping PUBLIC "-//Hibernate/Hibernate Mapping DTD 3.0//EN"
	"http://www.hibernate.org/dtd/hibernate-mapping-3.0.dtd">

<hibernate-mapping package="com.nec.biomatcher.comp.entities.dataAccess">
	<class name="BiometricIdInfo" table="BIO_IDENTIFIER_INFO">
		<id name="segmentId" type="java.lang.Integer" column="SEGMENT_ID">
			<generator class="assigned" />
		</id>
		<property name="binId" type="java.lang.Integer" column="BIN_ID" not-null="true" update="false" />
		<property name="startBiometricId" type="java.lang.Long" column="START_BIOMETRIC_ID" not-null="true"/>
		<property name="endBiometricId" type="java.lang.Long" column="END_BIOMETRIC_ID" not-null="true"/>
		<property name="currentBiometricId" type="java.lang.Long" column="CURR_BIOMETRIC_ID" not-null="true"/>
	</class>
</hibernate-mapping>
