<?xml version="1.0"?>
<!DOCTYPE hibernate-mapping PUBLIC "-//Hibernate/Hibernate Mapping DTD 3.0//EN"
	"http://www.hibernate.org/dtd/hibernate-mapping-3.0.dtd">

<hibernate-mapping package="com.nec.biomatcher.comp.entities.dataAccess">
	<class name="BioRemoteSiteSyncInfo" table="BIO_REMOTE_SITE_SYNC_INFO">
		<composite-id>
			<key-property name="siteId" column="SITE_ID"
				type="java.lang.String">
			</key-property>
			<key-property name="segmentId" column="SEGMENT_ID"
				type="java.lang.Integer">
			</key-property>
		</composite-id>		
		<property name="insertSegmentVersion" type="java.lang.Long" column="INSERT_SEGMENT_VERSION" not-null="true" />
		<property name="deleteSegmentVersion" type="java.lang.Long" column="DELETE_SEGMENT_VERSION" not-null="true" />
		<property name="updateDateTime" type="java.util.Date" column="UPDATE_DATETIME" not-null="true" />
	</class>
</hibernate-mapping>
