<?xml version="1.0"?>
<!DOCTYPE hibernate-mapping PUBLIC "-//Hibernate/Hibernate Mapping DTD 3.0//EN"
	"http://www.hibernate.org/dtd/hibernate-mapping-3.0.dtd">
   
<hibernate-mapping package="com.nec.biomatcher.comp.template.storage.dataAccess">
	<class name="BioTemplateDataInfo" table="BIO_TEMPLATE_DATA_INFO">
		<id name="templateDataId" type="java.lang.String" column="TEMPLATE_DATA_ID">
			<generator class="assigned" />
		</id>
		<property name="templateData" type="byte[]" column="TEMPLATE_DATA" />
		<property name="createDateTime" type="java.util.Date" column="CREATE_DATETIME" not-null="true" update="false"/>
		<property name="updateDateTime" type="java.util.Date" column="UPDATE_DATETIME" not-null="false"/>
	</class>
</hibernate-mapping>
