<?xml version="1.0" encoding="UTF-8" ?>
<!DOCTYPE mapper PUBLIC "-//mybatis.org//DTD Mapper 3.0//EN" "http://mybatis.org/dtd/mybatis-3-mapper.dtd" >
<mapper namespace="jp.co.alsok.g6.zzw.web.dao.mapper.g5.CommonTaiinMstMapper" >
  <resultMap id="BaseResultMap" type="jp.co.alsok.g6.zzw.web.entity.g5.TaiinMst" >
    <!--
      WARNING - @mbggenerated
      This element is automatically generated by MyBatis Generator, do not modify.
      This element was generated on Mon Jun 11 16:26:47 JST 2018.
    -->
    <id column="LN_TAIIN" property="LN_TAIIN" jdbcType="CHAR" />
    <result column="ID_JIGYO" property="ID_JIGYO" jdbcType="CHAR" />
    <result column="TAIIN_KIND_FLG" property="TAIIN_KIND_FLG" jdbcType="CHAR" />
    <result column="SYAIN_NUM" property="SYAIN_NUM" jdbcType="CHAR" />
    <result column="NM" property="NM" jdbcType="CHAR" />
    <result column="PASS" property="PASS" jdbcType="CHAR" />
    <result column="INSERT_ID" property="INSERT_ID" jdbcType="CHAR" />
    <result column="INSERT_NM" property="INSERT_NM" jdbcType="CHAR" />
    <result column="INSERT_TS" property="INSERT_TS" jdbcType="TIMESTAMP" />
    <result column="ID_LASTUPD" property="ID_LASTUPD" jdbcType="CHAR" />
    <result column="LASTUPD_NM" property="LASTUPD_NM" jdbcType="CHAR" />
    <result column="LASTUPD_TS" property="LASTUPD_TS" jdbcType="TIMESTAMP" />
  </resultMap>
  <sql id="Example_Where_Clause" >
    <!--
      WARNING - @mbggenerated
      This element is automatically generated by MyBatis Generator, do not modify.
      This element was generated on Mon Jun 11 16:26:47 JST 2018.
    -->
    <where >
      <foreach collection="oredCriteria" item="criteria" separator="or" >
        <if test="criteria.valid" >
          <trim prefix="(" suffix=")" prefixOverrides="and" >
            <foreach collection="criteria.criteria" item="criterion" >
              <choose >
                <when test="criterion.noValue" >
                  and ${criterion.condition}
                </when>
                <when test="criterion.singleValue" >
                  and ${criterion.condition} #{criterion.value}
                </when>
                <when test="criterion.betweenValue" >
                  and ${criterion.condition} #{criterion.value} and #{criterion.secondValue}
                </when>
                <when test="criterion.listValue" >
                  and ${criterion.condition}
                  <foreach collection="criterion.value" item="listItem" open="(" close=")" separator="," >
                    #{listItem}
                  </foreach>
                </when>
              </choose>
            </foreach>
          </trim>
        </if>
      </foreach>
    </where>
  </sql>
  <sql id="Base_Column_List" >
    <!--
      WARNING - @mbggenerated
      This element is automatically generated by MyBatis Generator, do not modify.
      This element was generated on Mon Jun 11 16:26:47 JST 2018.
    -->
    LN_TAIIN, ID_JIGYO, TAIIN_KIND_FLG, SYAIN_NUM, NM, PASS, INSERT_ID, INSERT_NM, INSERT_TS,
    ID_LASTUPD, LASTUPD_NM, LASTUPD_TS
  </sql>
  <select id="selectByCondition" resultMap="BaseResultMap" parameterType="jp.co.alsok.g6.zzw.web.entity.g5.TaiinMstCondition" >
    <!--
      WARNING - @mbggenerated
      This element is automatically generated by MyBatis Generator, do not modify.
      This element was generated on Mon Jun 11 16:26:47 JST 2018.
    -->
    select
    <if test="distinct" >
      distinct
    </if>
    <include refid="Base_Column_List" />
    from keibidb.TAIIN_MST
    <if test="_parameter != null" >
      <include refid="Example_Where_Clause" />
    </if>
    <if test="orderByClause != null" >
      order by ${orderByClause}
    </if>
  </select>
</mapper>