<?xml version="1.0" encoding="UTF-8" ?>
<!DOCTYPE mapper PUBLIC "-//mybatis.org//DTD Mapper 3.0//EN" "http://mybatis.org/dtd/mybatis-3-mapper.dtd" >
<mapper namespace="jp.co.alsok.g6.zzw.web.dao.mapper.g5.CommonOperatorMstMapper" >
  <resultMap id="BaseResultMap" type="jp.co.alsok.g6.zzw.web.entity.g5.OperatorMst" >
    <!--
      WARNING - @mbggenerated
      This element is automatically generated by MyBatis Generator, do not modify.
      This element was generated on Tue Jul 24 14:10:03 JST 2018.
    -->
    <id column="LN_OPERATOR" property="LN_OPERATOR" jdbcType="CHAR" />
    <result column="ID_JIGYOU" property="ID_JIGYOU" jdbcType="CHAR" />
    <result column="ID_OPERATOR" property="ID_OPERATOR" jdbcType="CHAR" />
    <result column="PASSWORD" property="PASSWORD" jdbcType="CHAR" />
    <result column="SYAIN_NUM" property="SYAIN_NUM" jdbcType="CHAR" />
    <result column="ID_HANI" property="ID_HANI" jdbcType="CHAR" />
    <result column="NM" property="NM" jdbcType="CHAR" />
    <result column="AUTH_1_FLG" property="AUTH_1_FLG" jdbcType="CHAR" />
    <result column="AUTH_2_FLG" property="AUTH_2_FLG" jdbcType="CHAR" />
    <result column="AUTH_3_FLG" property="AUTH_3_FLG" jdbcType="CHAR" />
    <result column="AUTH_4_FLG" property="AUTH_4_FLG" jdbcType="CHAR" />
    <result column="HYOJI_FLG" property="HYOJI_FLG" jdbcType="CHAR" />
    <result column="KENGEN_ID" property="KENGEN_ID" jdbcType="CHAR" />
    <result column="ID_INSERT" property="ID_INSERT" jdbcType="CHAR" />
    <result column="INSERT_NAME" property="INSERT_NAME" jdbcType="CHAR" />
    <result column="INSERT_TS" property="INSERT_TS" jdbcType="TIMESTAMP" />
    <result column="ID_LASTUPD" property="ID_LASTUPD" jdbcType="CHAR" />
    <result column="LASTUPD_NAME" property="LASTUPD_NAME" jdbcType="CHAR" />
    <result column="LASTUPD_TS" property="LASTUPD_TS" jdbcType="TIMESTAMP" />
    <result column="AUTH_5_FLG" property="AUTH_5_FLG" jdbcType="CHAR" />
  </resultMap>
  <sql id="Example_Where_Clause" >
    <!--
      WARNING - @mbggenerated
      This element is automatically generated by MyBatis Generator, do not modify.
      This element was generated on Tue Jul 24 14:10:03 JST 2018.
    -->
    <where >
      <foreach collection="oredCriteria" item="criteria" separator="or" >
        <if test="criteria.valid" >
          <trim prefix="(" prefixOverrides="and" suffix=")">
            <foreach collection="criteria.criteria" item="criterion" >
              <choose >
                <when test="criterion.noValue" >
                  and ${criterion.condition}
                </when>
                <when test="criterion.singleValue" >
                  and ${criterion.condition} #{criterion.value}
                </when>
                <when test="criterion.betweenValue" >
                  and ${criterion.condition} #{criterion.value} and #{criterion.secondValue}
                </when>
                <when test="criterion.listValue" >
                  and ${criterion.condition}
                  <foreach close=")" collection="criterion.value" item="listItem" open="(" separator=",">
                    #{listItem}
                  </foreach>
                </when>
              </choose>
            </foreach>
          </trim>
        </if>
      </foreach>
    </where>
  </sql>
  <sql id="Base_Column_List" >
    <!--
      WARNING - @mbggenerated
      This element is automatically generated by MyBatis Generator, do not modify.
      This element was generated on Tue Jul 24 14:10:03 JST 2018.
    -->
    LN_OPERATOR, ID_JIGYOU, ID_OPERATOR, PASSWORD, SYAIN_NUM, ID_HANI, NM, AUTH_1_FLG,
    AUTH_2_FLG, AUTH_3_FLG, AUTH_4_FLG, HYOJI_FLG, KENGEN_ID, ID_INSERT, INSERT_NAME,
    INSERT_TS, ID_LASTUPD, LASTUPD_NAME, LASTUPD_TS, AUTH_5_FLG
  </sql>
  <select id="selectByCondition" resultMap="BaseResultMap" parameterType="jp.co.alsok.g6.zzw.web.entity.g5.OperatorMst" >
    <!--
      WARNING - @mbggenerated
      This element is automatically generated by MyBatis Generator, do not modify.
      This element was generated on Tue Jul 24 14:10:03 JST 2018.
    -->
    select
    <if test="distinct" >
      distinct
    </if>
    <include refid="Base_Column_List" />
    from keibidb.OPERATOR_MST
    <if test="_parameter != null" >
      <include refid="Example_Where_Clause" />
    </if>
    <if test="orderByClause != null" >
      order by ${orderByClause}
    </if>
  </select>
</mapper>