<?xml version="1.0" encoding="UTF-8" ?>
<!DOCTYPE mapper
        PUBLIC "-//mybatis.org//DTD Mapper 3.0//EN"
        "http://mybatis.org/dtd/mybatis-3-mapper.dtd">
<mapper namespace="jp.co.alsok.g6.zzw.web.dao.mapper.g5.G5KeibisakiInfoMapper">
  <select id="selectG5ACnt" parameterType="string" resultType="hashmap">
    SELECT
      LN_KEIYK_KOJIN
    FROM
      keibidb.KEIYK_KOJIN_MST
    WHERE
      LN_KEIYK_KOJIN = ${G5_ACNT_NO}
    </select>

  <resultMap id="selectG5KeibisakiInfo" type="jp.co.alsok.g6.zzw.web.dto.KeibisakiInfoDto">
    <id property="lnKeibi" jdbcType="CHAR" column="LN_KEIBI" />
    <result property="systemId" jdbcType="INTEGER" column="SYSTEM_ID" />
    <association property="keibisaki" resultMap="keibisakiInfo" />
	<association property="keiyakusaki" resultMap="keiyakusakiInfo" />
	<association property="keibichiku" javaType="ArrayList" column="{pram1=LN_KEIBI,pram2=LN_ACNT_USER_COMMON}" select="selectG5KeibisakichikuInfo" />
 </resultMap>
	<resultMap id="keibisakiInfo" type="jp.co.alsok.g6.zzw.web.dto.KeibisakiDto">
	<id property="keibisakiId" jdbcType="CHAR" column="LN_KEIBI" />
	<result property="keibisakiName" jdbcType="CHAR" column="KEIBI_NAME1" />
	<result property="keibisakiAddress" jdbcType="CHAR" column="KEIBI_ADDR_1" />
 </resultMap>
 <resultMap id="keiyakusakiInfo" type="jp.co.alsok.g6.zzw.web.dto.KeiyakusakiDto">
	<id property="keiyakusakiId" jdbcType="CHAR" column="LN_KEIYK" />
	<result property="keiyakusakiName" jdbcType="CHAR" column="KEIYK_NM" />
 </resultMap>
    <select id="selectG5KeibisakiInfo" resultMap="selectG5KeibisakiInfo">
        SELECT
          KEIBI.LN_KEIBI AS LN_KEIBI
          , KEIBI.KEIBI_NAME1 AS KEIBI_NAME1
          , KEIYAKU.LN_KEIYK AS LN_KEIYK
          , KEIYAKU.KEIYK_NM AS KEIYK_NM
          , #{G5_ACNT_NO} AS LN_ACNT_USER_COMMON
          , #{systemGv} AS SYSTEM_ID
        FROM
          keibidb.KEIBI_MST AS KEIBI
          INNER JOIN keibidb.KEIYK_MST AS KEIYAKU
            ON KEIYAKU.LN_KEIYK = KEIBI.LN_KEIYAKU
        WHERE
          KEIBI.LN_KEIBI IN (
            SELECT
              AUTH.LN_KEIBI
            FROM
              keibidb.KEIYK_KOJIN_MST AS AUTH
            WHERE
           <if test="G5_ACNT_NO != null and G5_ACNT_NO.length() > 0">
              AUTH.LN_KEIYK_KOJIN = ${G5_ACNT_NO}
           </if>
          )
    </select>



    <resultMap id="keibisakiChikuInfo" type="jp.co.alsok.g6.zzw.web.dto.KeibichikuDto">
        <id property="keibisakiChikuId" jdbcType="CHAR" column="LN_KB_CHIKU" />
        <result property="keibisakiChikuName" jdbcType="CHAR" column="KOBETU_NM" />
        <result property="keibisakId" jdbcType="CHAR" column="LN_KB_MST" />
    </resultMap>
    <select id="selectG5KeibisakichikuInfo" resultMap="keibisakiChikuInfo" >
    SELECT
      CHIKU.LN_KB_CHIKU AS LN_KB_CHIKU
      , CHIKU.KOBETU_NM AS KOBETU_NM
      , CHIKU.LN_KB_MST AS LN_KB_MST
    FROM
      keibidb.KB_CHIKU_MST AS CHIKU
    WHERE
    CHIKU.LN_KB_CHIKU IN (
        SELECT
          AUTHCHIKU.LN_KEIBI_GRP_SET
        FROM
          keibidb.KEIYK_KOJIN_MST AS AUTHCHIKU
        WHERE
          AUTHCHIKU.LN_KEIYK_KOJIN = #{pram2}
          AND AUTHCHIKU.LN_KEIBI_GRP_SET != '*'
      )
      OR CHIKU.LN_KB_MST IN (
        SELECT
          AUTHKEIBI.LN_KEIBI
        FROM
          keibidb.KEIYK_KOJIN_MST AS AUTHKEIBI
        WHERE
          AUTHKEIBI.LN_KEIYK_KOJIN = #{pram2}
          AND AUTHKEIBI.LN_KEIBI_GRP_SET = '*'
      )
      AND CHIKU.LN_KB_MST = #{pram1}
    </select>
</mapper>