<?xml version="1.0" encoding="UTF-8"?>
<beans xmlns="http://www.springframework.org/schema/beans"
	xmlns:xsi="http://www.w3.org/2001/XMLSchema-instance"
	xsi:schemaLocation="http://www.springframework.org/schema/beans http://www.springframework.org/schema/beans/spring-beans.xsd">
	
	<import resource="classpath:/com/nec/biomatcher/comp/resources/spring/services/spring-service-lobstream.xml"/>
	
	<bean id="segmentChangeSetReader"
		class="com.nec.biomatcher.identifier.searchbroker.util.SegmentChangeSetReader"  depends-on="searchBrokerParameterConfigurator">
		<property name="biometricEventService" ref="biometricEventService" />
		<property name="bioMatchManagerService" ref="bioMatchManagerService" />
		<property name="bioMatcherConfigService" ref="bioMatcherConfigService" />
		<property name="bioParameterService" ref="bioParameterService" />
	</bean>
	
	<bean id="bioSearchBrokerManager"
		class="com.nec.biomatcher.identifier.searchbroker.manager.impl.BioSearchBrokerManagerImpl"  depends-on="searchBrokerParameterConfigurator" >
		<property name="bioMatcherConfigService" ref="bioMatcherConfigService" />
		<property name="bioParameterService" ref="bioParameterService" />
		<property name="bioMatchManagerService" ref="bioMatchManagerService" />
		<property name="segmentChangeSetReader" ref="segmentChangeSetReader" />
		<property name="matcherNodeStatusCheckHelper" ref="matcherNodeStatusCheckHelper" />
	</bean>
	
	<bean id="bioSearchBrokerService"
		class="com.nec.biomatcher.identifier.searchbroker.service.impl.BioSearchBrokerServiceImpl"  depends-on="searchBrokerParameterConfigurator">
		<property name="biometricEventService" ref="biometricEventService" />
		<property name="bioMatchManagerService" ref="bioMatchManagerService" />
		<property name="bioMatcherConfigService" ref="bioMatcherConfigService" />
		<property name="bioSearchBrokerManager" ref="bioSearchBrokerManager" />
		<property name="lobImageService" ref="lobImageService" />
	</bean>



	<!-- bean id="searchJobSnClientHelper"
		class="com.nec.biomatcher.identifier.searchbroker.util.SearchJobSnClientHelper"  depends-on="searchBrokerParameterConfigurator" >
		<property name="bioMatcherConfigService" ref="bioMatcherConfigService" />
		<property name="bioSearchBrokerManager" ref="bioSearchBrokerManager" />
		<property name="bioParameterService" ref="bioParameterService" />
		<property name="lobImageService" ref="lobImageService" />
		<property name="matcherNodeStatusCheckHelper" ref="matcherNodeStatusCheckHelper" />
	</bean -->
	
	<bean id="searchBrokerParameterConfigurator" class="com.nec.biomatcher.comp.util.BioParameterConfigurator" lazy-init="false">
		<property name="bioParameterService" ref="bioParameterService" />
		<property name="bioParameters">
			<list>
				<value>{ name:"SEARCH_BROKER_MANAGER_TASK_SLEEP_INTERVAL_MILLI", value="20000", scope="DEFAULT", dataType="NUMBER", description="Search broker manager task sleep interval"}</value>
				<value>{ name:"IDLE_SERVER_CHECK_DELAY_MILLI", value="120000", scope="DEFAULT", dataType="NUMBER", description="Idle search/extract/verify node status check delay"}</value>
				<value>{ name:"SEARCH_NODE_PROTOCOL_TYPE", value="ZEROMQ", scope="DEFAULT", dataType="STRING", description="Search node protocol between SC and SN"}</value>
				<value>{ name:"SEGMENT_SYNC_REQUEST_TIMEOUT_MILLI", value="5000", scope="DEFAULT", dataType="NUMBER", description="Segment changeset sync request timeout"}</value>
				<value>{ name:"SEGMENT_CHANGE_SET_STORAGE_PATH", value="sys{user.home}/storage/segchangesets/data/", scope="DEFAULT", dataType="STRING", description="Segment changeset files storage path"}</value>
				
				<value>{ name:"SEGMENT_CHANGESET_HOUSEKEEPING_INTERVAL_MILLI", value="1800000", scope="DEFAULT", dataType="NUMBER", description="Segment changeset files housekeeping interval"}</value>
				<value>{ name:"SEGMENT_CHANGESET_FILE_HK_RETENTION_MINUTES", value="30", scope="DEFAULT", dataType="NUMBER", description="Segment changeset files housekeeping retention minutes"}</value>
				
				<value>{ name:"SN_SEG_JOB_SUBMITTER_CONCURRENCY_COUNT", value="2", scope="DEFAULT", dataType="NUMBER", description="Search segment job submission to SN concurrency"}</value>
				
				<value>{ name:"SEGMENT_DOWNLOAD_VERSION_DIFF_THRESHOLD_COUNT", value="1000", scope="DEFAULT", dataType="NUMBER", description="Segment download version difference threshold count"}</value>
				<value>{ name:"MAX_SEGMENT_SYNC_REQUEST_PAYLOAD_SIZE", value="104857600", scope="DEFAULT", dataType="NUMBER", description="Max segment sync request payload size in bytes"}</value>
				<value>{ name:"SB_SEGMENT_SERVER_ENABLED_FLAG", value="false", scope="DEFAULT", dataType="BOOLEAN", description="Search broker http segment server enabled flag"}</value>
				<value>{ name:"SN_SYNC_CONCURRENCY_COUNT", value="6", scope="DEFAULT", dataType="NUMBER", description="Search node data sync concurrency count"}</value>
				<value>{ name:"SEGMENT_FILE_TRANSFER_USE_NIO_FLAG", value="false", scope="DEFAULT", dataType="BOOLEAN", description="Use java NIO for segment file transfer flag"}</value>
				<value>{ name:"SEGMENT_FILE_TRANSFER_READ_BUFFER_SIZE", value="16384", scope="DEFAULT", dataType="NUMBER", description="Segment file transfer read buffer size"}</value>
				<value>{ name:"MIN_SEGMENT_SEARCH_JOB_TIMEOUT_MILLI", value="200", scope="DEFAULT", dataType="NUMBER", description="Minimum job timeout required to process search segment job"}</value>
				
			</list>
		</property>
	</bean>	

</beans>
