<?xml version="1.0" encoding="UTF-8"?>
<metadata modelVersion="1.1.0">
  <groupId>jp.co.nec.aim.baton</groupId>
  <artifactId>batonmessage</artifactId>
  <version>5.0.0-SNAPSHOT</version>
  <versioning>
    <snapshot>
      <timestamp>20150708.071938</timestamp>
      <buildNumber>2</buildNumber>
    </snapshot>
    <lastUpdated>20150708071938</lastUpdated>
    <snapshotVersions>
      <snapshotVersion>
        <extension>jar</extension>
        <value>5.0.0-20150708.071938-2</value>
        <updated>20150708071938</updated>
      </snapshotVersion>
      <snapshotVersion>
        <extension>pom</extension>
        <value>5.0.0-20150708.071938-2</value>
        <updated>20150708071938</updated>
      </snapshotVersion>
      <snapshotVersion>
        <classifier>sources</classifier>
        <extension>jar</extension>
        <value>5.0.0-20150708.071938-2</value>
        <updated>20150708071938</updated>
      </snapshotVersion>
    </snapshotVersions>
  </versioning>
</metadata>
