<?xml version="1.0" encoding="UTF-8"?>
<metadata modelVersion="1.1.0">
  <groupId>jp.co.nec.aim.proto</groupId>
  <artifactId>proto</artifactId>
  <version>aim5.0-SNAPSHOT</version>
  <versioning>
    <snapshot>
      <timestamp>20150522.041319</timestamp>
      <buildNumber>58</buildNumber>
    </snapshot>
    <lastUpdated>20150522041319</lastUpdated>
    <snapshotVersions>
      <snapshotVersion>
        <extension>jar</extension>
        <value>aim5.0-20150522.041319-58</value>
        <updated>20150522041319</updated>
      </snapshotVersion>
      <snapshotVersion>
        <extension>pom</extension>
        <value>aim5.0-20150522.041319-58</value>
        <updated>20150522041319</updated>
      </snapshotVersion>
      <snapshotVersion>
        <classifier>sources</classifier>
        <extension>jar</extension>
        <value>aim5.0-20150209.070245-3</value>
        <updated>20150209070245</updated>
      </snapshotVersion>
    </snapshotVersions>
  </versioning>
</metadata>
