<?xml version="1.0" encoding="UTF-8"?>
<beans xmlns="http://www.springframework.org/schema/beans"
	xmlns:xsi="http://www.w3.org/2001/XMLSchema-instance"
	xmlns:aop="http://www.springframework.org/schema/aop"
	xmlns:tx="http://www.springframework.org/schema/tx"
	xmlns:context="http://www.springframework.org/schema/context"
	xmlns:jms="http://www.springframework.org/schema/jms"
	xsi:schemaLocation="
    	http://www.springframework.org/schema/beans		http://www.springframework.org/schema/beans/spring-beans-3.0.xsd
		http://www.springframework.org/schema/aop		http://www.springframework.org/schema/aop/spring-aop-3.0.xsd
		http://www.springframework.org/schema/tx	    http://www.springframework.org/schema/tx/spring-tx-3.0.xsd
		http://www.springframework.org/schema/context	http://www.springframework.org/schema/context/spring-context-3.0.xsd
		http://www.springframework.org/schema/jms 
		http://www.springframework.org/schema/jms/spring-jms.xsd">	
				

	<bean id="duplicateMessageFilter" class="jp.co.nec.aim.mm.logger.DuplicateMessageFilter">
		<!-- allowedRepetitions = 0 -->
		<constructor-arg index="0" type="int">
			<value>0</value>
		</constructor-arg>
		<constructor-arg index="1" type="long">
			<value>60000</value>
		</constructor-arg>
	</bean>		

</beans>