<?xml version="1.0" encoding="UTF-8"?>
<metadata modelVersion="1.1.0">
  <groupId>jp.co.nec.aim.uid.proto</groupId>
  <artifactId>proto</artifactId>
  <version>0.0.1-SNAPSHOT</version>
  <versioning>
    <snapshot>
      <timestamp>20190930.044834</timestamp>
      <buildNumber>5</buildNumber>
    </snapshot>
    <lastUpdated>20190930044834</lastUpdated>
    <snapshotVersions>
      <snapshotVersion>
        <extension>jar</extension>
        <value>0.0.1-20190930.044834-5</value>
        <updated>20190930044834</updated>
      </snapshotVersion>
      <snapshotVersion>
        <extension>pom</extension>
        <value>0.0.1-20190930.044834-5</value>
        <updated>20190930044834</updated>
      </snapshotVersion>
    </snapshotVersions>
  </versioning>
</metadata>
