<?xml version="1.0" encoding="UTF-8"?>
<beans xmlns="http://www.springframework.org/schema/beans"
	xmlns:mvc="http://www.springframework.org/schema/mvc" 
	xmlns:xsi="http://www.w3.org/2001/XMLSchema-instance" xmlns:beans="http://www.springframework.org/schema/beans"
	xmlns:context="http://www.springframework.org/schema/context"
	xmlns:util="http://www.springframework.org/schema/util"
	xsi:schemaLocation="http://www.springframework.org/schema/beans http://www.springframework.org/schema/beans/spring-beans.xsd
    http://www.springframework.org/schema/mvc http://www.springframework.org/schema/mvc/spring-mvc.xsd
    http://www.springframework.org/schema/context http://www.springframework.org/schema/context/spring-context.xsd
	http://www.springframework.org/schema/util http://www.springframework.org/schema/util/spring-util.xsd 
	http://cxf.apache.org/configuration/beans http://cxf.apache.org/schemas/configuration/cxf-beans.xsd">

	<mvc:annotation-driven />
	<context:component-scan base-package="com.nec.biomatcher.web" />

	<!-- Handles HTTP GET requests for /resources/** by efficiently serving 
		up static resources in the ${webappRoot}/resources directory -->
	<mvc:resources mapping="/resources/**" location="/resources/" />
<!-- 	<mvc:resources mapping="/css/**" location="/css/" /> -->
<!-- 	<mvc:resources mapping="/js/**" location="/js/" /> -->
<!-- 	<mvc:resources mapping="/img/**" location="/img/" /> -->
<!-- 	<mvc:resources mapping="/fonts/**" location="/fonts/" /> -->
	
	<bean class="org.springframework.web.servlet.handler.SimpleMappingExceptionResolver">
		<property name="exceptionMappings">
			<map>
				<entry key="CoreException" value="errorPage" />
				<entry key="RuntimeException" value="errorPage" />
			</map>
		</property>
		<property name="defaultErrorView" value="errorPage" />
	</bean>

	<bean id="viewResolver" class="org.springframework.web.servlet.view.UrlBasedViewResolver">
		<property name="viewClass" value="org.springframework.web.servlet.view.tiles3.TilesView" />
		<beans:property name="order" value="1" />
	</bean>
	
	<bean id="tilesConfigurer" class="org.springframework.web.servlet.view.tiles3.TilesConfigurer">
		<property name="definitions">
			<list>
				<value>/WEB-INF/tiles.xml</value>
			</list>
		</property>
	</bean>
	
	<mvc:default-servlet-handler />

	<!-- i18N -->
	<bean class="org.springframework.context.support.ReloadableResourceBundleMessageSource" id="messageSource">  
	    <property name="basenames">
            <list> 
                <value>classpath:com/nec/biomatcher/web/resources/messages/admin/admin</value>
                <value>classpath:com/nec/biomatcher/web/resources/messages/common/commonLabels</value>
                <value>classpath:com/nec/biomatcher/web/resources/messages/common/errors</value>
                <value>classpath:com/nec/biomatcher/web/resources/messages/home/home</value>
                <value>classpath:com/nec/biomatcher/web/resources/messages/login/login</value>
            </list>
        </property>  
	    <property name="defaultEncoding" value="UTF-8"></property>  
	</bean>
	<bean class="org.springframework.web.servlet.i18n.LocaleChangeInterceptor" id="localeChangeInterceptor">  
	    <property name="paramName" value="lang"></property>  
	</bean>  
	   
	<bean class="org.springframework.web.servlet.i18n.CookieLocaleResolver" id="localeResolver">  
	    <property name="defaultLocale" value="en"></property>  
	</bean>  
	   
	<bean class="org.springframework.web.servlet.mvc.annotation.DefaultAnnotationHandlerMapping" id="handlerMapping">  
	    <property name="interceptors">  
	        <ref bean="localeChangeInterceptor"></ref>  
	    </property>  
	</bean> 
	
	<bean id="multipartResolver"
        class="org.springframework.web.multipart.commons.CommonsMultipartResolver">
        <property name="maxUploadSize" value="101048576"/>
    </bean>
</beans>
