{"name":"mm-ejb","classpathEntries":[{"kind":"binary","path":"D:\\Java\\jdk1.8.0_221\\jre\\lib\\resources.jar","javadocContainerUrl":"https://docs.oracle.com/javase/1/docs/api/","isSystem":true,"isOwn":false,"isTest":false,"isJavaContent":false},{"kind":"binary","path":"D:\\Java\\jdk1.8.0_221\\jre\\lib\\rt.jar","javadocContainerUrl":"https://docs.oracle.com/javase/1/docs/api/","isSystem":true,"isOwn":false,"isTest":false,"isJavaContent":false},{"kind":"binary","path":"D:\\Java\\jdk1.8.0_221\\jre\\lib\\jsse.jar","javadocContainerUrl":"https://docs.oracle.com/javase/1/docs/api/","isSystem":true,"isOwn":false,"isTest":false,"isJavaContent":false},{"kind":"binary","path":"D:\\Java\\jdk1.8.0_221\\jre\\lib\\jce.jar","javadocContainerUrl":"https://docs.oracle.com/javase/1/docs/api/","isSystem":true,"isOwn":false,"isTest":false,"isJavaContent":false},{"kind":"binary","path":"D:\\Java\\jdk1.8.0_221\\jre\\lib\\charsets.jar","javadocContainerUrl":"https://docs.oracle.com/javase/1/docs/api/","isSystem":true,"isOwn":false,"isTest":false,"isJavaContent":false},{"kind":"binary","path":"D:\\Java\\jdk1.8.0_221\\jre\\lib\\jfr.jar","javadocContainerUrl":"https://docs.oracle.com/javase/1/docs/api/","isSystem":true,"isOwn":false,"isTest":false,"isJavaContent":false},{"kind":"binary","path":"C:\\Users\\xia\\.m2\\repository\\jp\\co\\nec\\aim\\license\\license-validation\\5.3.0.0\\license-validation-5.3.0.0.jar","isSystem":false,"isOwn":false,"isTest":false,"isJavaContent":false},{"kind":"binary","path":"C:\\Users\\xia\\.m2\\repository\\com\\sun\\net\\httpserver\\http\\20070405\\http-20070405.jar","sourceContainerUrl":"file:/C:/Users/xia/.m2/repository/com/sun/net/httpserver/http/20070405/http-20070405-sources.jar","isSystem":false,"isOwn":false,"isTest":false,"isJavaContent":false},{"kind":"binary","path":"C:\\Users\\xia\\.m2\\repository\\org\\wildfly\\wildfly-jms-client-bom\\9.0.2.Final\\wildfly-jms-client-bom-9.0.2.Final.pom","isSystem":false,"isOwn":false,"isTest":false,"isJavaContent":false},{"kind":"binary","path":"C:\\Users\\xia\\.m2\\repository\\org\\hornetq\\hornetq-commons\\2.4.7.Final\\hornetq-commons-2.4.7.Final.jar","sourceContainerUrl":"file:/C:/Users/xia/.m2/repository/org/hornetq/hornetq-commons/2.4.7.Final/hornetq-commons-2.4.7.Final-sources.jar","isSystem":false,"isOwn":false,"isTest":false,"isJavaContent":false},{"kind":"binary","path":"C:\\Users\\xia\\.m2\\repository\\org\\hornetq\\hornetq-core-client\\2.4.7.Final\\hornetq-core-client-2.4.7.Final.jar","sourceContainerUrl":"file:/C:/Users/xia/.m2/repository/org/hornetq/hornetq-core-client/2.4.7.Final/hornetq-core-client-2.4.7.Final-sources.jar","isSystem":false,"isOwn":false,"isTest":false,"isJavaContent":false},{"kind":"binary","path":"C:\\Users\\xia\\.m2\\repository\\org\\jgroups\\jgroups\\3.3.4.Final\\jgroups-3.3.4.Final.jar","sourceContainerUrl":"file:/C:/Users/xia/.m2/repository/org/jgroups/jgroups/3.3.4.Final/jgroups-3.3.4.Final-sources.jar","isSystem":false,"isOwn":false,"isTest":false,"isJavaContent":false},{"kind":"binary","path":"C:\\Users\\xia\\.m2\\repository\\org\\hornetq\\hornetq-jms-client\\2.4.7.Final\\hornetq-jms-client-2.4.7.Final.jar","sourceContainerUrl":"file:/C:/Users/xia/.m2/repository/org/hornetq/hornetq-jms-client/2.4.7.Final/hornetq-jms-client-2.4.7.Final-sources.jar","isSystem":false,"isOwn":false,"isTest":false,"isJavaContent":false},{"kind":"binary","path":"C:\\Users\\xia\\.m2\\repository\\javax\\inject\\javax.inject\\1\\javax.inject-1.jar","sourceContainerUrl":"file:/C:/Users/xia/.m2/repository/javax/inject/javax.inject/1/javax.inject-1-sources.jar","javadocContainerUrl":"file:/C:/Users/xia/.m2/repository/javax/inject/javax.inject/1/javax.inject-1-javadoc.jar","isSystem":false,"isOwn":false,"isTest":false,"isJavaContent":false},{"kind":"binary","path":"C:\\Users\\xia\\.m2\\repository\\org\\jboss\\jboss-remote-naming\\2.0.4.Final\\jboss-remote-naming-2.0.4.Final.jar","sourceContainerUrl":"file:/C:/Users/xia/.m2/repository/org/jboss/jboss-remote-naming/2.0.4.Final/jboss-remote-naming-2.0.4.Final-sources.jar","javadocContainerUrl":"file:/C:/Users/xia/.m2/repository/org/jboss/jboss-remote-naming/2.0.4.Final/jboss-remote-naming-2.0.4.Final-javadoc.jar","isSystem":false,"isOwn":false,"isTest":false,"isJavaContent":false},{"kind":"binary","path":"C:\\Users\\xia\\.m2\\repository\\org\\jboss\\jboss-ejb-client\\2.0.0.Final\\jboss-ejb-client-2.0.0.Final.jar","sourceContainerUrl":"file:/C:/Users/xia/.m2/repository/org/jboss/jboss-ejb-client/2.0.0.Final/jboss-ejb-client-2.0.0.Final-sources.jar","javadocContainerUrl":"file:/C:/Users/xia/.m2/repository/org/jboss/jboss-ejb-client/2.0.0.Final/jboss-ejb-client-2.0.0.Final-javadoc.jar","isSystem":false,"isOwn":false,"isTest":false,"isJavaContent":false},{"kind":"binary","path":"C:\\Users\\xia\\.m2\\repository\\org\\jboss\\logging\\jboss-logging\\3.2.1.Final\\jboss-logging-3.2.1.Final.jar","sourceContainerUrl":"file:/C:/Users/xia/.m2/repository/org/jboss/logging/jboss-logging/3.2.1.Final/jboss-logging-3.2.1.Final-sources.jar","isSystem":false,"isOwn":false,"isTest":false,"isJavaContent":false},{"kind":"binary","path":"C:\\Users\\xia\\.m2\\repository\\org\\jboss\\marshalling\\jboss-marshalling\\1.4.10.Final\\jboss-marshalling-1.4.10.Final.jar","sourceContainerUrl":"file:/C:/Users/xia/.m2/repository/org/jboss/marshalling/jboss-marshalling/1.4.10.Final/jboss-marshalling-1.4.10.Final-sources.jar","javadocContainerUrl":"file:/C:/Users/xia/.m2/repository/org/jboss/marshalling/jboss-marshalling/1.4.10.Final/jboss-marshalling-1.4.10.Final-javadoc.jar","isSystem":false,"isOwn":false,"isTest":false,"isJavaContent":false},{"kind":"binary","path":"C:\\Users\\xia\\.m2\\repository\\org\\jboss\\marshalling\\jboss-marshalling-river\\1.4.10.Final\\jboss-marshalling-river-1.4.10.Final.jar","sourceContainerUrl":"file:/C:/Users/xia/.m2/repository/org/jboss/marshalling/jboss-marshalling-river/1.4.10.Final/jboss-marshalling-river-1.4.10.Final-sources.jar","javadocContainerUrl":"file:/C:/Users/xia/.m2/repository/org/jboss/marshalling/jboss-marshalling-river/1.4.10.Final/jboss-marshalling-river-1.4.10.Final-javadoc.jar","isSystem":false,"isOwn":false,"isTest":false,"isJavaContent":false},{"kind":"binary","path":"C:\\Users\\xia\\.m2\\repository\\io\\netty\\netty-all\\4.0.26.Final\\netty-all-4.0.26.Final.jar","sourceContainerUrl":"file:/C:/Users/xia/.m2/repository/io/netty/netty-all/4.0.26.Final/netty-all-4.0.26.Final-sources.jar","javadocContainerUrl":"file:/C:/Users/xia/.m2/repository/io/netty/netty-all/4.0.26.Final/netty-all-4.0.26.Final-javadoc.jar","isSystem":false,"isOwn":false,"isTest":false,"isJavaContent":false},{"kind":"binary","path":"C:\\Users\\xia\\.m2\\repository\\org\\jboss\\remoting\\jboss-remoting\\4.0.9.Final\\jboss-remoting-4.0.9.Final.jar","sourceContainerUrl":"file:/C:/Users/xia/.m2/repository/org/jboss/remoting/jboss-remoting/4.0.9.Final/jboss-remoting-4.0.9.Final-sources.jar","javadocContainerUrl":"file:/C:/Users/xia/.m2/repository/org/jboss/remoting/jboss-remoting/4.0.9.Final/jboss-remoting-4.0.9.Final-javadoc.jar","isSystem":false,"isOwn":false,"isTest":false,"isJavaContent":false},{"kind":"binary","path":"C:\\Users\\xia\\.m2\\repository\\org\\jboss\\sasl\\jboss-sasl\\1.0.5.Final\\jboss-sasl-1.0.5.Final.jar","sourceContainerUrl":"file:/C:/Users/xia/.m2/repository/org/jboss/sasl/jboss-sasl/1.0.5.Final/jboss-sasl-1.0.5.Final-sources.jar","isSystem":false,"isOwn":false,"isTest":false,"isJavaContent":false},{"kind":"binary","path":"C:\\Users\\xia\\.m2\\repository\\org\\jboss\\xnio\\xnio-api\\3.3.1.Final\\xnio-api-3.3.1.Final.jar","sourceContainerUrl":"file:/C:/Users/xia/.m2/repository/org/jboss/xnio/xnio-api/3.3.1.Final/xnio-api-3.3.1.Final-sources.jar","javadocContainerUrl":"file:/C:/Users/xia/.m2/repository/org/jboss/xnio/xnio-api/3.3.1.Final/xnio-api-3.3.1.Final-javadoc.jar","isSystem":false,"isOwn":false,"isTest":false,"isJavaContent":false},{"kind":"binary","path":"C:\\Users\\xia\\.m2\\repository\\org\\jboss\\xnio\\xnio-nio\\3.3.1.Final\\xnio-nio-3.3.1.Final.jar","sourceContainerUrl":"file:/C:/Users/xia/.m2/repository/org/jboss/xnio/xnio-nio/3.3.1.Final/xnio-nio-3.3.1.Final-sources.jar","javadocContainerUrl":"file:/C:/Users/xia/.m2/repository/org/jboss/xnio/xnio-nio/3.3.1.Final/xnio-nio-3.3.1.Final-javadoc.jar","isSystem":false,"isOwn":false,"isTest":false,"isJavaContent":false},{"kind":"binary","path":"C:\\Users\\xia\\.m2\\repository\\org\\wildfly\\checkstyle\\wildfly-checkstyle-config\\1.0.1.Final\\wildfly-checkstyle-config-1.0.1.Final.jar","sourceContainerUrl":"file:/C:/Users/xia/.m2/repository/org/wildfly/checkstyle/wildfly-checkstyle-config/1.0.1.Final/wildfly-checkstyle-config-1.0.1.Final-sources.jar","isSystem":false,"isOwn":false,"isTest":false,"isJavaContent":false},{"kind":"binary","path":"C:\\Users\\xia\\.m2\\repository\\org\\jboss\\spec\\javax\\jms\\jboss-jms-api_2.0_spec\\1.0.0.Final\\jboss-jms-api_2.0_spec-1.0.0.Final.jar","sourceContainerUrl":"file:/C:/Users/xia/.m2/repository/org/jboss/spec/javax/jms/jboss-jms-api_2.0_spec/1.0.0.Final/jboss-jms-api_2.0_spec-1.0.0.Final-sources.jar","javadocContainerUrl":"file:/C:/Users/xia/.m2/repository/org/jboss/spec/javax/jms/jboss-jms-api_2.0_spec/1.0.0.Final/jboss-jms-api_2.0_spec-1.0.0.Final-javadoc.jar","isSystem":false,"isOwn":false,"isTest":false,"isJavaContent":false},{"kind":"binary","path":"C:\\Users\\xia\\.m2\\repository\\org\\hornetq\\hornetq-jms-server\\2.4.0.Final\\hornetq-jms-server-2.4.0.Final.jar","sourceContainerUrl":"file:/C:/Users/xia/.m2/repository/org/hornetq/hornetq-jms-server/2.4.0.Final/hornetq-jms-server-2.4.0.Final-sources.jar","isSystem":false,"isOwn":false,"isTest":false,"isJavaContent":false},{"kind":"binary","path":"C:\\Users\\xia\\.m2\\repository\\org\\jboss\\spec\\javax\\transaction\\jboss-transaction-api_1.1_spec\\1.0.0.Final\\jboss-transaction-api_1.1_spec-1.0.0.Final.jar","sourceContainerUrl":"file:/C:/Users/xia/.m2/repository/org/jboss/spec/javax/transaction/jboss-transaction-api_1.1_spec/1.0.0.Final/jboss-transaction-api_1.1_spec-1.0.0.Final-sources.jar","isSystem":false,"isOwn":false,"isTest":false,"isJavaContent":false},{"kind":"binary","path":"C:\\Users\\xia\\.m2\\repository\\org\\jboss\\jbossts\\jts\\jbossjts-jacorb\\4.17.13.Final\\jbossjts-jacorb-4.17.13.Final.jar","sourceContainerUrl":"file:/C:/Users/xia/.m2/repository/org/jboss/jbossts/jts/jbossjts-jacorb/4.17.13.Final/jbossjts-jacorb-4.17.13.Final-sources.jar","javadocContainerUrl":"file:/C:/Users/xia/.m2/repository/org/jboss/jbossts/jts/jbossjts-jacorb/4.17.13.Final/jbossjts-jacorb-4.17.13.Final-javadoc.jar","isSystem":false,"isOwn":false,"isTest":false,"isJavaContent":false},{"kind":"binary","path":"C:\\Users\\xia\\.m2\\repository\\org\\jboss\\byteman\\byteman\\2.1.2\\byteman-2.1.2.jar","sourceContainerUrl":"file:/C:/Users/xia/.m2/repository/org/jboss/byteman/byteman/2.1.2/byteman-2.1.2-sources.jar","javadocContainerUrl":"file:/C:/Users/xia/.m2/repository/org/jboss/byteman/byteman/2.1.2/byteman-2.1.2-javadoc.jar","isSystem":false,"isOwn":false,"isTest":false,"isJavaContent":false},{"kind":"binary","path":"C:\\Users\\xia\\.m2\\repository\\org\\jboss\\byteman\\byteman-submit\\2.1.2\\byteman-submit-2.1.2.jar","sourceContainerUrl":"file:/C:/Users/xia/.m2/repository/org/jboss/byteman/byteman-submit/2.1.2/byteman-submit-2.1.2-sources.jar","javadocContainerUrl":"file:/C:/Users/xia/.m2/repository/org/jboss/byteman/byteman-submit/2.1.2/byteman-submit-2.1.2-javadoc.jar","isSystem":false,"isOwn":false,"isTest":false,"isJavaContent":false},{"kind":"binary","path":"C:\\Users\\xia\\.m2\\repository\\org\\jboss\\logmanager\\jboss-logmanager\\1.2.2.GA\\jboss-logmanager-1.2.2.GA.jar","sourceContainerUrl":"file:/C:/Users/xia/.m2/repository/org/jboss/logmanager/jboss-logmanager/1.2.2.GA/jboss-logmanager-1.2.2.GA-sources.jar","isSystem":false,"isOwn":false,"isTest":false,"isJavaContent":false},{"kind":"binary","path":"C:\\Users\\xia\\.m2\\repository\\io\\netty\\netty\\3.6.2.Final\\netty-3.6.2.Final.jar","sourceContainerUrl":"file:/C:/Users/xia/.m2/repository/io/netty/netty/3.6.2.Final/netty-3.6.2.Final-sources.jar","javadocContainerUrl":"file:/C:/Users/xia/.m2/repository/io/netty/netty/3.6.2.Final/netty-3.6.2.Final-javadoc.jar","isSystem":false,"isOwn":false,"isTest":false,"isJavaContent":false},{"kind":"binary","path":"C:\\Users\\xia\\.m2\\repository\\jfree\\jfreechart\\1.0.9\\jfreechart-1.0.9.jar","sourceContainerUrl":"file:/C:/Users/xia/.m2/repository/jfree/jfreechart/1.0.9/jfreechart-1.0.9-sources.jar","javadocContainerUrl":"file:/C:/Users/xia/.m2/repository/jfree/jfreechart/1.0.9/jfreechart-1.0.9-javadoc.jar","isSystem":false,"isOwn":false,"isTest":false,"isJavaContent":false},{"kind":"binary","path":"C:\\Users\\xia\\.m2\\repository\\jfree\\jcommon\\1.0.12\\jcommon-1.0.12.jar","sourceContainerUrl":"file:/C:/Users/xia/.m2/repository/jfree/jcommon/1.0.12/jcommon-1.0.12-sources.jar","javadocContainerUrl":"file:/C:/Users/xia/.m2/repository/jfree/jcommon/1.0.12/jcommon-1.0.12-javadoc.jar","isSystem":false,"isOwn":false,"isTest":false,"isJavaContent":false},{"kind":"binary","path":"C:\\Users\\xia\\.m2\\repository\\org\\jboss\\jboss-transaction-spi\\7.0.0.Final\\jboss-transaction-spi-7.0.0.Final.jar","sourceContainerUrl":"file:/C:/Users/xia/.m2/repository/org/jboss/jboss-transaction-spi/7.0.0.Final/jboss-transaction-spi-7.0.0.Final-sources.jar","javadocContainerUrl":"file:/C:/Users/xia/.m2/repository/org/jboss/jboss-transaction-spi/7.0.0.Final/jboss-transaction-spi-7.0.0.Final-javadoc.jar","isSystem":false,"isOwn":false,"isTest":false,"isJavaContent":false},{"kind":"binary","path":"C:\\Users\\xia\\.m2\\repository\\org\\jboss\\spec\\javax\\resource\\jboss-connector-api_1.5_spec\\1.0.0.Final\\jboss-connector-api_1.5_spec-1.0.0.Final.jar","sourceContainerUrl":"file:/C:/Users/xia/.m2/repository/org/jboss/spec/javax/resource/jboss-connector-api_1.5_spec/1.0.0.Final/jboss-connector-api_1.5_spec-1.0.0.Final-sources.jar","isSystem":false,"isOwn":false,"isTest":false,"isJavaContent":false},{"kind":"binary","path":"C:\\Users\\xia\\.m2\\repository\\org\\jboss\\naming\\jnpserver\\5.0.3.GA\\jnpserver-5.0.3.GA.jar","isSystem":false,"isOwn":false,"isTest":false,"isJavaContent":false},{"kind":"binary","path":"C:\\Users\\xia\\.m2\\repository\\org\\jboss\\jboss-common-core\\2.2.10.GA\\jboss-common-core-2.2.10.GA.jar","sourceContainerUrl":"file:/C:/Users/xia/.m2/repository/org/jboss/jboss-common-core/2.2.10.GA/jboss-common-core-2.2.10.GA-sources.jar","isSystem":false,"isOwn":false,"isTest":false,"isJavaContent":false},{"kind":"binary","path":"C:\\Users\\xia\\.m2\\repository\\org\\hornetq\\hornetq-server\\2.4.0.Final\\hornetq-server-2.4.0.Final.jar","sourceContainerUrl":"file:/C:/Users/xia/.m2/repository/org/hornetq/hornetq-server/2.4.0.Final/hornetq-server-2.4.0.Final-sources.jar","isSystem":false,"isOwn":false,"isTest":false,"isJavaContent":false},{"kind":"binary","path":"C:\\Users\\xia\\.m2\\repository\\org\\hornetq\\hornetq-journal\\2.4.0.Final\\hornetq-journal-2.4.0.Final.jar","sourceContainerUrl":"file:/C:/Users/xia/.m2/repository/org/hornetq/hornetq-journal/2.4.0.Final/hornetq-journal-2.4.0.Final-sources.jar","isSystem":false,"isOwn":false,"isTest":false,"isJavaContent":false},{"kind":"binary","path":"C:\\Users\\xia\\.m2\\repository\\org\\hornetq\\hornetq-native\\2.4.0.Final\\hornetq-native-2.4.0.Final.jar","sourceContainerUrl":"file:/C:/Users/xia/.m2/repository/org/hornetq/hornetq-native/2.4.0.Final/hornetq-native-2.4.0.Final-sources.jar","isSystem":false,"isOwn":false,"isTest":false,"isJavaContent":false},{"kind":"binary","path":"C:\\Users\\xia\\.m2\\repository\\com\\oracle\\jdbc\\ojdbc8\\12.2.0.1\\ojdbc8-12.2.0.1.jar","isSystem":false,"isOwn":false,"isTest":false,"isJavaContent":false},{"kind":"binary","path":"C:\\Users\\xia\\.m2\\repository\\jp\\co\\nec\\aim\\uid\\proto\\proto\\1.0.4-SNAPSHOT\\proto-1.0.4-SNAPSHOT.jar","isSystem":false,"isOwn":false,"isTest":false,"isJavaContent":false},{"kind":"binary","path":"C:\\Users\\xia\\.m2\\repository\\jp\\co\\nec\\aim\\helper\\helper\\aim5.0-SNAPSHOT\\helper-aim5.0-SNAPSHOT.jar","isSystem":false,"isOwn":false,"isTest":false,"isJavaContent":false},{"kind":"binary","path":"C:\\Users\\xia\\.m2\\repository\\org\\springframework\\spring-jdbc\\4.1.4.RELEASE\\spring-jdbc-4.1.4.RELEASE.jar","sourceContainerUrl":"file:/C:/Users/xia/.m2/repository/org/springframework/spring-jdbc/4.1.4.RELEASE/spring-jdbc-4.1.4.RELEASE-sources.jar","javadocContainerUrl":"file:/C:/Users/xia/.m2/repository/org/springframework/spring-jdbc/4.1.4.RELEASE/spring-jdbc-4.1.4.RELEASE-javadoc.jar","isSystem":false,"isOwn":false,"isTest":false,"isJavaContent":false},{"kind":"binary","path":"C:\\Users\\xia\\.m2\\repository\\org\\springframework\\spring-beans\\4.1.4.RELEASE\\spring-beans-4.1.4.RELEASE.jar","sourceContainerUrl":"file:/C:/Users/xia/.m2/repository/org/springframework/spring-beans/4.1.4.RELEASE/spring-beans-4.1.4.RELEASE-sources.jar","javadocContainerUrl":"file:/C:/Users/xia/.m2/repository/org/springframework/spring-beans/4.1.4.RELEASE/spring-beans-4.1.4.RELEASE-javadoc.jar","isSystem":false,"isOwn":false,"isTest":false,"isJavaContent":false},{"kind":"binary","path":"C:\\Users\\xia\\.m2\\repository\\org\\springframework\\spring-core\\4.1.4.RELEASE\\spring-core-4.1.4.RELEASE.jar","sourceContainerUrl":"file:/C:/Users/xia/.m2/repository/org/springframework/spring-core/4.1.4.RELEASE/spring-core-4.1.4.RELEASE-sources.jar","javadocContainerUrl":"file:/C:/Users/xia/.m2/repository/org/springframework/spring-core/4.1.4.RELEASE/spring-core-4.1.4.RELEASE-javadoc.jar","isSystem":false,"isOwn":false,"isTest":false,"isJavaContent":false},{"kind":"binary","path":"C:\\Users\\xia\\.m2\\repository\\org\\springframework\\spring-tx\\4.1.4.RELEASE\\spring-tx-4.1.4.RELEASE.jar","sourceContainerUrl":"file:/C:/Users/xia/.m2/repository/org/springframework/spring-tx/4.1.4.RELEASE/spring-tx-4.1.4.RELEASE-sources.jar","javadocContainerUrl":"file:/C:/Users/xia/.m2/repository/org/springframework/spring-tx/4.1.4.RELEASE/spring-tx-4.1.4.RELEASE-javadoc.jar","isSystem":false,"isOwn":false,"isTest":false,"isJavaContent":false},{"kind":"binary","path":"C:\\Users\\xia\\.m2\\repository\\org\\jboss\\spec\\javax\\ejb\\jboss-ejb-api_3.2_spec\\1.0.0.Final\\jboss-ejb-api_3.2_spec-1.0.0.Final.jar","sourceContainerUrl":"file:/C:/Users/xia/.m2/repository/org/jboss/spec/javax/ejb/jboss-ejb-api_3.2_spec/1.0.0.Final/jboss-ejb-api_3.2_spec-1.0.0.Final-sources.jar","javadocContainerUrl":"file:/C:/Users/xia/.m2/repository/org/jboss/spec/javax/ejb/jboss-ejb-api_3.2_spec/1.0.0.Final/jboss-ejb-api_3.2_spec-1.0.0.Final-javadoc.jar","isSystem":false,"isOwn":false,"isTest":false,"isJavaContent":false},{"kind":"binary","path":"C:\\Users\\xia\\.m2\\repository\\org\\eclipse\\persistence\\javax.persistence\\2.1.0\\javax.persistence-2.1.0.jar","sourceContainerUrl":"file:/C:/Users/xia/.m2/repository/org/eclipse/persistence/javax.persistence/2.1.0/javax.persistence-2.1.0-sources.jar","isSystem":false,"isOwn":false,"isTest":false,"isJavaContent":false},{"kind":"binary","path":"C:\\Users\\xia\\.m2\\repository\\org\\jboss\\as\\jboss-as-threads\\7.1.3.Final\\jboss-as-threads-7.1.3.Final.jar","sourceContainerUrl":"file:/C:/Users/xia/.m2/repository/org/jboss/as/jboss-as-threads/7.1.3.Final/jboss-as-threads-7.1.3.Final-sources.jar","isSystem":false,"isOwn":false,"isTest":false,"isJavaContent":false},{"kind":"binary","path":"C:\\Users\\xia\\.m2\\repository\\org\\jboss\\as\\jboss-as-controller\\7.1.3.Final\\jboss-as-controller-7.1.3.Final.jar","sourceContainerUrl":"file:/C:/Users/xia/.m2/repository/org/jboss/as/jboss-as-controller/7.1.3.Final/jboss-as-controller-7.1.3.Final-sources.jar","isSystem":false,"isOwn":false,"isTest":false,"isJavaContent":false},{"kind":"binary","path":"C:\\Users\\xia\\.m2\\repository\\org\\jboss\\jboss-dmr\\1.1.1.Final\\jboss-dmr-1.1.1.Final.jar","sourceContainerUrl":"file:/C:/Users/xia/.m2/repository/org/jboss/jboss-dmr/1.1.1.Final/jboss-dmr-1.1.1.Final-sources.jar","isSystem":false,"isOwn":false,"isTest":false,"isJavaContent":false},{"kind":"binary","path":"C:\\Users\\xia\\.m2\\repository\\org\\jboss\\as\\jboss-as-controller-client\\7.1.3.Final\\jboss-as-controller-client-7.1.3.Final.jar","sourceContainerUrl":"file:/C:/Users/xia/.m2/repository/org/jboss/as/jboss-as-controller-client/7.1.3.Final/jboss-as-controller-client-7.1.3.Final-sources.jar","isSystem":false,"isOwn":false,"isTest":false,"isJavaContent":false},{"kind":"binary","path":"C:\\Users\\xia\\.m2\\repository\\org\\jboss\\as\\jboss-as-protocol\\7.1.3.Final\\jboss-as-protocol-7.1.3.Final.jar","sourceContainerUrl":"file:/C:/Users/xia/.m2/repository/org/jboss/as/jboss-as-protocol/7.1.3.Final/jboss-as-protocol-7.1.3.Final-sources.jar","isSystem":false,"isOwn":false,"isTest":false,"isJavaContent":false},{"kind":"binary","path":"C:\\Users\\xia\\.m2\\repository\\org\\jboss\\remoting3\\jboss-remoting\\3.2.8.SP1\\jboss-remoting-3.2.8.SP1.jar","sourceContainerUrl":"file:/C:/Users/xia/.m2/repository/org/jboss/remoting3/jboss-remoting/3.2.8.SP1/jboss-remoting-3.2.8.SP1-sources.jar","javadocContainerUrl":"file:/C:/Users/xia/.m2/repository/org/jboss/remoting3/jboss-remoting/3.2.8.SP1/jboss-remoting-3.2.8.SP1-javadoc.jar","isSystem":false,"isOwn":false,"isTest":false,"isJavaContent":false},{"kind":"binary","path":"C:\\Users\\xia\\.m2\\repository\\org\\jboss\\modules\\jboss-modules\\1.1.3.GA\\jboss-modules-1.1.3.GA.jar","sourceContainerUrl":"file:/C:/Users/xia/.m2/repository/org/jboss/modules/jboss-modules/1.1.3.GA/jboss-modules-1.1.3.GA-sources.jar","javadocContainerUrl":"file:/C:/Users/xia/.m2/repository/org/jboss/modules/jboss-modules/1.1.3.GA/jboss-modules-1.1.3.GA-javadoc.jar","isSystem":false,"isOwn":false,"isTest":false,"isJavaContent":false},{"kind":"binary","path":"C:\\Users\\xia\\.m2\\repository\\org\\jboss\\msc\\jboss-msc\\1.0.2.GA\\jboss-msc-1.0.2.GA.jar","sourceContainerUrl":"file:/C:/Users/xia/.m2/repository/org/jboss/msc/jboss-msc/1.0.2.GA/jboss-msc-1.0.2.GA-sources.jar","isSystem":false,"isOwn":false,"isTest":false,"isJavaContent":false},{"kind":"binary","path":"C:\\Users\\xia\\.m2\\repository\\org\\jboss\\staxmapper\\1.1.0.Final\\staxmapper-1.1.0.Final.jar","sourceContainerUrl":"file:/C:/Users/xia/.m2/repository/org/jboss/staxmapper/1.1.0.Final/staxmapper-1.1.0.Final-sources.jar","isSystem":false,"isOwn":false,"isTest":false,"isJavaContent":false},{"kind":"binary","path":"C:\\Users\\xia\\.m2\\repository\\org\\jboss\\threads\\jboss-threads\\2.0.0.GA\\jboss-threads-2.0.0.GA.jar","sourceContainerUrl":"file:/C:/Users/xia/.m2/repository/org/jboss/threads/jboss-threads/2.0.0.GA/jboss-threads-2.0.0.GA-sources.jar","isSystem":false,"isOwn":false,"isTest":false,"isJavaContent":false},{"kind":"binary","path":"C:\\Users\\xia\\.m2\\repository\\org\\jboss\\as\\jboss-as-build-config\\7.1.3.Final\\jboss-as-build-config-7.1.3.Final.jar","sourceContainerUrl":"file:/C:/Users/xia/.m2/repository/org/jboss/as/jboss-as-build-config/7.1.3.Final/jboss-as-build-config-7.1.3.Final-sources.jar","isSystem":false,"isOwn":false,"isTest":false,"isJavaContent":false},{"kind":"binary","path":"C:\\Users\\xia\\.m2\\repository\\commons-io\\commons-io\\2.4\\commons-io-2.4.jar","sourceContainerUrl":"file:/C:/Users/xia/.m2/repository/commons-io/commons-io/2.4/commons-io-2.4-sources.jar","javadocContainerUrl":"file:/C:/Users/xia/.m2/repository/commons-io/commons-io/2.4/commons-io-2.4-javadoc.jar","isSystem":false,"isOwn":false,"isTest":false,"isJavaContent":false},{"kind":"binary","path":"C:\\Users\\xia\\.m2\\repository\\jp\\co\\nec\\slb\\segmentloadbalance\\5.0.0-SNAPSHOT\\segmentloadbalance-5.0.0-SNAPSHOT.jar","isSystem":false,"isOwn":false,"isTest":false,"isJavaContent":false},{"kind":"binary","path":"C:\\Users\\xia\\.m2\\repository\\org\\apache\\commons\\commons-lang3\\3.3.2\\commons-lang3-3.3.2.jar","sourceContainerUrl":"file:/C:/Users/xia/.m2/repository/org/apache/commons/commons-lang3/3.3.2/commons-lang3-3.3.2-sources.jar","javadocContainerUrl":"file:/C:/Users/xia/.m2/repository/org/apache/commons/commons-lang3/3.3.2/commons-lang3-3.3.2-javadoc.jar","isSystem":false,"isOwn":false,"isTest":false,"isJavaContent":false},{"kind":"binary","path":"C:\\Users\\xia\\.m2\\repository\\org\\apache\\httpcomponents\\httpclient\\4.3.6\\httpclient-4.3.6.jar","sourceContainerUrl":"file:/C:/Users/xia/.m2/repository/org/apache/httpcomponents/httpclient/4.3.6/httpclient-4.3.6-sources.jar","javadocContainerUrl":"file:/C:/Users/xia/.m2/repository/org/apache/httpcomponents/httpclient/4.3.6/httpclient-4.3.6-javadoc.jar","isSystem":false,"isOwn":false,"isTest":false,"isJavaContent":false},{"kind":"binary","path":"C:\\Users\\xia\\.m2\\repository\\org\\apache\\httpcomponents\\httpcore\\4.3.3\\httpcore-4.3.3.jar","sourceContainerUrl":"file:/C:/Users/xia/.m2/repository/org/apache/httpcomponents/httpcore/4.3.3/httpcore-4.3.3-sources.jar","javadocContainerUrl":"file:/C:/Users/xia/.m2/repository/org/apache/httpcomponents/httpcore/4.3.3/httpcore-4.3.3-javadoc.jar","isSystem":false,"isOwn":false,"isTest":false,"isJavaContent":false},{"kind":"binary","path":"C:\\Users\\xia\\.m2\\repository\\commons-logging\\commons-logging\\1.1.3\\commons-logging-1.1.3.jar","sourceContainerUrl":"file:/C:/Users/xia/.m2/repository/commons-logging/commons-logging/1.1.3/commons-logging-1.1.3-sources.jar","javadocContainerUrl":"file:/C:/Users/xia/.m2/repository/commons-logging/commons-logging/1.1.3/commons-logging-1.1.3-javadoc.jar","isSystem":false,"isOwn":false,"isTest":false,"isJavaContent":false},{"kind":"binary","path":"C:\\Users\\xia\\.m2\\repository\\commons-codec\\commons-codec\\1.6\\commons-codec-1.6.jar","sourceContainerUrl":"file:/C:/Users/xia/.m2/repository/commons-codec/commons-codec/1.6/commons-codec-1.6-sources.jar","javadocContainerUrl":"file:/C:/Users/xia/.m2/repository/commons-codec/commons-codec/1.6/commons-codec-1.6-javadoc.jar","isSystem":false,"isOwn":false,"isTest":false,"isJavaContent":false},{"kind":"binary","path":"C:\\Users\\xia\\.m2\\repository\\org\\apache\\httpcomponents\\httpmime\\4.3.6\\httpmime-4.3.6.jar","sourceContainerUrl":"file:/C:/Users/xia/.m2/repository/org/apache/httpcomponents/httpmime/4.3.6/httpmime-4.3.6-sources.jar","javadocContainerUrl":"file:/C:/Users/xia/.m2/repository/org/apache/httpcomponents/httpmime/4.3.6/httpmime-4.3.6-javadoc.jar","isSystem":false,"isOwn":false,"isTest":false,"isJavaContent":false},{"kind":"binary","path":"C:\\Users\\xia\\.m2\\repository\\com\\google\\guava\\guava\\18.0\\guava-18.0.jar","sourceContainerUrl":"file:/C:/Users/xia/.m2/repository/com/google/guava/guava/18.0/guava-18.0-sources.jar","javadocContainerUrl":"file:/C:/Users/xia/.m2/repository/com/google/guava/guava/18.0/guava-18.0-javadoc.jar","isSystem":false,"isOwn":false,"isTest":false,"isJavaContent":false},{"kind":"binary","path":"C:\\Users\\xia\\.m2\\repository\\commons-beanutils\\commons-beanutils\\1.9.2\\commons-beanutils-1.9.2.jar","sourceContainerUrl":"file:/C:/Users/xia/.m2/repository/commons-beanutils/commons-beanutils/1.9.2/commons-beanutils-1.9.2-sources.jar","javadocContainerUrl":"file:/C:/Users/xia/.m2/repository/commons-beanutils/commons-beanutils/1.9.2/commons-beanutils-1.9.2-javadoc.jar","isSystem":false,"isOwn":false,"isTest":false,"isJavaContent":false},{"kind":"binary","path":"C:\\Users\\xia\\.m2\\repository\\commons-collections\\commons-collections\\3.2.1\\commons-collections-3.2.1.jar","sourceContainerUrl":"file:/C:/Users/xia/.m2/repository/commons-collections/commons-collections/3.2.1/commons-collections-3.2.1-sources.jar","javadocContainerUrl":"file:/C:/Users/xia/.m2/repository/commons-collections/commons-collections/3.2.1/commons-collections-3.2.1-javadoc.jar","isSystem":false,"isOwn":false,"isTest":false,"isJavaContent":false},{"kind":"binary","path":"C:\\Users\\xia\\.m2\\repository\\org\\hibernate\\hibernate-core\\4.3.10.Final\\hibernate-core-4.3.10.Final.jar","sourceContainerUrl":"file:/C:/Users/xia/.m2/repository/org/hibernate/hibernate-core/4.3.10.Final/hibernate-core-4.3.10.Final-sources.jar","isSystem":false,"isOwn":false,"isTest":false,"isJavaContent":false},{"kind":"binary","path":"C:\\Users\\xia\\.m2\\repository\\org\\jboss\\logging\\jboss-logging-annotations\\1.2.0.Beta1\\jboss-logging-annotations-1.2.0.Beta1.jar","sourceContainerUrl":"file:/C:/Users/xia/.m2/repository/org/jboss/logging/jboss-logging-annotations/1.2.0.Beta1/jboss-logging-annotations-1.2.0.Beta1-sources.jar","javadocContainerUrl":"file:/C:/Users/xia/.m2/repository/org/jboss/logging/jboss-logging-annotations/1.2.0.Beta1/jboss-logging-annotations-1.2.0.Beta1-javadoc.jar","isSystem":false,"isOwn":false,"isTest":false,"isJavaContent":false},{"kind":"binary","path":"C:\\Users\\xia\\.m2\\repository\\org\\jboss\\spec\\javax\\transaction\\jboss-transaction-api_1.2_spec\\1.0.0.Final\\jboss-transaction-api_1.2_spec-1.0.0.Final.jar","sourceContainerUrl":"file:/C:/Users/xia/.m2/repository/org/jboss/spec/javax/transaction/jboss-transaction-api_1.2_spec/1.0.0.Final/jboss-transaction-api_1.2_spec-1.0.0.Final-sources.jar","javadocContainerUrl":"file:/C:/Users/xia/.m2/repository/org/jboss/spec/javax/transaction/jboss-transaction-api_1.2_spec/1.0.0.Final/jboss-transaction-api_1.2_spec-1.0.0.Final-javadoc.jar","isSystem":false,"isOwn":false,"isTest":false,"isJavaContent":false},{"kind":"binary","path":"C:\\Users\\xia\\.m2\\repository\\dom4j\\dom4j\\1.6.1\\dom4j-1.6.1.jar","sourceContainerUrl":"file:/C:/Users/xia/.m2/repository/dom4j/dom4j/1.6.1/dom4j-1.6.1-sources.jar","isSystem":false,"isOwn":false,"isTest":false,"isJavaContent":false},{"kind":"binary","path":"C:\\Users\\xia\\.m2\\repository\\xml-apis\\xml-apis\\1.0.b2\\xml-apis-1.0.b2.jar","sourceContainerUrl":"file:/C:/Users/xia/.m2/repository/xml-apis/xml-apis/1.0.b2/xml-apis-1.0.b2-sources.jar","isSystem":false,"isOwn":false,"isTest":false,"isJavaContent":false},{"kind":"binary","path":"C:\\Users\\xia\\.m2\\repository\\org\\hibernate\\common\\hibernate-commons-annotations\\4.0.5.Final\\hibernate-commons-annotations-4.0.5.Final.jar","sourceContainerUrl":"file:/C:/Users/xia/.m2/repository/org/hibernate/common/hibernate-commons-annotations/4.0.5.Final/hibernate-commons-annotations-4.0.5.Final-sources.jar","isSystem":false,"isOwn":false,"isTest":false,"isJavaContent":false},{"kind":"binary","path":"C:\\Users\\xia\\.m2\\repository\\org\\hibernate\\javax\\persistence\\hibernate-jpa-2.1-api\\1.0.0.Final\\hibernate-jpa-2.1-api-1.0.0.Final.jar","sourceContainerUrl":"file:/C:/Users/xia/.m2/repository/org/hibernate/javax/persistence/hibernate-jpa-2.1-api/1.0.0.Final/hibernate-jpa-2.1-api-1.0.0.Final-sources.jar","javadocContainerUrl":"file:/C:/Users/xia/.m2/repository/org/hibernate/javax/persistence/hibernate-jpa-2.1-api/1.0.0.Final/hibernate-jpa-2.1-api-1.0.0.Final-javadoc.jar","isSystem":false,"isOwn":false,"isTest":false,"isJavaContent":false},{"kind":"binary","path":"C:\\Users\\xia\\.m2\\repository\\org\\javassist\\javassist\\3.18.1-GA\\javassist-3.18.1-GA.jar","sourceContainerUrl":"file:/C:/Users/xia/.m2/repository/org/javassist/javassist/3.18.1-GA/javassist-3.18.1-GA-sources.jar","javadocContainerUrl":"file:/C:/Users/xia/.m2/repository/org/javassist/javassist/3.18.1-GA/javassist-3.18.1-GA-javadoc.jar","isSystem":false,"isOwn":false,"isTest":false,"isJavaContent":false},{"kind":"binary","path":"C:\\Users\\xia\\.m2\\repository\\antlr\\antlr\\2.7.7\\antlr-2.7.7.jar","isSystem":false,"isOwn":false,"isTest":false,"isJavaContent":false},{"kind":"binary","path":"C:\\Users\\xia\\.m2\\repository\\org\\jboss\\jandex\\1.1.0.Final\\jandex-1.1.0.Final.jar","sourceContainerUrl":"file:/C:/Users/xia/.m2/repository/org/jboss/jandex/1.1.0.Final/jandex-1.1.0.Final-sources.jar","isSystem":false,"isOwn":false,"isTest":false,"isJavaContent":false},{"kind":"binary","path":"C:\\Users\\xia\\.m2\\repository\\org\\hibernate\\hibernate-entitymanager\\4.3.10.Final\\hibernate-entitymanager-4.3.10.Final.jar","sourceContainerUrl":"file:/C:/Users/xia/.m2/repository/org/hibernate/hibernate-entitymanager/4.3.10.Final/hibernate-entitymanager-4.3.10.Final-sources.jar","isSystem":false,"isOwn":false,"isTest":false,"isJavaContent":false},{"kind":"binary","path":"C:\\Users\\xia\\.m2\\repository\\org\\apache\\xbean\\xbean-spring\\4.1\\xbean-spring-4.1.jar","sourceContainerUrl":"file:/C:/Users/xia/.m2/repository/org/apache/xbean/xbean-spring/4.1/xbean-spring-4.1-sources.jar","javadocContainerUrl":"file:/C:/Users/xia/.m2/repository/org/apache/xbean/xbean-spring/4.1/xbean-spring-4.1-javadoc.jar","isSystem":false,"isOwn":false,"isTest":false,"isJavaContent":false},{"kind":"binary","path":"C:\\Users\\xia\\.m2\\repository\\jp\\co\\nec\\aim\\baton\\batonmessage\\5.0.0-SNAPSHOT\\batonmessage-5.0.0-SNAPSHOT.jar","isSystem":false,"isOwn":false,"isTest":false,"isJavaContent":false},{"kind":"binary","path":"C:\\Users\\xia\\.m2\\repository\\org\\slf4j\\slf4j-api\\1.7.7\\slf4j-api-1.7.7.jar","sourceContainerUrl":"file:/C:/Users/xia/.m2/repository/org/slf4j/slf4j-api/1.7.7/slf4j-api-1.7.7-sources.jar","javadocContainerUrl":"file:/C:/Users/xia/.m2/repository/org/slf4j/slf4j-api/1.7.7/slf4j-api-1.7.7-javadoc.jar","isSystem":false,"isOwn":false,"isTest":false,"isJavaContent":false},{"kind":"binary","path":"C:\\Users\\xia\\.m2\\repository\\ch\\qos\\logback\\logback-classic\\1.1.2\\logback-classic-1.1.2.jar","sourceContainerUrl":"file:/C:/Users/xia/.m2/repository/ch/qos/logback/logback-classic/1.1.2/logback-classic-1.1.2-sources.jar","javadocContainerUrl":"file:/C:/Users/xia/.m2/repository/ch/qos/logback/logback-classic/1.1.2/logback-classic-1.1.2-javadoc.jar","isSystem":false,"isOwn":false,"isTest":false,"isJavaContent":false},{"kind":"binary","path":"C:\\Users\\xia\\.m2\\repository\\ch\\qos\\logback\\logback-core\\1.1.2\\logback-core-1.1.2.jar","sourceContainerUrl":"file:/C:/Users/xia/.m2/repository/ch/qos/logback/logback-core/1.1.2/logback-core-1.1.2-sources.jar","javadocContainerUrl":"file:/C:/Users/xia/.m2/repository/ch/qos/logback/logback-core/1.1.2/logback-core-1.1.2-javadoc.jar","isSystem":false,"isOwn":false,"isTest":false,"isJavaContent":false},{"kind":"binary","path":"C:\\Users\\xia\\.m2\\repository\\com\\google\\protobuf\\protobuf-java\\2.6.1\\protobuf-java-2.6.1.jar","sourceContainerUrl":"file:/C:/Users/xia/.m2/repository/com/google/protobuf/protobuf-java/2.6.1/protobuf-java-2.6.1-sources.jar","javadocContainerUrl":"file:/C:/Users/xia/.m2/repository/com/google/protobuf/protobuf-java/2.6.1/protobuf-java-2.6.1-javadoc.jar","isSystem":false,"isOwn":false,"isTest":false,"isJavaContent":false},{"kind":"binary","path":"C:\\Users\\xia\\.m2\\repository\\org\\quartz-scheduler\\quartz\\2.2.1\\quartz-2.2.1.jar","sourceContainerUrl":"file:/C:/Users/xia/.m2/repository/org/quartz-scheduler/quartz/2.2.1/quartz-2.2.1-sources.jar","javadocContainerUrl":"file:/C:/Users/xia/.m2/repository/org/quartz-scheduler/quartz/2.2.1/quartz-2.2.1-javadoc.jar","isSystem":false,"isOwn":false,"isTest":false,"isJavaContent":false},{"kind":"binary","path":"C:\\Users\\xia\\.m2\\repository\\c3p0\\c3p0\\0.9.1.1\\c3p0-0.9.1.1.jar","sourceContainerUrl":"file:/C:/Users/xia/.m2/repository/c3p0/c3p0/0.9.1.1/c3p0-0.9.1.1-sources.jar","javadocContainerUrl":"file:/C:/Users/xia/.m2/repository/c3p0/c3p0/0.9.1.1/c3p0-0.9.1.1-javadoc.jar","isSystem":false,"isOwn":false,"isTest":false,"isJavaContent":false},{"kind":"binary","path":"C:\\Users\\xia\\.m2\\repository\\org\\quartz-scheduler\\quartz-jobs\\2.2.1\\quartz-jobs-2.2.1.jar","sourceContainerUrl":"file:/C:/Users/xia/.m2/repository/org/quartz-scheduler/quartz-jobs/2.2.1/quartz-jobs-2.2.1-sources.jar","javadocContainerUrl":"file:/C:/Users/xia/.m2/repository/org/quartz-scheduler/quartz-jobs/2.2.1/quartz-jobs-2.2.1-javadoc.jar","isSystem":false,"isOwn":false,"isTest":false,"isJavaContent":false},{"kind":"binary","path":"C:\\Users\\xia\\.m2\\repository\\org\\jmockit\\jmockit\\1.8\\jmockit-1.8.jar","sourceContainerUrl":"file:/C:/Users/xia/.m2/repository/org/jmockit/jmockit/1.8/jmockit-1.8-sources.jar","javadocContainerUrl":"file:/C:/Users/xia/.m2/repository/org/jmockit/jmockit/1.8/jmockit-1.8-javadoc.jar","isSystem":false,"isOwn":false,"isTest":false,"isJavaContent":false},{"kind":"binary","path":"C:\\Users\\xia\\.m2\\repository\\org\\mortbay\\jetty\\jetty-servlet-tester\\6.1.26\\jetty-servlet-tester-6.1.26.jar","sourceContainerUrl":"file:/C:/Users/xia/.m2/repository/org/mortbay/jetty/jetty-servlet-tester/6.1.26/jetty-servlet-tester-6.1.26-sources.jar","javadocContainerUrl":"file:/C:/Users/xia/.m2/repository/org/mortbay/jetty/jetty-servlet-tester/6.1.26/jetty-servlet-tester-6.1.26-javadoc.jar","isSystem":false,"isOwn":false,"isTest":false,"isJavaContent":false},{"kind":"binary","path":"C:\\Users\\xia\\.m2\\repository\\org\\mortbay\\jetty\\jetty\\6.1.26\\jetty-6.1.26.jar","sourceContainerUrl":"file:/C:/Users/xia/.m2/repository/org/mortbay/jetty/jetty/6.1.26/jetty-6.1.26-sources.jar","javadocContainerUrl":"file:/C:/Users/xia/.m2/repository/org/mortbay/jetty/jetty/6.1.26/jetty-6.1.26-javadoc.jar","isSystem":false,"isOwn":false,"isTest":false,"isJavaContent":false},{"kind":"binary","path":"C:\\Users\\xia\\.m2\\repository\\org\\mortbay\\jetty\\jetty-util\\6.1.26\\jetty-util-6.1.26.jar","sourceContainerUrl":"file:/C:/Users/xia/.m2/repository/org/mortbay/jetty/jetty-util/6.1.26/jetty-util-6.1.26-sources.jar","javadocContainerUrl":"file:/C:/Users/xia/.m2/repository/org/mortbay/jetty/jetty-util/6.1.26/jetty-util-6.1.26-javadoc.jar","isSystem":false,"isOwn":false,"isTest":false,"isJavaContent":false},{"kind":"binary","path":"C:\\Users\\xia\\.m2\\repository\\org\\mortbay\\jetty\\servlet-api\\2.5-20081211\\servlet-api-2.5-20081211.jar","sourceContainerUrl":"file:/C:/Users/xia/.m2/repository/org/mortbay/jetty/servlet-api/2.5-20081211/servlet-api-2.5-20081211-sources.jar","javadocContainerUrl":"file:/C:/Users/xia/.m2/repository/org/mortbay/jetty/servlet-api/2.5-20081211/servlet-api-2.5-20081211-javadoc.jar","isSystem":false,"isOwn":false,"isTest":false,"isJavaContent":false},{"kind":"binary","path":"C:\\Users\\xia\\.m2\\repository\\junit\\junit\\4.11\\junit-4.11.jar","sourceContainerUrl":"file:/C:/Users/xia/.m2/repository/junit/junit/4.11/junit-4.11-sources.jar","javadocContainerUrl":"file:/C:/Users/xia/.m2/repository/junit/junit/4.11/junit-4.11-javadoc.jar","isSystem":false,"isOwn":false,"isTest":false,"isJavaContent":false},{"kind":"binary","path":"C:\\Users\\xia\\.m2\\repository\\org\\hamcrest\\hamcrest-core\\1.3\\hamcrest-core-1.3.jar","sourceContainerUrl":"file:/C:/Users/xia/.m2/repository/org/hamcrest/hamcrest-core/1.3/hamcrest-core-1.3-sources.jar","javadocContainerUrl":"file:/C:/Users/xia/.m2/repository/org/hamcrest/hamcrest-core/1.3/hamcrest-core-1.3-javadoc.jar","isSystem":false,"isOwn":false,"isTest":false,"isJavaContent":false},{"kind":"binary","path":"C:\\Users\\xia\\.m2\\repository\\org\\springframework\\spring-orm\\4.1.4.RELEASE\\spring-orm-4.1.4.RELEASE.jar","sourceContainerUrl":"file:/C:/Users/xia/.m2/repository/org/springframework/spring-orm/4.1.4.RELEASE/spring-orm-4.1.4.RELEASE-sources.jar","javadocContainerUrl":"file:/C:/Users/xia/.m2/repository/org/springframework/spring-orm/4.1.4.RELEASE/spring-orm-4.1.4.RELEASE-javadoc.jar","isSystem":false,"isOwn":false,"isTest":false,"isJavaContent":false},{"kind":"binary","path":"C:\\Users\\xia\\.m2\\repository\\org\\springframework\\spring-aop\\4.1.4.RELEASE\\spring-aop-4.1.4.RELEASE.jar","sourceContainerUrl":"file:/C:/Users/xia/.m2/repository/org/springframework/spring-aop/4.1.4.RELEASE/spring-aop-4.1.4.RELEASE-sources.jar","javadocContainerUrl":"file:/C:/Users/xia/.m2/repository/org/springframework/spring-aop/4.1.4.RELEASE/spring-aop-4.1.4.RELEASE-javadoc.jar","isSystem":false,"isOwn":false,"isTest":false,"isJavaContent":false},{"kind":"binary","path":"C:\\Users\\xia\\.m2\\repository\\aopalliance\\aopalliance\\1.0\\aopalliance-1.0.jar","sourceContainerUrl":"file:/C:/Users/xia/.m2/repository/aopalliance/aopalliance/1.0/aopalliance-1.0-sources.jar","isSystem":false,"isOwn":false,"isTest":false,"isJavaContent":false},{"kind":"binary","path":"C:\\Users\\xia\\.m2\\repository\\org\\springframework\\spring-jms\\4.1.4.RELEASE\\spring-jms-4.1.4.RELEASE.jar","sourceContainerUrl":"file:/C:/Users/xia/.m2/repository/org/springframework/spring-jms/4.1.4.RELEASE/spring-jms-4.1.4.RELEASE-sources.jar","javadocContainerUrl":"file:/C:/Users/xia/.m2/repository/org/springframework/spring-jms/4.1.4.RELEASE/spring-jms-4.1.4.RELEASE-javadoc.jar","isSystem":false,"isOwn":false,"isTest":false,"isJavaContent":false},{"kind":"binary","path":"C:\\Users\\xia\\.m2\\repository\\org\\springframework\\spring-context\\4.1.4.RELEASE\\spring-context-4.1.4.RELEASE.jar","sourceContainerUrl":"file:/C:/Users/xia/.m2/repository/org/springframework/spring-context/4.1.4.RELEASE/spring-context-4.1.4.RELEASE-sources.jar","javadocContainerUrl":"file:/C:/Users/xia/.m2/repository/org/springframework/spring-context/4.1.4.RELEASE/spring-context-4.1.4.RELEASE-javadoc.jar","isSystem":false,"isOwn":false,"isTest":false,"isJavaContent":false},{"kind":"binary","path":"C:\\Users\\xia\\.m2\\repository\\org\\springframework\\spring-expression\\4.1.4.RELEASE\\spring-expression-4.1.4.RELEASE.jar","sourceContainerUrl":"file:/C:/Users/xia/.m2/repository/org/springframework/spring-expression/4.1.4.RELEASE/spring-expression-4.1.4.RELEASE-sources.jar","javadocContainerUrl":"file:/C:/Users/xia/.m2/repository/org/springframework/spring-expression/4.1.4.RELEASE/spring-expression-4.1.4.RELEASE-javadoc.jar","isSystem":false,"isOwn":false,"isTest":false,"isJavaContent":false},{"kind":"binary","path":"C:\\Users\\xia\\.m2\\repository\\org\\springframework\\spring-messaging\\4.1.4.RELEASE\\spring-messaging-4.1.4.RELEASE.jar","sourceContainerUrl":"file:/C:/Users/xia/.m2/repository/org/springframework/spring-messaging/4.1.4.RELEASE/spring-messaging-4.1.4.RELEASE-sources.jar","javadocContainerUrl":"file:/C:/Users/xia/.m2/repository/org/springframework/spring-messaging/4.1.4.RELEASE/spring-messaging-4.1.4.RELEASE-javadoc.jar","isSystem":false,"isOwn":false,"isTest":false,"isJavaContent":false},{"kind":"binary","path":"C:\\Users\\xia\\.m2\\repository\\org\\springframework\\spring-test\\4.1.4.RELEASE\\spring-test-4.1.4.RELEASE.jar","sourceContainerUrl":"file:/C:/Users/xia/.m2/repository/org/springframework/spring-test/4.1.4.RELEASE/spring-test-4.1.4.RELEASE-sources.jar","javadocContainerUrl":"file:/C:/Users/xia/.m2/repository/org/springframework/spring-test/4.1.4.RELEASE/spring-test-4.1.4.RELEASE-javadoc.jar","isSystem":false,"isOwn":false,"isTest":false,"isJavaContent":false},{"kind":"binary","path":"C:\\Users\\xia\\.m2\\repository\\commons-dbcp\\commons-dbcp\\1.4\\commons-dbcp-1.4.jar","sourceContainerUrl":"file:/C:/Users/xia/.m2/repository/commons-dbcp/commons-dbcp/1.4/commons-dbcp-1.4-sources.jar","javadocContainerUrl":"file:/C:/Users/xia/.m2/repository/commons-dbcp/commons-dbcp/1.4/commons-dbcp-1.4-javadoc.jar","isSystem":false,"isOwn":false,"isTest":false,"isJavaContent":false},{"kind":"binary","path":"C:\\Users\\xia\\.m2\\repository\\commons-pool\\commons-pool\\1.5.4\\commons-pool-1.5.4.jar","sourceContainerUrl":"file:/C:/Users/xia/.m2/repository/commons-pool/commons-pool/1.5.4/commons-pool-1.5.4-sources.jar","javadocContainerUrl":"file:/C:/Users/xia/.m2/repository/commons-pool/commons-pool/1.5.4/commons-pool-1.5.4-javadoc.jar","isSystem":false,"isOwn":false,"isTest":false,"isJavaContent":false},{"kind":"binary","path":"C:\\Users\\xia\\.m2\\repository\\com\\atomikos\\transactions-jta\\3.9.3\\transactions-jta-3.9.3.jar","sourceContainerUrl":"file:/C:/Users/xia/.m2/repository/com/atomikos/transactions-jta/3.9.3/transactions-jta-3.9.3-sources.jar","javadocContainerUrl":"file:/C:/Users/xia/.m2/repository/com/atomikos/transactions-jta/3.9.3/transactions-jta-3.9.3-javadoc.jar","isSystem":false,"isOwn":false,"isTest":false,"isJavaContent":false},{"kind":"binary","path":"C:\\Users\\xia\\.m2\\repository\\com\\atomikos\\transactions\\3.9.3\\transactions-3.9.3.jar","sourceContainerUrl":"file:/C:/Users/xia/.m2/repository/com/atomikos/transactions/3.9.3/transactions-3.9.3-sources.jar","javadocContainerUrl":"file:/C:/Users/xia/.m2/repository/com/atomikos/transactions/3.9.3/transactions-3.9.3-javadoc.jar","isSystem":false,"isOwn":false,"isTest":false,"isJavaContent":false},{"kind":"binary","path":"C:\\Users\\xia\\.m2\\repository\\com\\atomikos\\transactions-api\\3.9.3\\transactions-api-3.9.3.jar","sourceContainerUrl":"file:/C:/Users/xia/.m2/repository/com/atomikos/transactions-api/3.9.3/transactions-api-3.9.3-sources.jar","javadocContainerUrl":"file:/C:/Users/xia/.m2/repository/com/atomikos/transactions-api/3.9.3/transactions-api-3.9.3-javadoc.jar","isSystem":false,"isOwn":false,"isTest":false,"isJavaContent":false},{"kind":"binary","path":"C:\\Users\\xia\\.m2\\repository\\com\\atomikos\\atomikos-util\\3.9.3\\atomikos-util-3.9.3.jar","sourceContainerUrl":"file:/C:/Users/xia/.m2/repository/com/atomikos/atomikos-util/3.9.3/atomikos-util-3.9.3-sources.jar","javadocContainerUrl":"file:/C:/Users/xia/.m2/repository/com/atomikos/atomikos-util/3.9.3/atomikos-util-3.9.3-javadoc.jar","isSystem":false,"isOwn":false,"isTest":false,"isJavaContent":false},{"kind":"binary","path":"C:\\Users\\xia\\.m2\\repository\\org\\aspectj\\aspectjtools\\1.6.9\\aspectjtools-1.6.9.jar","sourceContainerUrl":"file:/C:/Users/xia/.m2/repository/org/aspectj/aspectjtools/1.6.9/aspectjtools-1.6.9-sources.jar","isSystem":false,"isOwn":false,"isTest":false,"isJavaContent":false},{"kind":"binary","path":"C:\\Users\\xia\\.m2\\repository\\org\\apache\\activemq\\activemq-all\\5.11.1\\activemq-all-5.11.1.jar","sourceContainerUrl":"file:/C:/Users/xia/.m2/repository/org/apache/activemq/activemq-all/5.11.1/activemq-all-5.11.1-sources.jar","isSystem":false,"isOwn":false,"isTest":false,"isJavaContent":false},{"kind":"source","path":"c:\\Users\\xia\\Desktop\\UID_BSP3\\matchmanager\\mm-ejb\\src\\main\\java","outputFolder":"c:\\Users\\xia\\Desktop\\UID_BSP3\\matchmanager\\mm-ejb\\target\\classes","javadocContainerUrl":"file:/c:/Users/xia/Desktop/UID_BSP3/matchmanager/mm-ejb/target/site/apidocs","isSystem":false,"isOwn":true,"isTest":false,"isJavaContent":true},{"kind":"source","path":"c:\\Users\\xia\\Desktop\\UID_BSP3\\matchmanager\\mm-ejb\\src\\test\\java","outputFolder":"c:\\Users\\xia\\Desktop\\UID_BSP3\\matchmanager\\mm-ejb\\target\\test-classes","javadocContainerUrl":"file:/c:/Users/xia/Desktop/UID_BSP3/matchmanager/mm-ejb/target/site/apidocs","isSystem":false,"isOwn":true,"isTest":true,"isJavaContent":true},{"kind":"source","path":"c:\\Users\\xia\\Desktop\\UID_BSP3\\matchmanager\\mm-ejb\\src\\main\\resources","outputFolder":"c:\\Users\\xia\\Desktop\\UID_BSP3\\matchmanager\\mm-ejb\\target\\classes","isSystem":false,"isOwn":true,"isTest":false,"isJavaContent":false},{"kind":"source","path":"c:\\Users\\xia\\Desktop\\UID_BSP3\\matchmanager\\mm-ejb\\src\\test\\resources","outputFolder":"c:\\Users\\xia\\Desktop\\UID_BSP3\\matchmanager\\mm-ejb\\target\\test-classes","isSystem":false,"isOwn":true,"isTest":true,"isJavaContent":false},{"kind":"source","path":"c:\\Users\\xia\\Desktop\\UID_BSP3\\matchmanager\\mm-ejb\\src\\test\\java","outputFolder":"c:\\Users\\xia\\Desktop\\UID_BSP3\\matchmanager\\mm-ejb\\target\\test-classes","javadocContainerUrl":"file:/c:/Users/xia/Desktop/UID_BSP3/matchmanager/mm-ejb/target/site/apidocs","isSystem":false,"isOwn":true,"isTest":false,"isJavaContent":false}]}