<?xml version="1.0" encoding="UTF-8"?>
<metadata modelVersion="1.1.0">
  <groupId>jp.co.nec.aim.helper</groupId>
  <artifactId>helper</artifactId>
  <version>uid-0.1-SNAPSHOT</version>
  <versioning>
    <snapshot>
      <localCopy>true</localCopy>
    </snapshot>
    <lastUpdated>20191127030459</lastUpdated>
    <snapshotVersions>
      <snapshotVersion>
        <classifier>sources</classifier>
        <extension>jar</extension>
        <value>uid-0.1-SNAPSHOT</value>
        <updated>20191127030459</updated>
      </snapshotVersion>
      <snapshotVersion>
        <extension>jar</extension>
        <value>uid-0.1-SNAPSHOT</value>
        <updated>20191127030459</updated>
      </snapshotVersion>
      <snapshotVersion>
        <extension>pom</extension>
        <value>uid-0.1-SNAPSHOT</value>
        <updated>20191127030459</updated>
      </snapshotVersion>
    </snapshotVersions>
  </versioning>
</metadata>
