<?xml version="1.0" encoding="UTF-8"?>
<assembly
    xmlns="http://maven.apache.org/plugins/maven-assembly-plugin/assembly/1.1.0"
    xmlns:xsi="http://www.w3.org/2001/XMLSchema-instance"
    xsi:schemaLocation="http://maven.apache.org/plugins/maven-assembly-plugin/assembly/1.1.0 http://maven.apache.org/xsd/assembly-1.1.0.xsd">
    <id>distribution</id>
    <formats>
        <format>zip</format>
    </formats>
    <dependencySets>
        <dependencySet>
            <scope>runtime</scope>
            <outputDirectory>lib</outputDirectory>
             <useProjectArtifact>true</useProjectArtifact>
            <unpack>false</unpack>
        </dependencySet>
    </dependencySets>    
	<fileSets>
		<fileSet>
			<directory>.</directory>
			<outputDirectory>logs</outputDirectory>
			<excludes>
				<exclude>*/**</exclude>
			</excludes>
		</fileSet>
	</fileSets>
	<files>
	    <file>
	      <source>${project.basedir}/setup/readme.txt</source>
	      <outputDirectory>./</outputDirectory>
	      <filtered>true</filtered>
	    </file>	
	    <file>
	      <source>${project.basedir}/setup/bin/run.sh</source>
	      <outputDirectory>bin/</outputDirectory>
	      <filtered>true</filtered>
	    </file>
	    <file>
	      <source>${project.basedir}/setup/bin/run.bat</source>
	      <outputDirectory>bin/</outputDirectory>
	      <filtered>true</filtered>
	    </file>
	    <file>
	      <source>${project.basedir}/setup/conf/spring-etl-config.xml</source>
	      <outputDirectory>conf/</outputDirectory>
	      <filtered>true</filtered>
	    </file>
	    <file>
	      <source>${project.basedir}/setup/conf/log4j.xml</source>
	      <outputDirectory>conf/</outputDirectory>
	      <filtered>true</filtered>
	    </file>
	</files>    
</assembly>