<?xml version="1.0" encoding="UTF-8"?>
<project xmlns="http://maven.apache.org/POM/4.0.0" xmlns:xsi="http://www.w3.org/2001/XMLSchema-instance"
	xsi:schemaLocation="http://maven.apache.org/POM/4.0.0 http://maven.apache.org/maven-v4_0_0.xsd">
	<modelVersion>4.0.0</modelVersion>
	<groupId>jp.co.nec.aim.mm</groupId>
	<artifactId>matchmanager</artifactId>
	<packaging>pom</packaging>
	<version>5.4.1</version>
	<name>matchmanager</name>
	<url>http://www.nec.co.jp</url>

	<description>NEC AIM(Advanced Identification Manager) MM(Matching Manager)</description>
	<scm>
		<connection>scm:http://dev01a/svn/branches/AIM-5.0.0/MatchManager/mm-develop/matchmanager</connection>
		<developerConnection>scm:http://dev01a/svn/branches/AIM-5.0.0/MatchManager/mm-develop/matchmanager</developerConnection>
	</scm>

	<modules>
		<module>mm-ear</module>
		<module>mm-ejb</module>
		<module>mm-web</module>
		<module>mm-mq</module>
		<module>db</module>
		<!-- <module>mm-common</module> -->
	</modules>

	<properties>
		<project.build.sourceEncoding>UTF-8</project.build.sourceEncoding>
		<version.wildfly.maven.plugin>1.0.2.Final</version.wildfly.maven.plugin>
		<version.wildfly>19.0.0.Final</version.wildfly>
		<version.jboss.bom>19.0.0.Final</version.jboss.bom>
		<version.oracle>12.2.0.1</version.oracle>
		<version.mysql>8.0.17</version.mysql>
		<version.jboss.spec.javaee.8.0>1.0.4.Final</version.jboss.spec.javaee.8.0>
		<version.compiler.plugin>3.1</version.compiler.plugin>
		<version.ear.plugin>2.6</version.ear.plugin>
		<version.ejb.plugin>2.3</version.ejb.plugin>
		<version.war.plugin>2.1.1</version.war.plugin>
		<maven.compiler.target>1.8</maven.compiler.target>
		<maven.compiler.source>1.8</maven.compiler.source>
		<hibernate.version>4.3.10.Final</hibernate.version>
		<spring.version>4.1.4.RELEASE</spring.version>
		<arquillian.version>1.1.5.Final</arquillian.version>
		<servlet.version>3.0.1</servlet.version>

		<jdk.version>1.8</jdk.version>
	</properties>

	<repositories>
		<repository>
			<id>nexus</id>
			<name>Team Nexus Repository</name>
			<url>http:///nexus/content/groups/public</url>
		</repository>
	</repositories>
	<pluginRepositories>
		<pluginRepository>
			<id>nexus</id>
			<name>Team Nexus Repository</name>
			<url>http://dev01a/nexus/content/groups/public</url>
			<snapshots>
				<enabled>false</enabled>
			</snapshots>
		</pluginRepository>
	</pluginRepositories>

	<distributionManagement>
		<repository>
			<id>InternalRelease</id>
			<name>InternalRelease</name>
			<url>http://dev01a/nexus/content/repositories/releases/</url>
		</repository>

		<snapshotRepository>
			<id>InternalSnapshots</id>
			<name>InternalSnapshots</name>
			<url>http://dev01a/nexus/content/repositories/snapshots/</url>
		</snapshotRepository>

	</distributionManagement>

	<dependencyManagement>
		<dependencies>
			<dependency>
				<groupId>org.jboss.spec</groupId>
				<artifactId>jboss-javaee-all-8.0</artifactId>
				<version>${version.jboss.spec.javaee.8.0}</version>
				<type>pom</type>
				<scope>import</scope>
			</dependency>
			<dependency>
				<groupId>org.wildfly</groupId>
				<artifactId>wildfly-jms-client-bom</artifactId>
				<version>19.0.0.Final</version>
				<type>pom</type>
				<scope>import</scope>
			</dependency>
			<dependency>
				<groupId>org.slf4j</groupId>
				<artifactId>jcl-over-slf4j</artifactId>
				<version>1.7.22.jbossorg-1</version>
			</dependency>

			<dependency>
				<groupId>org.wildfly</groupId>
				<artifactId>wildfly-client-properties</artifactId>
				<version>18.0.0.Beta1</version>
			</dependency>
			<dependency>
				<groupId>mysql</groupId>
				<artifactId>mysql-connector-java</artifactId>
				<version>${version.mysql}</version>
				<scope>compile</scope>
			</dependency>
			<dependency>
				<groupId>com.oracle.jdbc</groupId>
				<artifactId>ojdbc8</artifactId>
				<version>${version.oracle}</version>
				<scope>compile</scope>
			</dependency>

			<dependency>
				<groupId>jp.co.nec.aim.uid.proto</groupId>
				<artifactId>proto</artifactId>
				<version>uid-1.0-SNAPSHOT</version>
			</dependency>

			<dependency>
				<groupId>jp.co.nec.aim.uid</groupId>
				<artifactId>jaxb</artifactId>
				<version>uid_1.0-SNAPSHOT</version>
			</dependency>
			<dependency>
				<groupId>dom4j</groupId>
				<artifactId>dom4j</artifactId>
				<version>1.6.1</version>
			</dependency>
			<dependency>
				<groupId>jaxen</groupId>
				<artifactId>jaxen</artifactId>
				<version>1.2.0</version>
			</dependency>

			<!-- ejb api related -->
			<dependency>
				<groupId>org.jboss.spec.javax.ejb</groupId>
				<artifactId>jboss-ejb-api_3.2_spec</artifactId>
				<version>1.0.0.Final</version>
				<scope>provided</scope>
			</dependency>

			<dependency>
				<groupId>org.hibernate</groupId>
				<artifactId>hibernate-core</artifactId>
				<version>${hibernate.version}</version>
				<scope>provided</scope>
			</dependency>

			<!-- log related -->
			<dependency>
				<groupId>org.slf4j</groupId>
				<artifactId>slf4j-api</artifactId>
				<version>1.7.7</version>
				<scope>compile</scope>
			</dependency>

			<dependency>
				<groupId>ch.qos.logback</groupId>
				<artifactId>logback-classic</artifactId>
				<version>1.1.2</version>
				<scope>compile</scope>
			</dependency>
			<dependency>
				<groupId>ch.qos.logback</groupId>
				<artifactId>logback-core</artifactId>
				<version>1.1.2</version>
				<scope>compile</scope>
			</dependency>

			<!-- junit test related -->
			<dependency>
				<groupId>junit</groupId>
				<artifactId>junit</artifactId>
				<version>4.11</version>
				<scope>test</scope>
			</dependency>

			<dependency>
				<groupId>org.mortbay.jetty</groupId>
				<artifactId>jetty-servlet-tester</artifactId>
				<version>6.1.26</version>
				<scope>test</scope>
			</dependency>

			<dependency>
				<groupId>org.springframework</groupId>
				<artifactId>spring-orm</artifactId>
				<version>${spring.version}</version>
			</dependency>

			<dependency>
				<groupId>org.springframework</groupId>
				<artifactId>spring-jms</artifactId>
				<version>${spring.version}</version>
			</dependency>

			<dependency>
				<groupId>org.springframework</groupId>
				<artifactId>spring-aop</artifactId>
				<version>${spring.version}</version>
			</dependency>

			<dependency>
				<groupId>org.springframework</groupId>
				<artifactId>spring-test</artifactId>
				<version>${spring.version}</version>
				<scope>test</scope>
			</dependency>

			<dependency>
				<groupId>org.jmockit</groupId>
				<artifactId>jmockit</artifactId>
				<version>1.8</version>
				<scope>test</scope>
			</dependency>

			<dependency>
				<groupId>org.hibernate</groupId>
				<artifactId>hibernate-entitymanager</artifactId>
				<version>${hibernate.version}</version>
				<scope>test</scope>
				<exclusions>
					<exclusion>
						<groupId>org.slf4j</groupId>
						<artifactId>slf4j-api</artifactId>
					</exclusion>
				</exclusions>
			</dependency>

			<!-- loadbalance related -->
			<dependency>
				<groupId>jp.co.nec.slb</groupId>
				<artifactId>segmentloadbalance</artifactId>
				<version>5.0.0-SNAPSHOT</version>
			</dependency>

			<!-- protobuf related -->
			<dependency>
				<groupId>com.google.protobuf</groupId>
				<artifactId>protobuf-java</artifactId>
				<version>3.12.1</version>
			</dependency>
		</dependencies>
	</dependencyManagement>

	<build>
		<plugins>
			<plugin>
				<groupId>org.apache.maven.plugins</groupId>
				<artifactId>maven-compiler-plugin</artifactId>
				<version>3.2</version>
				<configuration>
					<source>${jdk.version}</source>
					<target>${jdk.version}</target>
					<showWarnings>true</showWarnings>
				</configuration>
			</plugin>

			<plugin>
				<groupId>org.apache.maven.plugins</groupId>
				<artifactId>maven-resources-plugin</artifactId>
				<version>2.7</version>
			</plugin>

			<plugin>
				<groupId>org.codehaus.mojo</groupId>
				<artifactId>native2ascii-maven-plugin</artifactId>
				<version>1.0-beta-1</version>
				<executions>
					<execution>
						<id>native2ascii-utf8</id>
						<goals>
							<goal>native2ascii</goal>
						</goals>
						<configuration>
							<dest>target/resources</dest>
							<src>src/main/resources</src>
							<encoding>UTF8</encoding>
							<include>*.properties</include>
						</configuration>
					</execution>
				</executions>
			</plugin>

			<plugin>
				<groupId>org.apache.maven.plugins</groupId>
				<artifactId>maven-surefire-plugin</artifactId>
				<version>2.15</version>
				<configuration>
					<includes>
						<include>**/*Test.java</include>
					</includes>
				</configuration>
				<dependencies>
					<dependency>
						<groupId>org.apache.maven.surefire</groupId>
						<artifactId>surefire-junit47</artifactId>
						<version>2.12.4</version>
					</dependency>
				</dependencies>
			</plugin>
			<plugin>
				<groupId>org.apache.maven.plugins</groupId>
				<artifactId>maven-war-plugin</artifactId>
				<version>2.4</version>
				<configuration>
					<warName>${project.artifactId}</warName>
					<!-- <webResources> <resource> <directory>${project.build.directory}/min</directory> 
						</resource> </webResources> -->
					<!-- <archive> <manifest> <addClasspath>true</addClasspath> <classpathPrefix>lib/</classpathPrefix> 
						</manifest> </archive> -->
				</configuration>
			</plugin>

			<plugin>
				<groupId>org.apache.maven.plugins</groupId>
				<artifactId>maven-jar-plugin</artifactId>
				<version>2.3.2</version>
				<!-- <configuration> <archive> <manifest> <addDefaultImplementationEntries>true</addDefaultImplementationEntries> 
					</manifest> </archive> </configuration> -->
			</plugin>
			<plugin>
				<groupId>org.apache.maven.plugins</groupId>
				<artifactId>maven-source-plugin</artifactId>
				<version>2.2.1</version>
				<executions>
					<execution>
						<id>attach-sources</id>
						<goals>
							<goal>jar</goal>
						</goals>
					</execution>
				</executions>
			</plugin>

			<plugin>
				<groupId>org.apache.maven.plugins</groupId>
				<artifactId>maven-deploy-plugin</artifactId>
				<version>2.7</version>
			</plugin>

			<plugin>
				<groupId>org.apache.maven.plugins</groupId>
				<artifactId>maven-site-plugin</artifactId>
				<version>3.3</version>
			</plugin>

			<plugin>
				<groupId>org.apache.maven.plugins</groupId>
				<artifactId>maven-javadoc-plugin</artifactId>
				<version>2.9.1</version>
			</plugin>

			<plugin>
				<groupId>org.apache.maven.plugins</groupId>
				<artifactId>maven-clean-plugin</artifactId>
				<version>2.5</version>
			</plugin>

			<plugin>
				<groupId>org.apache.maven.plugins</groupId>
				<artifactId>maven-install-plugin</artifactId>
				<version>2.4</version>
			</plugin>

			<plugin>
				<groupId>org.apache.maven.plugins</groupId>
				<artifactId>maven-eclipse-plugin</artifactId>
				<version>2.9</version>
				<configuration>
					<downloadSources>true</downloadSources>
					<downloadJavadocs>false</downloadJavadocs>
					<additionalConfig>
						<file>
							<name>.settings/org.eclipse.core.resources.prefs</name>
							<content>
						                <![CDATA[eclipse.preferences.version=1${line.separator}encoding/<project>=${project.build.sourceEncoding}${line.separator}]]>
							</content>
						</file>
					</additionalConfig>
				</configuration>
			</plugin>

			<plugin>
				<groupId>org.apache.maven.plugins</groupId>
				<artifactId>maven-assembly-plugin</artifactId>
				<version>3.1.1</version>
			</plugin>

			<plugin>
				<groupId>org.apache.maven.plugins</groupId>
				<artifactId>maven-dependency-plugin</artifactId>
				<version>2.8</version>
			</plugin>

			<plugin>
				<groupId>org.codehaus.mojo</groupId>
				<artifactId>versions-maven-plugin</artifactId>
				<version>2.1</version>
			</plugin>

			<plugin>
				<groupId>org.apache.maven.plugins</groupId>
				<artifactId>maven-antrun-plugin</artifactId>
				<version>1.7</version>
			</plugin>

			<plugin>
				<groupId>org.codehaus.mojo</groupId>
				<artifactId>exec-maven-plugin</artifactId>
				<version>1.2.1</version>
			</plugin>

			<plugin>
				<groupId>org.apache.maven.plugins</groupId>
				<artifactId>maven-release-plugin</artifactId>
				<configuration>
					<tagBase>http://dev01a/svn/branches/Shanghai/mm5.0_tag/</tagBase>
					<goals>deploy</goals>
					<autoVersionSubmodules>true</autoVersionSubmodules>
					<tagNameFormat>matchmanager-@{project.version}</tagNameFormat>
				</configuration>
			</plugin>

			<!-- The WildFly plugin deploys your ear to a local JBoss AS container -->
			<!-- Due to Maven's lack of intelligence with EARs we need to configure 
				the wildfly maven plugin to skip deployment for all modules. We then enable 
				it specifically in the ear module. -->
			<plugin>
				<groupId>org.wildfly.plugins</groupId>
				<artifactId>wildfly-maven-plugin</artifactId>
				<version>${version.wildfly.maven.plugin}</version>
				<configuration>
					<skip>true</skip>
				</configuration>
			</plugin>
		</plugins>

		<pluginManagement>
			<plugins>
				<!--This plugin's configuration is used to store Eclipse m2e settings 
					only. It has no influence on the Maven build itself. -->
				<plugin>
					<groupId>org.eclipse.m2e</groupId>
					<artifactId>lifecycle-mapping</artifactId>
					<version>1.0.0</version>
					<configuration>
						<lifecycleMappingMetadata>
							<pluginExecutions>
								<pluginExecution>
									<pluginExecutionFilter>
										<groupId>org.codehaus.mojo</groupId>
										<artifactId>native2ascii-maven-plugin</artifactId>
										<versionRange>[1.0-beta-1,)</versionRange>
										<goals>
											<goal>native2ascii</goal>
										</goals>
									</pluginExecutionFilter>
									<action>
										<execute>
											<runOnIncremental>true</runOnIncremental>
										</execute>
									</action>
								</pluginExecution>
								<pluginExecution>
									<pluginExecutionFilter>
										<groupId>net.alchim31.maven</groupId>
										<artifactId>yuicompressor-maven-plugin</artifactId>
										<versionRange>[1.3.3,)</versionRange>
										<goals>
											<goal>compress</goal>
										</goals>
									</pluginExecutionFilter>
									<action>
										<ignore />
									</action>
								</pluginExecution>

								<pluginExecution>
									<pluginExecutionFilter>
										<groupId>org.apache.cxf</groupId>
										<artifactId>cxf-java2ws-plugin</artifactId>
										<versionRange>[3.0.4,)</versionRange>
										<goals>
											<goal>java2ws</goal>
										</goals>
									</pluginExecutionFilter>
									<action>
										<ignore />
									</action>
								</pluginExecution>

								<pluginExecution>
									<pluginExecutionFilter>
										<groupId>org.apache.maven.plugins</groupId>
										<artifactId>maven-dependency-plugin</artifactId>
										<versionRange>[2.0,)</versionRange>
										<goals>
											<goal>unpack</goal>
										</goals>
									</pluginExecutionFilter>
									<action>
										<ignore />
									</action>
								</pluginExecution>
							</pluginExecutions>
						</lifecycleMappingMetadata>
					</configuration>
				</plugin>
			</plugins>
		</pluginManagement>
	</build>

	<profiles>
		<profile>
			<id>Shanghai</id>
			<activation>
				<activeByDefault>false</activeByDefault>
			</activation>
			<build>
				<testResources>
					<testResource>
						<directory>${basedir}/src/test/resources</directory>
						<excludes>
							<exclude>jdbc.properties</exclude>
						</excludes>
					</testResource>
					<testResource>
						<directory>${basedir}/src/test/resources/shanghai</directory>
					</testResource>
				</testResources>
			</build>
		</profile>
	</profiles>
</project>
