<?xml version="1.0"?>
<project xmlns="http://maven.apache.org/POM/4.0.0" xmlns:xsi="http://www.w3.org/2001/XMLSchema-instance"
	xsi:schemaLocation="http://maven.apache.org/POM/4.0.0 http://maven.apache.org/maven-v4_0_0.xsd">
	<modelVersion>4.0.0</modelVersion>
	<groupId>jp.co.nec.aim.mm.mq</groupId>
	<artifactId>mm-mq</artifactId>
	<packaging>jar</packaging>
	<name>mm-mq</name>
	<url>http://www.nec.co.jp</url>

	<parent>
		<groupId>jp.co.nec.aim.mm</groupId>
		<artifactId>matchmanager</artifactId>
		<version>5.4.1</version>
	</parent>


	<dependencies>
		<dependency>
			<groupId>com.rabbitmq</groupId>
			<artifactId>amqp-client</artifactId>
			<version>5.9.0</version>
		</dependency>
		<dependency>
			<groupId>jp.co.nec.aim.mm.ejb</groupId>
			<artifactId>mm-ejb</artifactId>
			<version>5.4.1</version>
			<scope>provided</scope>
		</dependency>
		<dependency>
			<groupId>jp.co.nec.aim.uid.proto</groupId>
			<artifactId>proto</artifactId>
			<scope>provided</scope>
		</dependency>
		<dependency>
			<groupId>dom4j</groupId>
			<artifactId>dom4j</artifactId>
			<scope>provided</scope>			
		</dependency>
		<dependency>
			<groupId>jaxen</groupId>
			<artifactId>jaxen</artifactId>
			<scope>provided</scope>
		</dependency>
		<dependency>
			<groupId>jp.co.nec.aim.uid</groupId>
			<artifactId>jaxb</artifactId>
			<scope>provided</scope>
		</dependency>					
		<dependency>
			<groupId>org.slf4j</groupId>
			<artifactId>slf4j-api</artifactId>
			<scope>provided</scope>
		</dependency>
		<dependency>
			<groupId>ch.qos.logback</groupId>
			<artifactId>logback-classic</artifactId>
			<scope>provided</scope>
		</dependency>
		<dependency>
			<groupId>ch.qos.logback</groupId>
			<artifactId>logback-core</artifactId>
			<scope>provided</scope>
		</dependency>

		<!-- protobuf related -->
		<dependency>
			<groupId>com.google.protobuf</groupId>
			<artifactId>protobuf-java</artifactId>
			<scope>provided</scope>
		</dependency>
		<dependency>
			<groupId>junit</groupId>
			<artifactId>junit</artifactId>
			<scope>test</scope>
		</dependency>

	</dependencies>
</project>
