<?xml version="1.0" encoding="UTF-8" ?>

<Configuration status="off" monitorInterval="60">
	<MapFilter onMatch="ACCEPT" onMismatch="NEUTRAL" operator="and">
		<KeyValuePair key="test" value="xyZ"/>
	</MapFilter>

	<Appenders>
		<RollingFile name="rolling_file" fileName="rolling_matcher.log" bufferSize="8192"
			append="true" filePattern="rolling_matcher.%i.log">
			
			<!-- <ThresholdFilter level="INFO" onMatch="DENY"/> -->
			
			<Patternlayout>
				<Pattern>%d{yyyy-MM-dd HH:mm:ss},%5p,%c{1},%t,%m%n</Pattern>
			</Patternlayout>
			<Policies>

				<!--
				<OnStartupTriggeringPolicy/> 
				<TimeBasedTriggeringPolicy interval="5" modulate="true"/>
				-->
				
				<SizeBasedTriggeringPolicy size="20MB" />
			</Policies>
			<DefaultRolloverStrategy max="10"/>
		</RollingFile>
	
		<File name="file" fileName="matcher.log" bufferSize="8192"
			append="true">
			<Patternlayout>
				<Pattern>%d{yyyy-MM-dd HH:mm:ss},%5p,%c{1},%t,%m%n</Pattern>
			</Patternlayout>
		</File>

		<File name="performance" fileName="performance.csv"
			bufferSize="81920" append="true">
			<Patternlayout>
				<Pattern>%d{yyyy-MM-dd HH:mm:ss},%t,%m%n</Pattern>
			</Patternlayout>
		</File>

		<File name="stopwatch" fileName="stopwatch.csv"
			bufferSize="81920" append="true">
			<Patternlayout>
				<Pattern>%d{yyyy-MM-dd HH:mm:ss},%t,%m%n</Pattern>
			</Patternlayout>
		</File>

		<File name="frr" fileName="frr.csv" bufferSize="81920"
			append="true">
			<Patternlayout>
				<Pattern>%d{yyyy-MM-dd HH:mm:ss},%m%n</Pattern>
			</Patternlayout>
		</File>

	</Appenders>
	
	<Loggers>
		<Root level="warn">
			<AppenderRef ref="file" level="warn"/>
		</Root>
		<Logger name="jp.co.nec.aim_xm.mock" level="info">
			<AppenderRef ref="rolling_file" level="info"/>
		</Logger>
	</Loggers>

</Configuration>
