<configuration>
    <include resource="org/springframework/boot/logging/logback/base.xml"/>
  
    <appender name="spring_log" class="ch.qos.logback.core.FileAppender">
     <File>spring.log</File>
     <Append>true</Append>
     <encoder>
        <pattern>%d{yyyy-MM-dd HH:mm:ss},%5p,%c{1},%t,%m%n</pattern>
     </encoder>
     
     <filter class="ch.qos.logback.classic.filter.ThresholdFilter">
       <level>debug</level>
     </filter>
  </appender>
  
 

  
  <logger name="org.springframework" level="INFO" additivity="false">
    <appender-ref ref="spring_log"/>
  </logger>
  
  <root level="TRACE">
    <appender-ref ref="file"/>
    <appender-ref ref="performance"/>
    <appender-ref ref="stopwatch"/>
    <appender-ref ref="frr"/>
  </root>
</configuration>
