<configuration>
<!-- 
  <appender name="STDOUT" class="org.apache.log4j.ConsoleAppender">
     <param name="Target" value="System.out" /> 
     <layout class="org.apache.log4j.PatternLayout">
        <param name="ConversionPattern" value="%d{yyyy-MM-dd HH:mm:ss} %5p %c{1} %m%n" />
     </layout>
  </appender>

 -->
  <appender name="file" class="ch.qos.logback.core.FileAppender">
     <File>matcher.log</File>
     <Append>true</Append>
     <encoder>
        <pattern>%d{yyyy-MM-dd HH:mm:ss},%5p,%c{1},%t,%m%n</pattern>
     </encoder>
     
     <filter class="ch.qos.logback.classic.filter.ThresholdFilter">
       <level>INFO</level>
     </filter>
  </appender>
  
    <appender name="spring_log" class="ch.qos.logback.core.FileAppender">
     <File>spring.log</File>
     <Append>true</Append>
     <encoder>
        <pattern>%d{yyyy-MM-dd HH:mm:ss},%5p,%c{1},%t,%m%n</pattern>
     </encoder>
     
     <filter class="ch.qos.logback.classic.filter.ThresholdFilter">
       <level>debug</level>
     </filter>
  </appender>
  
  <appender name="performance" class="ch.qos.logback.core.FileAppender">
     <File>performance.csv</File>
     <Append>true</Append>
     <encoder>
        <pattern>%d{yyyy-MM-dd HH:mm:ss},%t,%m%n</pattern>
        
<!--         <pattern>%d{yyyy-MM-dd HH:mm:ss},%5p,%c{1},%m%n</pattern>
 -->        
        
     </encoder>
     
     
<!--      <filter class="ch.qos.logback.classic.filter.ThresholdFilter">
            <level>ERROR</level>
        </filter>
        
 -->        
     <filter class="ch.qos.logback.classic.filter.LevelFilter">
       <level>TRACE</level>
       <onMatch>ACCEPT</onMatch>
       <onMismatch>DENY</onMismatch>
     </filter>
  </appender>
  
  
    <appender name="stopwatch" class="ch.qos.logback.core.FileAppender">
     <File>stopwatch.csv</File>
     <Append>true</Append>
     <encoder>
        <pattern>%d{yyyy-MM-dd HH:mm:ss},%t,%m%n</pattern>
        
<!--         <pattern>%d{yyyy-MM-dd HH:mm:ss},%5p,%c{1},%m%n</pattern>
 -->        
        
     </encoder>
     
     
<!--      <filter class="ch.qos.logback.classic.filter.ThresholdFilter">
            <level>ERROR</level>
        </filter>
        
 -->        
     <filter class="ch.qos.logback.classic.filter.LevelFilter">
       <level>DEBUG</level>
       <onMatch>ACCEPT</onMatch>
       <onMismatch>DENY</onMismatch>
     </filter>
  </appender>

    <appender name="frr" class="ch.qos.logback.core.FileAppender">
     <File>frr.csv</File>
     <Append>true</Append>
     <encoder>
        <pattern>%d{yyyy-MM-dd HH:mm:ss},%m%n</pattern>
        
<!--         <pattern>%d{yyyy-MM-dd HH:mm:ss},%5p,%c{1},%m%n</pattern>
 -->        
        
     </encoder>
     
     
<!--      <filter class="ch.qos.logback.classic.filter.ThresholdFilter">
            <level>ERROR</level>
        </filter>
        
 -->        
     <filter class="ch.qos.logback.classic.filter.LevelFilter">
       <level>WARN</level>
       <onMatch>ACCEPT</onMatch>
       <onMismatch>DENY</onMismatch>
     </filter>
  </appender>
  
  
  <logger name="org.springframework" level="INFO" additivity="false">
    <appender-ref ref="spring_log"/>
  </logger>
  
  <root level="TRACE">
    <appender-ref ref="file"/>
    <appender-ref ref="performance"/>
    <appender-ref ref="stopwatch"/>
    <appender-ref ref="frr"/>
  </root>
</configuration>
