<parameter>
	<search>
		<soap>
			<endpoint>http://192.168.22.116:8080/AIMWebServices/JobControlService</endpoint>
			
			<callbackUrl>http://192.168.22.116</callbackUrl>
			
			<callbackPort>56789</callbackPort>
			
			<outputRequest>true</outputRequest>
			
			<outputResponse>true</outputResponse>
		</soap>

		<proto>
			<url>http://192.168.22.116:8080/matchmanager/AIMInquiryService/inquiry</url>

			<callbackUrl>http://192.168.22.116</callbackUrl>

			<callbackPort>56789</callbackPort>

			<outputRequest>true</outputRequest>

			<outputResponse>true</outputResponse>
		</proto>

		<templatePath>./template</templatePath>
		
		<!-- regular expression -->
		<filter>.*(_LIM).*</filter>
		
		<!-- 
		TI-M
		LI-M
		LLI-M
		TLI-M
		
		 -->
		<function>LI-M</function>
		
		<container>333</container>
		
		<consolidateByContainer>true</consolidateByContainer>
		
		<maxCandidates>10</maxCandidates>
		
		<minScore>1000</minScore>



		<multiRecordCandidates>true</multiRecordCandidates>
		
		<priority>4</priority>
		
<!-- 		<lfmlSearch>
			<matchMode>performance</matchMode>
		</lfmlSearch>
 -->		
	</search>
	
	<extraction>
		<!-- comment out or set -->
		<soap>
			<endpoint>http://192.168.22.117:8080/AIMWebServices/JobControlService</endpoint>
			
			<callbackUrl>http://192.168.22.116</callbackUrl>
			
			<callbackPort>56789</callbackPort>
			
			<outputRequest>true</outputRequest>
			
			<outputResponse>true</outputResponse>
			
			<sleepTimer>4000</sleepTimer>
		</soap>

		<proto>
			<url>http://192.168.22.111:8080/matchmanager/AIMExtractService/extract</url>

			<callbackUrl>http://192.168.22.116</callbackUrl>

			<callbackPort>56789</callbackPort>

			<outputRequest>false</outputRequest>

			<outputResponse>false</outputResponse>
		</proto>

		<numZmqIoThread>1</numZmqIoThread>

		<numReceptionThread>1</numReceptionThread>
		
		<numSendingRequestThread>1</numSendingRequestThread>



		<specialDatabase27>
<!--			<enable>true</enable>-->
			<enable>true</enable>
			
			<width>512</width>
			<height>512</height>
			
			<!-- commtn out or set path  -->
<!--			 <rolledPath>/home/soapui/images/nist27/rolled</rolledPath>-->
			<!-- <rolledPath>/home/soapui/images/SD27M/F/Roll</rolledPath> -->
			
			<!-- commtn out or set path  -->
<!--			 <slapPath>/home/soapui/images/nist27/slap</slapPath>-->
			<!-- <slapPath>/home/soapui/images/SD27M/F/Slap</slapPath> -->
			
			<!-- commtn out or set path  -->
				<latentPath>/home/soapui/images/I022_LATENT_1F_bak/test</latentPath>
			<!-- <latentPath>/home/soapui/images/SD27M/S/raw</latentPath> -->
			
			<!-- commtn out or set path  -->
			<!-- <bt5Path>/home/soapui/images/SD27M/S/bt5</bt5Path> -->
<!--			 <bt5Path>/home/soapui/images/nist27/latent/bt5</bt5Path>-->
			
			<!-- commtn out or set path  -->
			<!-- <roiPath>/home/soapui/images/SD27M/S/roi</roiPath> -->
<!--			 <roiPath>/home/soapui/images/nist27/latent/roi</roiPath>-->
		</specialDatabase27>
		
		<imageEnable>true</imageEnable>

		<!-- WSQ compressed fingerprint image data -->
		<!-- <nistType4Path>/home/soapui/images/type4</nistType4Path> -->
		<nistType4Path>/home/soapui/ptest/image/I031_TENPRINT_ROLL_10F</nistType4Path>

		<!-- variable resolution (500 and 1000 ppi) finger images & 4-4-2 (left, 
			right hand and dual thumbs) -->
		<nistType14Path>/home/soapui/images/type14</nistType14Path>

		<!-- palm images at 500 and 1000 ppi -->
		<nistType15Path>/home/soapui/images/type15</nistType15Path>
		
		<bt5Enable>false</bt5Enable>
		<bt5Path>/home/soapui/images/SD27M/S/bt5_test</bt5Path>

		<!-- 4 or 14 or 15 -->
		<nistType>4</nistType>

		<facePath>/home/soapui/images/I077_FACE_IMAGE/</facePath>
		
		<irisPath>/home/soapui/images/I091_IRIS_IMAGE</irisPath>

		<!-- finger,s17,s18,niris,delta_id,nfv2,nfg2,palm,nfv3 -->
		<algorithm>finger</algorithm>
<!--
0 = TI, 3 = TLI, 8 = TLIS,
11 = TLIP,
25 = TI-M, 31 = TLI-M,
36 = TLI_X

12 = TR_RDBT, 13 = TR_RDBL,16 = TR_RDBL_S,
19 = TR_P,
26=TR_RDBTM, 28=TR-RDBLM,
35=TR_XDBL

27 = LI-M, 32 = LLI-M, 33 = LR-M
9 = LIP, 10 = LLIP, 20 = LR-P
-->
<!--		<aimFormats>27,32,33</aimFormats>-->
<!--		<aimFormats>31,28,26</aimFormats>-->
<!--		<aimFormats>11,19</aimFormats>-->
		<!--<aimFormats>9,20</aimFormats>-->


		<!--<aimFormats>26,28,31</aimFormats>-->
     		<aimFormats>27</aimFormats>

		<numFingerNistFile>10000</numFingerNistFile>

		<numFaceFile>1</numFaceFile>
		
		<!-- the number of iris pairs -->
		<numIrisPair>2</numIrisPair>

		<numPalmNistFile>1</numPalmNistFile>

		<blackOnWhite>true</blackOnWhite>
		
		<!-- comment out or set  -->
		<!-- <selectPalms>21,22,23,24,25,26,27,28,29,30,31,32,33,34,35,36</selectPalms> -->
		<!-- <selectPalms>21,22,23,24,25</selectPalms> -->

		<!-- no ... auto crop 2 ... using 2 points 4 ... using 4 points -->
		<manualCrop>no</manualCrop>

		<outputTemplatePath>/home/soapui/ptest/template/I022_LATENT_1F</outputTemplatePath>

		<point>
			<!-- -->
			<fingerNumber>13</fingerNumber>

			<croppingFingerNumber>45</croppingFingerNumber>

			<!-- If value is 0, it is not set. -->
			<amputation>0</amputation>

			<!-- <upperLeft> <x>-17</x> <y>-309</y> </upperLeft> <upperRight> <x>1095</x> 
				<y>65</y> </upperRight> <lowerLeft> <x>758</x> <y>488</y> </lowerLeft> <lowerRight> 
				<x>-7</x> <y>-159</y> </lowerRight> <center> <x>926</x> <y>276</y> </center> 
				<angle>2</angle> -->

			<!-- 4 points If x and y are 0, they is not set. -->
			<upperLeft>
				<x>0</x>
				<y>0</y>
			</upperLeft>
			<upperRight>
				<x>0</x>
				<y>0</y>
			</upperRight>
			<lowerLeft>
				<x>0</x>
				<y>0</y>
			</lowerLeft>
			<lowerRight>
				<x>0</x>
				<y>0</y>
			</lowerRight>

			<!-- If x and y are 0, they is not set -->
			<center>
				<x>0</x>
				<y>0</y>
			</center>
			<!-- If angles is -1, it is not set. -->
			<angle>-1</angle>
		</point>

		<!-- comment our or set -->
		<!-- <selectFingers>10,9,8,7,6,5,4,3,2</selectFingers> -->
		
		<!-- comment our or set -->
		<!-- <latentPatterns>SWLR</latentPatterns> -->

		<!-- comment out or set  -->
		<!-- <selectFingers>1,6</selectFingers> -->

		<!-- comment out or set  -->
		<!-- <latentPatterns>W,R</latentPatterns> -->

		<primaryPatterns>SSSSSSSSSS</primaryPatterns>
		 
		<referencePatterns>UUUUUUUUUU</referencePatterns> 

		<!-- from 1 to 3 -->
		<cmlOption>1</cmlOption>

		<neoFace>
			<!-- create key and value if there is not an empty value 1 1/2 2 1/4 3 
				1/8 4 1/16 -->
			<shrinkFactor>0</shrinkFactor>
			<!-- create key and value if there is not an empty. form 0 to 90 -->
			<eyeRoll>30</eyeRoll>

			<enableEeyPosition>true</enableEeyPosition>
			<!-- <enableEeyPosition>false</enableEeyPosition> -->
			
			<rightEye>
				<x>838</x>
				<y>589</y>
			</rightEye>
			<leftEye>
				<x>1120</x>
				<y>596</y>
			</leftEye>

			<enableG2Attributes>true</enableG2Attributes>
			
			<enableV3Attributes>true</enableV3Attributes>

			<maxEyeDist>600</maxEyeDist>
			<minEyeDist>40</minEyeDist>

			<reliability>0.6</reliability>
			
			<algorithm>1</algorithm>


			<padByte></padByte>
			<padWidthPercent></padWidthPercent>
			<padHeightPercent></padHeightPercent>
			
			<detectionOnly>false</detectionOnly>
			
			<maxFaces>3</maxFaces>
		</neoFace>
    </extraction>
    
	<verification>
		<soap>
			<endpoint>http://192.168.22.116:8080/bio-matcher-webservices/bioMatcherWebservice</endpoint>
			
			<callbackUrl>http://192.168.22.116</callbackUrl>
			
			<callbackPort>56789</callbackPort>
			
			<outputRequest>true</outputRequest>
			
			<outputResponse>true</outputResponse>
			
			<!--
			to wait for receiving a result
			 -->
			<sleepTimer>4000</sleepTimer>
		</soap>
	
		<managementPort>tcp://192.168.21.122:5003</managementPort>

		<jobPort>tcp://192.168.21.122:5004</jobPort>

		<endpoint>tcp://192.168.22.116</endpoint>

		<baseEndpointPort>20000</baseEndpointPort>

		<probe>
			<!-- 4 or 14 or 15 or 0(images not to be used) -->
			<nistType>4</nistType>

			<nistType4Path>/home/soapui/images/latent_type4</nistType4Path>

			<nistType14Path>/home/soapui/images/type14</nistType14Path>

			<!-- palm images at 500 and 1000 ppi -->
			<nistType15Path>/home/soapui/images/type15</nistType15Path>

			<numNistFile>1</numNistFile>

			<facePath>/home/soapui/images/I077_FACE_IMAGE</facePath>

			<numFaceFile>100</numFaceFile>

			<!-- Files should have "_R." as an right eye or "_L." as an left eye. -->
			<irisPath>/home/soapui/images/I091_IRIS_IMAGE</irisPath>

			<numIrisFile>2</numIrisFile>

			<elftProbe>
				<!-- none or path <wsqPath>/home/kawamura/images/I028_LATENT_1F</wsqPath> -->
				<wsqPath>none</wsqPath>
				
				<!-- /home/soapui/images/I028_LATENT_1F -->
				

				<!-- none or path <nist27RawPath>/home/kawamura/images/nist27_latent_raw</nist27RawPath> -->
				<nist27RawPath>/home/soapui/images/nist27_latent_raw</nist27RawPath>

				<!-- fmp5 or pc2 or bt5 or none -->
				<useFeature>none</useFeature>
				
				<!-- /home/kawamura/images/nist27/pc2 /home/kawamura/images/nist27/fmp5 
					/home/kawamura/images/nist27/bt5 -->
				<featurePath>/home/soapui/images/nist27/bt5</featurePath>

				<numFeatureFile>1</numFeatureFile>

				<numLatentFile>1</numLatentFile>

				<!-- path or none -->
				<!-- <elftTemplatePath>/home/soapui/images/elft_template/27-001.wsq.UNKNOWN.fusion32..bin</elftTemplatePath> -->
				
				<elftTemplatePath>none</elftTemplatePath>

				<!-- finger number that you want to set. -->
				<fixedFingerNumber>0</fixedFingerNumber>

			</elftProbe>

			<!-- You can set the capsule path or none -->
			<!-- <fingerCapsulePath>/home/kawamura/images/cml_capsule</fingerCapsulePath> 
				<fingerCapsulePath>/home/soapui/capsule/type35</fingerCapsulePath> <fingerCapsulePath>none</fingerCapsulePath> 
				<palmCapsulePath>/home/soapui/capsule/type48</palmCapsulePath> -->
			<fingerCapsulePath>/home/soapui/capsule/type44</fingerCapsulePath>

			<!-- <palmCapsulePath>/home/soapui/capsule/type48</palmCapsulePath> -->
			
			<palmCapsulePath>none</palmCapsulePath>

			<!-- You can set the capsule path or none -->
			<!-- <faceCapsulePath>/home/soapui/capsule/type3</faceCapsulePath> -->
			<faceCapsulePath>none</faceCapsulePath>
			
			<capsuleType>TEMPLATE_TYPE_49</capsuleType>
			
			<containerId>36</containerId>
			
			<candidateId>probe_test</candidateId>
		</probe>
		<gallery>
			<!-- 4 or 14 or 15 or 0(images not to be used) -->
			<nistType>4</nistType>

			<nistType4Path>/home/soapui/images/type4</nistType4Path>

			<nistType14Path>/home/soapui/images/type14</nistType14Path>

			<!-- palm images at 500 and 1000 ppi -->
			<nistType15Path>/home/soapui/images/type15</nistType15Path>

			<numNistFile>1</numNistFile>

			<facePath>/home/soapui/images/I077_FACE_IMAGE/</facePath>

			<numFaceFile>2</numFaceFile>

			<numIrisFile>4</numIrisFile>

			<!-- Files should have "_R." as an right eye or "_L." as an left eye. -->
			<irisPath>/home/soapui/images/I091_IRIS_IMAGE</irisPath>

			<elftGallery>
				<!-- <wsqPath>/home/soapui/images/I027_TENPRINT_ROLL_1F</wsqPath> -->
				<wsqPath>/home/soapui/images/I027_TENPRINT_ROLL_1F</wsqPath>

				<j2kPath>/home/soapui/images/j2k_test</j2kPath>

				<!-- -->
				<selectedImage>wsq</selectedImage>

				<!-- should be numFingerByCandidate <= 10 -->
				<numFingerByCandidate>1</numFingerByCandidate>
				
				<!-- should be numFew <= numUsingFile -->
				<numFew>1</numFew>

				<!-- the number of using an wsq for verify -->
				<numUsingFile>1</numUsingFile>

				<!-- none or finger number if you want to set. -->
				<fixedFingerNumber>none</fixedFingerNumber>

				<!-- none or finger number if you want to set. -->
				<fixedCandidateId>none</fixedCandidateId>
			</elftGallery>

			<!-- You can set the capsule path or none -->
			<!-- <fingerCapsulePath>/home/kawamura/images/cml_capsule</fingerCapsulePath> 
				/home/kawamura/capsule/type35 <fingerCapsulePath>none</fingerCapsulePath> 
				<fingerCapsulePath>/home/soapui/capsule/type35</fingerCapsulePath> <palmCapsulePath>/home/soapui/capsule/type46</palmCapsulePath> -->
			<fingerCapsulePath>/home/soapui/capsule/type43</fingerCapsulePath>

			<!-- <palmCapsulePath>/home/soapui/capsule/type45</palmCapsulePath> -->
			<palmCapsulePath>none</palmCapsulePath>

			<!-- You can set the capsule path or none -->
			<faceCapsulePath>none</faceCapsulePath>
			
			<capsuleType>TEMPLATE_TYPE_43</capsuleType>
			
			<containerId>3</containerId>
			
			<candidateId>gallery_test</candidateId>
		</gallery>

		<numZmqIoThread>2</numZmqIoThread>

		<numReceptionThread>2</numReceptionThread>

		<outputResponse>true</outputResponse>

		<outputRequest>true</outputRequest>

		<!-- This is the parameter for selecting matching logic. 1. ELFT Phase2 
			logic, normal speed. 5. ELFT-EFS Evaluation#1 logic, multiple 5 faster than 
			1. 10. ELFT-EFS Evaluation#1 logic, multiple 10 faster than 1. -->
		<elftMatchSpeed>1</elftMatchSpeed>

		<!-- cml,s17,s18,niris,delta_id, elft, nfv2, nfg2, finger_lfml, palm_lfml -->
		<algorithm>elft</algorithm>
		
		<!-- <algorithm>finger_lfml</algorithm> -->
		

		<numMaxVerificationRequest>1</numMaxVerificationRequest>

		<blackOnWhite>false</blackOnWhite>

		<!-- need ms for sending verify request -->
		<sleepTimer>2000</sleepTimer>

<!--		<autoCorrection>false</autoCorrection>-->

		<!-- for fingers by LFML matching -->
		<!-- <selectFingers>1,2,3,4,5,6,7,8,9,10,11,12,13,14,15,16,17,18,19,20</selectFingers> -->

		<selectFingers>31</selectFingers>

		<!-- for palms by LFML matching -->
		<!-- <selectPalms>21,22,23,24,25,26,27,28,29,30,31,32,33,34,35,36</selectPalms> -->

		<!-- for LFML matching -->
		<limitOutputCharts>0</limitOutputCharts>

		<!-- for outputting charts -->
		<outputChartsEnabled>true</outputChartsEnabled>

		<!-- for cross match by CML -->
		<useCrossMatch>false</useCrossMatch>

		<useNeoFaceParameter>true</useNeoFaceParameter>
		<neoFace>
			<!-- create key and value if there is not an empty value 1:1/2 2:1/4 3:1/8 
				4:1/16 -->
			<shrinkFactor>1</shrinkFactor>
			<!-- create key and value if there is not an empty. from 0 to 90 -->
			<eyeRoll>10</eyeRoll>

			<enableEeyPosition>false</enableEeyPosition>
			<rightEye>
				<x>837</x>
				<y>587</y>
			</rightEye>
			<leftEye>
				<x>1120</x>
				<y>595</y>
			</leftEye>

			<enableG2Attributes>false</enableG2Attributes>
			
			<enableV3Attributes>false</enableV3Attributes>

			<maxEyeDist></maxEyeDist>
			<minEyeDist></minEyeDist>
			<reliability></reliability>
			<algorithm></algorithm>

			<padByte></padByte>
			<padWidthPercent></padWidthPercent>
			<padHeightPercent></padHeightPercent>
			
			<detectionOnly>true</detectionOnly>
			
			<maxFaces>2</maxFaces>
			
		</neoFace>

		<nirisRotation>1</nirisRotation>
		
		<nirisSpeed>1</nirisSpeed>

		<numRepeat>1</numRepeat>

	</verification>

	<sync>
		<soap>
			<endpoint>http://192.168.22.116:8080/AIMWebServices/JobControlService</endpoint>
			
			<callbackUrl>http://192.168.22.116</callbackUrl>
			
			<callbackPort>56789</callbackPort>
			
			<outputRequest>true</outputRequest>
			
			<outputResponse>true</outputResponse>
		</soap>

		<proto>
			<url>http://192.168.22.117:8080/matchmanager/AIMSyncService/sync</url>

			<callbackUrl>http://192.168.22.116</callbackUrl>

			<callbackPort>56789</callbackPort>

			<outputRequest>false</outputRequest>

			<outputResponse>false</outputResponse>
		</proto>


		<insert>
			<!-- comment out or set -->
			<templateDirectory>/home/soapui/ptest/template/I033_TENPRINT_SLAP_10F/TEMPLATE_TIM.FINGER_PRINT_SLAP</templateDirectory>

			<templateDirectory>/home/soapui/ptest/template/I036_TENPRINT_BKGROUND/0/TEMPLATE_TIM.FINGER_PRINT_SLAP</templateDirectory>
			<templateDirectory>/home/soapui/ptest/template/I036_TENPRINT_BKGROUND/1/TEMPLATE_TIM.FINGER_PRINT_SLAP</templateDirectory>
			<templateDirectory>/home/soapui/ptest/template/I036_TENPRINT_BKGROUND/3/TEMPLATE_TIM.FINGER_PRINT_SLAP</templateDirectory>
			<templateDirectory>/home/soapui/ptest/template/I036_TENPRINT_BKGROUND/5/TEMPLATE_TIM.FINGER_PRINT_SLAP</templateDirectory>
			<templateDirectory>/home/soapui/ptest/template/I036_TENPRINT_BKGROUND/9/TEMPLATE_TIM.FINGER_PRINT_SLAP</templateDirectory>
			<templateDirectory>/home/soapui/ptest/template/I036_TENPRINT_BKGROUND/11/TEMPLATE_TIM.FINGER_PRINT_SLAP</templateDirectory>
			<templateDirectory>/home/soapui/ptest/template/I036_TENPRINT_BKGROUND/13/TEMPLATE_TIM.FINGER_PRINT_SLAP</templateDirectory>
			<templateDirectory>/home/soapui/ptest/template/I036_TENPRINT_BKGROUND/15/TEMPLATE_TIM.FINGER_PRINT_SLAP</templateDirectory>
			<templateDirectory>/home/soapui/ptest/template/I036_TENPRINT_BKGROUND/20/TEMPLATE_TIM.FINGER_PRINT_SLAP</templateDirectory>
			<templateDirectory>/home/soapui/ptest/template/I036_TENPRINT_BKGROUND/22/TEMPLATE_TIM.FINGER_PRINT_SLAP</templateDirectory>
			<templateDirectory>/home/soapui/ptest/template/I036_TENPRINT_BKGROUND/24/TEMPLATE_TIM.FINGER_PRINT_SLAP</templateDirectory>

			<eventId>1</eventId>
			<!-- 
			331 = RDBTM
			332 = SDBTM
			333 = RDBLM
			334 = SDBLM
			336 = LDBM
			  5 = PDB
			322 = PLDB
			
			 -->
			<binId>332</binId>
			
			<!-- regular expression -->
			<!--<filter>.*(_SDBLM*).*</filter>
			-->
			<filter>.*(.*\.bin).*</filter>

			<!--roll or slap or comment-->
			<fingerType>SLAP</fingerType>
<!--			<fingerType>SLAP</fingerType>-->
		</insert>
		
		<deletion>
			<!-- list possible -->
			<!-- set or comment -->
<!--			<externalIds>SD27P.079.01.raw_BT5_ROI</externalIds>-->
            <externalIds>CML-00001</externalIds>

			<!-- list possible -->
			<!-- set or comment -->
			<containerIds>331</containerIds>
			<containerIds>332</containerIds>
			
			<!-- set or comment -->
			<eventId>1</eventId>
		</deletion>
    </sync>

	<validation>
		<managementPort>tcp://192.168.21.122:5009</managementPort>

		<jobPort>tcp://192.168.21.122:5010</jobPort>

		<outputRequest>false</outputRequest>

		<outputResponse>true</outputResponse>

		<!-- a path of capsules -->
		<capsulePath>/home/kawamura/images/invalid_capsule</capsulePath>

		<numCapsule>1</numCapsule>

		<sleepTimer>10000</sleepTimer>
	</validation>
</parameter>

