<?xml version="1.0" encoding="UTF-8"?>
<beans:beans xmlns="http://www.springframework.org/schema/mvc"
	xmlns:xsi="http://www.w3.org/2001/XMLSchema-instance" xmlns:beans="http://www.springframework.org/schema/beans"
	xmlns:context="http://www.springframework.org/schema/context" xmlns:tx="http://www.springframework.org/schema/tx"
	xsi:schemaLocation="http://www.springframework.org/schema/mvc http://www.springframework.org/schema/mvc/spring-mvc.xsd
		http://www.springframework.org/schema/beans http://www.springframework.org/schema/beans/spring-beans.xsd
		http://www.springframework.org/schema/context http://www.springframework.org/schema/context/spring-context.xsd
		http://www.springframework.org/schema/tx http://www.springframework.org/schema/tx/spring-tx-4.0.xsd">

	<!-- DispatcherServlet Context: defines this servlet's request-processing 
		infrastructure -->

	<!-- Enables the Spring MVC @Controller programming model -->
	<annotation-driven />

	<context:annotation-config />

	<context:property-placeholder location="classpath*:db_configure.properties, classpath*:setting.properties"/>

	<!-- <context:component-scan base-package="com.nec.jp.G6Smartphone, jp.co.alsok.g6.common" /> --> <!--Make Sure Base package dosen't points to particular package -->
	<context:component-scan base-package="com.nec.jp.G6Smartphone, jp.co.alsok.g6.zzw" />

	<!-- Handles HTTP GET requests for /resources/** by efficiently serving 
		up static resources in the ${webappRoot}/resources directory -->
	<resources mapping="/resources/**" location="/resources/" />

	<!-- Resolves views selected for rendering by @Controllers to .jsp resources 
		in the /WEB-INF/views directory -->
	<beans:bean class="org.springframework.web.servlet.view.InternalResourceViewResolver">
		<beans:property name="prefix" value="/WEB-INF/views/" />
		<beans:property name="suffix" value=".jsp" />
	</beans:bean>

	<!-- JPA Specific Configurations -->
	<!-- commondb dataSource -->
	<beans:bean id="dataSourceCom" class="org.springframework.jdbc.datasource.DriverManagerDataSource">
		<beans:property name="driverClassName" value="com.mysql.jdbc.Driver" />
		<beans:property name="url" value="${COM_DB_URL}" />
		<beans:property name="username" value="${COM_DB_USERNAME}" />
		<beans:property name="password" value="${COM_DB_PASSWORD}" />
	</beans:bean>

	<beans:bean id="entityManagerFactoryCom" class="org.springframework.orm.jpa.LocalContainerEntityManagerFactoryBean">
		<beans:property name="persistenceXmlLocation" value="classpath*:persistence.xml" />
		<beans:property name="persistenceUnitName" value="comPersistence" />
		<beans:property name="dataSource" ref="dataSourceCom" />
		<beans:property name="packagesToScan" value="com.nec.jp.G6Smartphone.*" />
		<beans:property name="jpaVendorAdapter">
			<beans:bean class="org.springframework.orm.jpa.vendor.HibernateJpaVendorAdapter" />
		</beans:property>
		<beans:property name="jpaProperties">
			<beans:props>
				<beans:prop key="hibernate.dialect">org.hibernate.dialect.MySQL5Dialect</beans:prop>
				<beans:prop key="hibernate.show_sql">true</beans:prop>
				<beans:prop key="hibernate.connection.driver_class">com.mysql.jdbc.Driver</beans:prop>
				<beans:prop key="hibernate.connection.url">${COM_DB_URL}</beans:prop>
				<beans:prop key="hibernate.connection.username">${COM_DB_USERNAME}</beans:prop>
				<beans:prop key="hibernate.connection.password">${COM_DB_PASSWORD}</beans:prop>
				<beans:prop key="hibernate.connection.provider_class">org.hibernate.connection.C3P0ConnectionProvider</beans:prop>
				<beans:prop key="hibernate.c3p0.min_size">${CON_POOL_MIN_SIZE}</beans:prop>
				<beans:prop key="hibernate.c3p0.max_size">${CON_POOL_MAX_SIZE}</beans:prop>
				<beans:prop key="hibernate.c3p0.timeout">${CON_POOL_MAX_IDLE_TIME}</beans:prop>
			</beans:props>
		</beans:property>
	</beans:bean>

	<beans:bean id="transactionManagerCom" class="org.springframework.orm.jpa.JpaTransactionManager">
		<beans:property name="entityManagerFactory" ref="entityManagerFactoryCom" />
	</beans:bean>

	<!-- g6db dataSource -->
	<beans:bean id="dataSourceG6" class="org.springframework.jdbc.datasource.DriverManagerDataSource">
		<beans:property name="driverClassName" value="com.mysql.jdbc.Driver" />
		<beans:property name="url" value="${G6_DB_URL}" />
		<beans:property name="username" value="${G6_DB_USERNAME}" />
		<beans:property name="password" value="${G6_DB_PASSWORD}" />
	</beans:bean>

	<beans:bean id="entityManagerFactoryG6" class="org.springframework.orm.jpa.LocalContainerEntityManagerFactoryBean">
		<beans:property name="persistenceXmlLocation" value="classpath*:persistence.xml" />
		<beans:property name="persistenceUnitName" value="g6Persistence" />
		<beans:property name="dataSource" ref="dataSourceG6" />
		<beans:property name="packagesToScan" value="com.nec.jp.G6Smartphone.*" />
		<beans:property name="jpaVendorAdapter">
			<beans:bean class="org.springframework.orm.jpa.vendor.HibernateJpaVendorAdapter" />
		</beans:property>
		<beans:property name="jpaProperties">
			<beans:props>
				<beans:prop key="hibernate.dialect">org.hibernate.dialect.MySQL5Dialect</beans:prop>
				<beans:prop key="hibernate.show_sql">true</beans:prop>
				<beans:prop key="hibernate.connection.driver_class">com.mysql.jdbc.Driver</beans:prop>
				<beans:prop key="hibernate.connection.url">${G6_DB_URL}</beans:prop>
				<beans:prop key="hibernate.connection.username">${G6_DB_USERNAME}</beans:prop>
				<beans:prop key="hibernate.connection.password">${G6_DB_PASSWORD}</beans:prop>
				<beans:prop key="hibernate.connection.provider_class">org.hibernate.connection.C3P0ConnectionProvider</beans:prop>
				<beans:prop key="hibernate.c3p0.min_size">${CON_POOL_MIN_SIZE}</beans:prop>
				<beans:prop key="hibernate.c3p0.max_size">${CON_POOL_MAX_SIZE}</beans:prop>
				<beans:prop key="hibernate.c3p0.timeout">${CON_POOL_MAX_IDLE_TIME}</beans:prop>
			</beans:props>
		</beans:property>
	</beans:bean>

	<beans:bean id="transactionManagerG6" class="org.springframework.orm.jpa.JpaTransactionManager">
		<beans:property name="entityManagerFactory" ref="entityManagerFactoryG6" />
	</beans:bean>

	<!-- alsokdb dataSource -->
	<beans:bean id="dataSourceGhs" class="org.springframework.jdbc.datasource.DriverManagerDataSource">
		<beans:property name="driverClassName" value="com.mysql.jdbc.Driver" />
		<beans:property name="url" value="${GHS_DB_URL}" />
		<beans:property name="username" value="${GHS_DB_USERNAME}" />
		<beans:property name="password" value="${GHS_DB_PASSWORD}" />
	</beans:bean>

	<beans:bean id="entityManagerFactoryGhs" class="org.springframework.orm.jpa.LocalContainerEntityManagerFactoryBean">
		<beans:property name="persistenceXmlLocation" value="classpath*:persistence.xml" />
		<beans:property name="persistenceUnitName" value="ghsPersistence" />
		<beans:property name="dataSource" ref="dataSourceGhs" />
		<beans:property name="packagesToScan" value="com.nec.jp.G6Smartphone.*" />
		<beans:property name="jpaVendorAdapter">
			<beans:bean class="org.springframework.orm.jpa.vendor.HibernateJpaVendorAdapter" />
		</beans:property>
		<beans:property name="jpaProperties">
			<beans:props>
				<beans:prop key="hibernate.dialect">org.hibernate.dialect.MySQL5Dialect</beans:prop>
				<beans:prop key="hibernate.show_sql">true</beans:prop>
				<beans:prop key="hibernate.connection.driver_class">com.mysql.jdbc.Driver</beans:prop>
				<beans:prop key="hibernate.connection.url">${GHS_DB_URL}</beans:prop>
				<beans:prop key="hibernate.connection.username">${GHS_DB_USERNAME}</beans:prop>
				<beans:prop key="hibernate.connection.password">${GHS_DB_PASSWORD}</beans:prop>
				<beans:prop key="hibernate.connection.provider_class">org.hibernate.connection.C3P0ConnectionProvider</beans:prop>
				<beans:prop key="hibernate.c3p0.min_size">${CON_POOL_MIN_SIZE}</beans:prop>
				<beans:prop key="hibernate.c3p0.max_size">${CON_POOL_MAX_SIZE}</beans:prop>
				<beans:prop key="hibernate.c3p0.timeout">${CON_POOL_MAX_IDLE_TIME}</beans:prop>
			</beans:props>
		</beans:property>
	</beans:bean>

	<beans:bean id="transactionManagerGhs" class="org.springframework.orm.jpa.JpaTransactionManager">
		<beans:property name="entityManagerFactory" ref="entityManagerFactoryGhs" />
	</beans:bean>

	<!-- imgdb dataSource -->
	<beans:bean id="dataSourceImg" class="org.springframework.jdbc.datasource.DriverManagerDataSource">
		<beans:property name="driverClassName" value="com.mysql.jdbc.Driver" />
		<beans:property name="url" value="${IMG_DB_URL}" />
		<beans:property name="username" value="${IMG_DB_USERNAME}" />
		<beans:property name="password" value="${IMG_DB_PASSWORD}" />
	</beans:bean>

	<beans:bean id="entityManagerFactoryImg" class="org.springframework.orm.jpa.LocalContainerEntityManagerFactoryBean">
		<beans:property name="persistenceXmlLocation" value="classpath*:persistence.xml" />
		<beans:property name="persistenceUnitName" value="imgPersistence" />
		<beans:property name="dataSource" ref="dataSourceImg" />
		<beans:property name="packagesToScan" value="com.nec.jp.G6Smartphone.*" />
		<beans:property name="jpaVendorAdapter">
			<beans:bean class="org.springframework.orm.jpa.vendor.HibernateJpaVendorAdapter" />
		</beans:property>
		<beans:property name="jpaProperties">
			<beans:props>
				<beans:prop key="hibernate.dialect">org.hibernate.dialect.MySQL5Dialect</beans:prop>
				<beans:prop key="hibernate.show_sql">true</beans:prop>
				<beans:prop key="hibernate.connection.driver_class">com.mysql.jdbc.Driver</beans:prop>
				<beans:prop key="hibernate.connection.url">${IMG_DB_URL}</beans:prop>
				<beans:prop key="hibernate.connection.username">${IMG_DB_USERNAME}</beans:prop>
				<beans:prop key="hibernate.connection.password">${IMG_DB_PASSWORD}</beans:prop>
				<beans:prop key="hibernate.connection.provider_class">org.hibernate.connection.C3P0ConnectionProvider</beans:prop>
				<beans:prop key="hibernate.c3p0.min_size">${CON_POOL_MIN_SIZE}</beans:prop>
				<beans:prop key="hibernate.c3p0.max_size">${CON_POOL_MAX_SIZE}</beans:prop>
				<beans:prop key="hibernate.c3p0.timeout">${CON_POOL_MAX_IDLE_TIME}</beans:prop>
			</beans:props>
		</beans:property>
	</beans:bean>

	<beans:bean id="transactionManagerImg" class="org.springframework.orm.jpa.JpaTransactionManager">
		<beans:property name="entityManagerFactory" ref="entityManagerFactoryImg" />
	</beans:bean>

	<tx:annotation-driven transaction-manager="transactionManagerCom" />
	<tx:annotation-driven transaction-manager="transactionManagerG6" />
	<tx:annotation-driven transaction-manager="transactionManagerGhs" />
	<tx:annotation-driven transaction-manager="transactionManagerGv" />
	<tx:annotation-driven transaction-manager="transactionManagerImg" />

</beans:beans>
<!-- add this in top xmlns:tx="http://www.springframework.org/schema/tx" 
	for avoid error on tx:annotation-driven -->