<?xml version="1.0" encoding="UTF-8" ?>
<!DOCTYPE mapper
        PUBLIC "-//mybatis.org//DTD Mapper 3.0//EN"
        "http://mybatis.org/dtd/mybatis-3-mapper.dtd">
<mapper namespace="jp.co.alsok.g6.zwu.dao.mapper.g6.SZWU1000Mapper">
	<!-- 返却用 -->
	<resultMap id="BaseResultMap" type="jp.co.alsok.g6.zwu.entity.g6.SZWU1000Info">
		<id column="LN_KB_AREA" jdbcType="CHAR" property="lnKbArea" />
		<result column="LN_KB_CHIKU" jdbcType="CHAR" property="lnKbChiku" />
		<result column="KB_AREA_NUM" jdbcType="CHAR" property="kbAreaNum" />
		<result column="KB_AREA_NM" jdbcType="CHAR" property="kbAreaNm" />
		<result column="ZAITAKU_KB_FLG" jdbcType="CHAR" property="zaitakuKbFlg" />
		<result column="DEL_FLG" jdbcType="CHAR" property="delFlg" />
		<result column="N0F0_FLG" jdbcType="CHAR" property="n0f0Flg" />
	</resultMap>

	<!-- 検索結果一覧の取得 -->
	<select id="searchRKbAreaInfoList" resultMap="BaseResultMap">
		SELECT
			A.LN_KB_AREA AS LN_KB_AREA,
			A.LN_KB_CHIKU AS LN_KB_CHIKU,
			A.KB_AREA_NUM AS KB_AREA_NUM,
			A.KB_AREA_NM AS KB_AREA_NM,
			A.ZAITAKU_KB_FLG AS ZAITAKU_KB_FLG,
			A.DEL_FLG AS DEL_FLG,
			CASE R.N0F0_FLG
				WHEN 'N' THEN 'M'
				WHEN 'F' THEN 'E'
				ELSE R.N0F0_FLG
			END AS N0F0_FLG
		FROM R_KB_AREA A
			INNER JOIN R_ZAITAKU_KEIBI_STS R
				ON A.LN_KB_CHIKU = R.LN_KB_CHIKU
				AND A.KB_AREA_NUM = R.KB_AREA_NUM
		WHERE
			A.LN_KB_CHIKU = #{lnKbChiku}
			AND A.DEL_FLG  = '0'
			AND A.ZAITAKU_KB_FLG = '1'
		ORDER BY A.KB_AREA_NUM
	</select>

</mapper>
