<?xml version="1.0" encoding="UTF-8" ?>
<!DOCTYPE mapper
        PUBLIC "-//mybatis.org//DTD Mapper 3.0//EN"
        "http://mybatis.org/dtd/mybatis-3-mapper.dtd">
<mapper namespace="jp.co.alsok.g6.zwu.dao.mapper.g6.SZWU4500Mapper">

	<resultMap id="BaseResultMap" type="jp.co.alsok.g6.zwu.entity.g6.SZWU4500Info">

		<result column="updateTs1" jdbcType="CHAR" property="updateTs1" />
		<result column="YOUBI_CD" jdbcType="CHAR" property="youbiCd" />
		<result column="ST_TIME_1" jdbcType="CHAR" property="stTime1" />
		<result column="ED_TIME_1" jdbcType="CHAR" property="edTime1" />
		<result column="ST_TIME_2" jdbcType="CHAR" property="stTime2" />
		<result column="ED_TIME_2" jdbcType="CHAR" property="edTime2" />
		<result column="ST_TIME_3" jdbcType="CHAR" property="stTime3" />
		<result column="ED_TIME_3" jdbcType="CHAR" property="edTime3" />
		<result column="updateTs2" jdbcType="CHAR" property="updateTs2" />
		<result column="updateTs3" jdbcType="CHAR" property="updateTs3" />
		<result column="LN_SETUBI_SCHEDULE" jdbcType="CHAR" property="lnSetubiSchedule" />
		<result column="LN_SETUBI_SCHEDULE_MODE" jdbcType="CHAR" property="lnSetubiScheduleMode" />

		<result column="LN_KEIBI" jdbcType="CHAR" property="lnKeibi" />
		<result column="SUB_ADDR" jdbcType="CHAR" property="subAddress" />
		<result column="GOUKI" jdbcType="CHAR" property="gouki" />
		<result column="SERIAL_NUM" jdbcType="CHAR" property="serialNum" />
		<result column="SD_LINE_KIND" jdbcType="CHAR" property="sdLineKind" />
		<result column="DENKEI" jdbcType="CHAR" property="denkei" />
		<result column="CUSTOMER_NUM1" jdbcType="CHAR" property="denkei" />
		<result column="SD_DEV_NUM" jdbcType="CHAR" property="sdDevNum" />
		<result column="LN_DEV" jdbcType="CHAR" property="lnDev" />
		<result column="PRIORITY" jdbcType="CHAR" property="priority" />
		
		<result column="LN_CTL_DEV" jdbcType="CHAR" property="lnCtlDev" />
		<result column="MODEL_TYPE" jdbcType="CHAR" property="modelType" />
		<result column="FILE_NM" jdbcType="CHAR" property="fileNm" />
		<result column="INSERT_TS" jdbcType="CHAR" property="insertTs" />
		<result column="UPDATE_TS" jdbcType="CHAR" property="updateTs" />
	</resultMap>

	<!-- スケジュール情報の取得 -->
	<select id="selectSZWU4500InfoList" parameterType="java.util.HashMap" resultMap="BaseResultMap">
        <![CDATA[
		SELECT
			T1.LN_SETUBI_SCHEDULE  /*設備スケジュール論理番号*/
            ,T1.UPDATE_TS AS updateTs1/*最終読出日時*/
			,T2.YOUBI_CD   /*曜日*/
            ,T2.UPDATE_TS AS updateTs2/*更新日時_曜日*/
            ,T3.LN_SETUBI_SCHEDULE_MODE /*設備スケジュールモード論理番号*/
			,T3.ST_TIME_1 /*開始時間１*/
            ,T3.ED_TIME_1 /*終了時間１*/
			,T3.ST_TIME_2 /*開始時間2*/
			,T3.ED_TIME_2  /*終了時間2*/
			,T3.ST_TIME_3 /*開始時間3*/
			,T3.ED_TIME_3  /*終了時間3*/
            ,T3.UPDATE_TS  AS updateTs3/*更新日時_モード*/
		FROM
			R_SETUBI_SCHEDULE T1  /* 設備スケジュール曜日 */
			INNER JOIN R_SETUBI_SCHEDULE_DAY  T2/* 設備スケジュール曜日 */
			ON T1.LN_SETUBI_SCHEDULE = T2.LN_SETUBI_SCHEDULE /* LN_設備スケジュール論理番号 */
			INNER JOIN R_SETUBI_SCHEDULE_MODE T3  /* 設備スケジュールモード */
			ON T2.LN_SETUBI_SCHEDULE_MODE = T3.LN_SETUBI_SCHEDULE_MODE /* LN_設備スケジュールモード論理番号 */
		WHERE 1=1
			AND T1.LN_KEIBI = #{lnKeibi}
			AND T1.DEL_FLG = 0
			AND T2.DEL_FLG = 0
			AND T3.DEL_FLG = 0
		ORDER BY  T2.YOUBI_CD ASC, T3.ST_TIME_1 ASC,T3.LN_SETUBI_SCHEDULE_MODE ASC
        ]]>
	</select>

	<!-- 曜日検索 -->
	<select id="selectYoubiCd" parameterType="java.util.HashMap" resultMap="BaseResultMap">
        <![CDATA[
		SELECT
			T2.YOUBI_CD   /*曜日*/
			,T3.ST_TIME_1 /*開始時間1*/
			,T3.ST_TIME_2 /*開始時間2*/
			,T3.ST_TIME_3 /*開始時間3*/
		FROM
			R_SETUBI_SCHEDULE T1
			INNER JOIN R_SETUBI_SCHEDULE_DAY  T2/* 設備スケジュール曜日 */
			ON T2.LN_SETUBI_SCHEDULE=T1.LN_SETUBI_SCHEDULE
			 INNER JOIN R_SETUBI_SCHEDULE_MODE T3  /* 設備スケジュールモード */
			 ON T2.LN_SETUBI_SCHEDULE_MODE = T3.LN_SETUBI_SCHEDULE_MODE /* LN_設備スケジュールモード論理番号 */
		 WHERE 1=1
		 	AND T1.LN_SETUBI_SCHEDULE=#{lnSetubiSchedule}
		 	AND T1.DEL_FLG = 0
			 AND T2.DEL_FLG = 0
			 AND T3.DEL_FLG = 0
			 AND T2.YOUBI_CD = #{youbiCd}  /*画面に入力された曜日*/
        ]]>
	</select>
	<!-- 曜日検索 -->
	<select id="selectRDev" parameterType="java.util.HashMap" resultType="java.lang.String">
		SELECT LN_DEV
		FROM R_DEV
		WHERE LN_KEIBI=#{lnKeibi}
		AND SD_DEV_NUM='SU000'
		AND
		DEL_FLG='0'
	</select>
	
	<!-- 設備スケジュール -->
	<update id="updateRSetubiSchedule" parameterType="java.util.HashMap">
        <![CDATA[
        UPDATE
            R_SETUBI_SCHEDULE
        SET
            UPDATE_ID = #{updateId}
            ,UPDATE_NM = #{updateNm}
            ,UPDATE_TS = #{updateTs}
        WHERE 1=1
            AND LN_SETUBI_SCHEDULE = #{lnSetubiSchedule}
    ]]>
	</update>

	<!-- 設備スケジュール曜日 -->
	<update id="updateRSetubiScheduleDay" parameterType="java.util.HashMap">
        <![CDATA[
        UPDATE
            R_SETUBI_SCHEDULE_DAY
		SET
		]]>
		<if test="updateDay!=null and updateDay!='' ">
			UPDATE_DAY = NOW();
		</if>
		<![CDATA[
			UPDATE_ID = #{updateId}
			,UPDATE_NM = #{updateNm}
			,UPDATE_TS = #{updateTs}
			,DEL_FLG = #{delFlg}
		WHERE 1=1
			AND LN_SETUBI_SCHEDULE = #{lnSetubiSchedule}
			AND YOUBI_CD = #{youbiCd}
    ]]>
	</update>

	<!-- 設備スケジュールモード -->
	<update id="updateRSetubiScheduleMode" parameterType="java.util.HashMap">
        <![CDATA[
        UPDATE
            R_SETUBI_SCHEDULE_MODE
        SET
            DEL_FLG = #{delFlg}
            ,UPDATE_ID = #{updateId}
            ,UPDATE_NM = #{updateNm}
            ,UPDATE_TS = #{updateTs}
        WHERE 1=1
            AND LN_SETUBI_SCHEDULE_MODE = #{lnSetubiScheduleMode}
    ]]>
	</update>

	<!-- 警備先情報の取得 -->
	<select id="getKeibiInfo" parameterType="java.util.HashMap" resultMap="BaseResultMap">
		SELECT
			C.LN_KEIBI,
			DC.SUB_ADDR,
			CD.GOUKI,
			CD.SERIAL_NUM,
			'' AS SD_LINE_KIND,
			DM.DENKEI,
			D.SD_DEV_NUM,
			D.LN_DEV,
			CD.LN_CTL_DEV
		FROM
			(
				SELECT DISTINCT
					LN_KEIBI
				FROM
					R_KB_CHIKU
				WHERE
					LN_KB_CHIKU IN ${kbChiku}
					AND DEL_FLG = '0'
			) C
				INNER JOIN R_KEIBI_CTL_DEV KCD<!-- 警備先・制御装置 -->
					ON KCD.LN_KEIBI = C.LN_KEIBI
					AND KCD.DEL_FLG = '0'
				INNER JOIN R_CTL_DEV CD<!-- 警備制御装置 -->
					ON CD.LN_CTL_DEV = KCD.LN_CTL_DEV
					AND CD.DEL_FLG = '0'
				INNER JOIN R_DEV D<!-- 警備制御装置の設置機器 -->
					ON D.LN_DEV = CD.LN_DEV
					AND D.DEL_FLG = '0'
				INNER JOIN M_DEV_KIND DK
					ON DK.DEV_KIND_CD = D.SD_DEV_KIND_CD
					AND DK.KIND_CD = '01'<!-- 警備制御装置のみ選択 -->
				INNER JOIN R_DENKEI_MNG DM
					ON DM.LN_KEIBI = D.LN_KEIBI<!-- 警備制御設置機器の警備先の電計番号 -->
					AND DM.LAST_FLG = '1'
					AND DM.DEL_FLG = '0'
				INNER JOIN R_KB_CHIKU DC
					ON DC.LN_KB_CHIKU = D.LN_KB_CHIKU<!-- 警備制御設置機器の警備先地区 -->
					AND DC.DEL_FLG = '0'
	</select>
	
	<!--制御状態読出要求コマンドを登録する -->
	<insert id="inesrtCtrlSig" parameterType="jp.co.alsok.g6.db.entity.g6.CQueCtrlSigWithBLOBs">
		INSERT INTO C_QUE_CTRL_SIG
		<trim prefix="(" suffix=")" suffixOverrides=",">
			<if test="LN_QUE_CTRL_SIG != null">
				LN_QUE_CTRL_SIG,
			</if>
			<if test="HOST_NM != null">
				HOST_NM,
			</if>
			<if test="DENKEI != null">
				DENKEI,
			</if>
			<if test="GOUKI != null">
				GOUKI,
			</if>
			<if test="SERIAL_NUM != null">
				SERIAL_NUM,
			</if>
			<if test="CONN_DEV_NUM != null">
				CONN_DEV_NUM,
			</if>
			<if test="DEV_NUM != null">
				DEV_NUM,
			</if>
			<if test="SUB_ADDR != null">
				SUB_ADDR,
			</if>
			<if test="PRIORITY != null">
				PRIORITY,
			</if>
			<if test="CMD_SEQ_NUM != null">
				CMD_SEQ_NUM,
			</if>
			<if test="PROCESS_NUM != null">
				PROCESS_NUM,
			</if>
			<if test="CMD_CD != null">
				CMD_CD,
			</if>
			<if test="EXEC_CMD != null">
				EXEC_CMD,
			</if>
			<if test="DIR_NM != null">
				DIR_NM,
			</if>
			<if test="ENQ_TS != null">
				ENQ_TS,
			</if>
			<if test="DEQ_ABL_TS != null">
				DEQ_ABL_TS,
			</if>
			<if test="DEQ_TS != null">
				DEQ_TS,
			</if>
			<if test="STS != null">
				STS,
			</if>
			<if test="CENTER_ERR_DTL != null">
				CENTER_ERR_DTL,
			</if>
			<if test="RM_RESULT != null">
				RM_RESULT,
			</if>
			<if test="RM_ERR_CD != null">
				RM_ERR_CD,
			</if>
			<if test="CTL_RESULT_CD != null">
				CTL_RESULT_CD,
			</if>
			<if test="CTL_CMD_RSLT != null">
				CTL_CMD_RSLT,
			</if>
			<if test="CMD_TIMEOUT_TM != null">
				CMD_TIMEOUT_TM,
			</if>
			<if test="INSERT_ID != null">
				INSERT_ID,
			</if>
			<if test="INSERT_NM != null">
				INSERT_NM,
			</if>
			<if test="INSERT_TS != null">
				INSERT_TS,
			</if>
			<if test="UPDATE_ID != null">
				UPDATE_ID,
			</if>
			<if test="UPDATE_NM != null">
				UPDATE_NM,
			</if>
			<if test="UPDATE_TS != null">
				UPDATE_TS,
			</if>
			<if test="FILE_KIND != null">
				FILE_KIND,
			</if>
			<if test="SOAP_MSG != null">
				SOAP_MSG,
			</if>
		</trim>
		<trim prefix="values (" suffix=")" suffixOverrides=",">
			<if test="LN_QUE_CTRL_SIG != null">
				#{LN_QUE_CTRL_SIG},
			</if>
			<if test="HOST_NM != null">
				#{HOST_NM},
			</if>
			<if test="DENKEI != null">
				#{DENKEI},
			</if>
			<if test="GOUKI != null">
				#{GOUKI},
			</if>
			<if test="SERIAL_NUM != null">
				#{SERIAL_NUM},
			</if>
			<if test="CONN_DEV_NUM != null">
				#{CONN_DEV_NUM},
			</if>
			<if test="DEV_NUM != null">
				#{DEV_NUM},
			</if>
			<if test="SUB_ADDR != null">
				#{SUB_ADDR},
			</if>
			<if test="PRIORITY != null">
				#{PRIORITY},
			</if>
			<if test="CMD_SEQ_NUM != null">
				#{CMD_SEQ_NUM},
			</if>
			<if test="PROCESS_NUM != null">
				#{PROCESS_NUM},
			</if>
			<if test="CMD_CD != null">
				#{CMD_CD},
			</if>
			<if test="EXEC_CMD != null">
				#{EXEC_CMD},
			</if>
			<if test="DIR_NM != null">
				#{DIR_NM},
			</if>
			<if test="ENQ_TS != null">
				#{ENQ_TS},
			</if>
			<if test="DEQ_ABL_TS != null">
				#{DEQ_ABL_TS},
			</if>
			<if test="DEQ_TS != null">
				#{DEQ_TS},
			</if>
			<if test="STS != null">
				#{STS},
			</if>
			<if test="CENTER_ERR_DTL != null">
				#{CENTER_ERR_DTL},
			</if>
			<if test="RM_RESULT != null">
				#{RM_RESULT},
			</if>
			<if test="RM_ERR_CD != null">
				#{RM_ERR_CD},
			</if>
			<if test="CTL_RESULT_CD != null">
				#{CTL_RESULT_CD},
			</if>
			<if test="CTL_CMD_RSLT != null">
				#{CTL_CMD_RSLT},
			</if>
			<if test="CMD_TIMEOUT_TM != null">
				#{CMD_TIMEOUT_TM},
			</if>
			<if test="INSERT_ID != null">
				#{INSERT_ID},
			</if>
			<if test="INSERT_NM != null">
				#{INSERT_NM},
			</if>
			<if test="INSERT_TS != null">
				#{INSERT_TS},
			</if>
			<if test="UPDATE_ID != null">
				#{UPDATE_ID},
			</if>
			<if test="UPDATE_NM != null">
				#{UPDATE_NM},
			</if>
			<if test="UPDATE_TS != null">
				#{UPDATE_TS},
			</if>
			<if test="FILE_KIND != null">
				#{FILE_KIND},
			</if>
			<if test="SOAP_MSG != null">
				#{SOAP_MSG},
			</if>
		</trim>
	</insert>
	
	<!-- 取得STS(制御信号キュー.状態) -->
	<select id="selectCtrlSig" resultType="java.lang.String">
		SELECT
		STS
		FROM
		C_QUE_CTRL_SIG
		WHERE
		LN_QUE_CTRL_SIG = #{lnQueCtrlSig}
	</select>
	
	<!-- 優先順位情報の取得 -->
	<select id="getRctrlPriority" parameterType="java.util.HashMap" resultMap="BaseResultMap">
		SELECT
			PRIORITY
		FROM
			R_CTRL_PRIORITY
		WHERE
		SERVICE_ID = #{serviceId}
		AND SOAP_CMD = #{soapCmd}
		AND DEL_FLG = #{delFlg}
	</select>

   <!-- C)制御装置論理番号の取得 -->
   <select id="getLnCtlDev" parameterType="java.util.HashMap" resultMap="BaseResultMap">
	SELECT
		T4.LN_CTL_DEV
		,T4.LN_DEV
		,T4.GOUKI
		,T5.MODEL_TYPE
	FROM
		R_DEV T2
		INNER JOIN R_CTL_DEV T4 ON T2.LN_DEV = T4.LN_DEV
		INNER JOIN M_DEV_KIND T5 ON T2.SD_DEV_KIND_CD = T5.DEV_KIND_CD
		WHERE
		T2.DEL_FLG = '0'
		AND T4.DEL_FLG = '0'
		AND T2.LN_DEV = #{lnDev}
	</select>

	<!-- D)適用システムデータ.ファイル名の取得 -->
	<select id="getFileNm" parameterType="java.util.HashMap" resultMap="BaseResultMap">
		SELECT
			FILE_NM
		FROM
			C_APPLIED_SD
		WHERE
			LN_CTL_DEV = #{lnCtlDev}
		ORDER BY INSERT_TS DESC
		LIMIT 1;
	</select>
	
	<!-- D)適用システムデータ.ファイル名の取得 -->
	<select id="getFileNmLike" resultType="java.lang.String" parameterType="java.util.HashMap">
		SELECT
			FILE_NM
		FROM
			C_APPLIED_SD
		WHERE
			LN_CTL_DEV = #{lnCtlDev}
		AND FILE_NM LIKE CONCAT(#{prefix}, '%')
		ORDER BY INSERT_TS DESC
		LIMIT 1;
	</select>

	<!--E)システムデータ.ファイル作成日付の取得  -->
	<select id="getfileTs" parameterType="java.util.HashMap" resultMap="BaseResultMap">
		SELECT
		DATE_FORMAT(CREATE_DATE,'%Y%m%d%H%i%S') AS INSERT_TS 
		FROM
			R_SD
		WHERE
		    LN_DEV = #{lnDev}
		    AND FILE_NM = #{fileNm}
	</select>

	<!-- F 正常終了件数の取得 -->
	<select id="getCorrectCount" parameterType="java.util.HashMap" resultType="java.lang.Integer">
		SELECT
			COUNT(C1.LN_FILE_SEND)
		FROM
			C_FILE_SEND C1
			INNER JOIN C_FILE_SEND_DETAIL C2
			ON C1.LN_FILE_SEND = C2.LN_FILE_SEND
		WHERE
			C1.CMD_SEQ_NUM = #{cmdSeqNum}
			AND C2.SEND_STS = '0'
	</select>
	
	<!-- G) エラー終了件数の取得 -->
	<select id="getErrCount" parameterType="java.util.HashMap" resultType="java.lang.Integer">
		SELECT
			COUNT(C1.LN_FILE_SEND)
		FROM
			C_FILE_SEND C1
			INNER JOIN C_FILE_SEND_DETAIL C2
			ON C1.LN_FILE_SEND = C2.LN_FILE_SEND
		WHERE
			C1.CMD_SEQ_NUM = #{cmdSeqNum}
			AND C2.SEND_STS = 'E'
	</select>
	
	<!-- G) 適用システムデータ.更新日時の取得 -->
	<select id="getUpdateTs" parameterType="java.util.HashMap" resultMap="BaseResultMap">
		SELECT
			DATE_FORMAT(UPDATE_TS,'%Y%m%d%H%i%S') AS UPDATE_TS 
		FROM
			C_APPLIED_SD
		WHERE
			LN_CTL_DEV = #{lnCtlDev}
	</select>
	
	<!--A) ファイル送信テーブルの登録 -->
	<insert id="inesrtCfileSend" parameterType="jp.co.alsok.g6.db.entity.g6.CFileSend">
		INSERT INTO C_FILE_SEND
		<trim prefix="(" suffix=")" suffixOverrides=",">
			<if test="LN_FILE_SEND != null">
				LN_FILE_SEND,
			</if>
			<if test="LN_CTL_DEV != null">
				LN_CTL_DEV,
			</if>
			<if test="CMD_SEQ_NUM != null">
				CMD_SEQ_NUM,
			</if>
			<if test="LN_FW_LIST_VER != null">
				LN_FW_LIST_VER,
			</if>
			<if test="FILE_UPDATE_TS != null">
				FILE_UPDATE_TS,
			</if>
			<if test="DEQ_ABL_TS != null">
				DEQ_ABL_TS,
			</if>
			<if test="DEL_FLG != null">
				DEL_FLG,
			</if>
			<if test="INSERT_ID != null">
				INSERT_ID,
			</if>
			<if test="INSERT_NM != null">
				INSERT_NM,
			</if>
			<if test="INSERT_TS != null">
				INSERT_TS,
			</if>
			<if test="UPDATE_ID != null">
				UPDATE_ID,
			</if>
			<if test="UPDATE_NM != null">
				UPDATE_NM,
			</if>
			<if test="UPDATE_TS != null">
				UPDATE_TS,
			</if>
		</trim>
		<trim prefix="values (" suffix=")" suffixOverrides=",">
			<if test="LN_FILE_SEND != null">
				#{LN_FILE_SEND},
			</if>
			<if test="LN_CTL_DEV != null">
				#{LN_CTL_DEV},
			</if>
			<if test="CMD_SEQ_NUM != null">
				#{CMD_SEQ_NUM},
			</if>
			<if test="LN_FW_LIST_VER != null">
				#{LN_FW_LIST_VER},
			</if>
			<if test="FILE_UPDATE_TS != null">
				#{FILE_UPDATE_TS},
			</if>
			<if test="DEQ_ABL_TS != null">
				#{DEQ_ABL_TS},
			</if>
			<if test="DEL_FLG != null">
				#{DEL_FLG},
			</if>
			<if test="INSERT_ID != null">
				#{INSERT_ID},
			</if>
			<if test="INSERT_NM != null">
				#{INSERT_NM},
			</if>
			<if test="INSERT_TS != null">
				#{INSERT_TS},
			</if>
			<if test="UPDATE_ID != null">
				#{UPDATE_ID},
			</if>
			<if test="UPDATE_NM != null">
				#{UPDATE_NM},
			</if>
			<if test="UPDATE_TS != null">
				#{UPDATE_TS},
			</if>
		</trim>
	</insert>
	
	<!--B) ファイル送信詳細テーブルの登録(HD管理データ分) -->
	<insert id="inesrtCfileSendDetailHD" parameterType="jp.co.alsok.g6.db.entity.g6.CFileSendDetail">
		INSERT INTO C_FILE_SEND_DETAIL
		<trim prefix="(" suffix=")" suffixOverrides=",">
			<if test="LN_FILE_SEND != null">
				LN_FILE_SEND,
			</if>
			<if test="PROCESS_NUM != null">
				PROCESS_NUM,
			</if>
			<if test="FILE_KIND != null">
				FILE_KIND,
			</if>
			<if test="DIR_NM != null">
				DIR_NM,
			</if>
			<if test="FILE_NM != null">
				FILE_NM,
			</if>
			<if test="SEND_STS != null">
				SEND_STS,
			</if>
			<if test="MODEL_TY != null">
				MODEL_TY,
			</if>
			<if test="INSERT_ID != null">
				INSERT_ID,
			</if>
			<if test="INSERT_NM != null">
				INSERT_NM,
			</if>
			<if test="INSERT_TS != null">
				INSERT_TS,
			</if>
			<if test="UPDATE_ID != null">
				UPDATE_ID,
			</if>
			<if test="UPDATE_NM != null">
				UPDATE_NM,
			</if>
			<if test="UPDATE_TS != null">
				UPDATE_TS,
			</if>
		</trim>
		<trim prefix="values (" suffix=")" suffixOverrides=",">
			<if test="LN_FILE_SEND != null">
				#{LN_FILE_SEND},
			</if>
			<if test="PROCESS_NUM != null">
				#{PROCESS_NUM},
			</if>
			<if test="FILE_KIND != null">
				#{FILE_KIND},
			</if>
			<if test="DIR_NM != null">
				#{DIR_NM},
			</if>
			<if test="FILE_NM != null">
				#{FILE_NM},
			</if>
			<if test="SEND_STS != null">
				#{SEND_STS},
			</if>
			<if test="MODEL_TY != null">
				#{MODEL_TY},
			</if>
			<if test="INSERT_ID != null">
				#{INSERT_ID},
			</if>
			<if test="INSERT_NM != null">
				#{INSERT_NM},
			</if>
			<if test="INSERT_TS != null">
				#{INSERT_TS},
			</if>
			<if test="UPDATE_ID != null">
				#{UPDATE_ID},
			</if>
			<if test="UPDATE_NM != null">
				#{UPDATE_NM},
			</if>
			<if test="UPDATE_TS != null">
				#{UPDATE_TS},
			</if>
		</trim>
	</insert>
	
	<!--C) ファイル送信詳細テーブルの登録(スケジュールデータ分) -->
	<insert id="inesrtCfileSendDetailSH" parameterType="jp.co.alsok.g6.db.entity.g6.CFileSendDetail">
		INSERT INTO C_FILE_SEND_DETAIL
		<trim prefix="(" suffix=")" suffixOverrides=",">
			<if test="LN_FILE_SEND != null">
				LN_FILE_SEND,
			</if>
			<if test="PROCESS_NUM != null">
				PROCESS_NUM,
			</if>
			<if test="FILE_KIND != null">
				FILE_KIND,
			</if>
			<if test="DIR_NM != null">
				DIR_NM,
			</if>
			<if test="FILE_NM != null">
				FILE_NM,
			</if>
			<if test="SEND_STS != null">
				SEND_STS,
			</if>
			<if test="MODEL_TY != null">
				MODEL_TY,
			</if>
			<if test="INSERT_ID != null">
				INSERT_ID,
			</if>
			<if test="INSERT_NM != null">
				INSERT_NM,
			</if>
			<if test="INSERT_TS != null">
				INSERT_TS,
			</if>
			<if test="UPDATE_ID != null">
				UPDATE_ID,
			</if>
			<if test="UPDATE_NM != null">
				UPDATE_NM,
			</if>
			<if test="UPDATE_TS != null">
				UPDATE_TS,
			</if>
		</trim>
		<trim prefix="values (" suffix=")" suffixOverrides=",">
			<if test="LN_FILE_SEND != null">
				#{LN_FILE_SEND},
			</if>
			<if test="PROCESS_NUM != null">
				#{PROCESS_NUM},
			</if>
			<if test="FILE_KIND != null">
				#{FILE_KIND},
			</if>
			<if test="DIR_NM != null">
				#{DIR_NM},
			</if>
			<if test="FILE_NM != null">
				#{FILE_NM},
			</if>
			<if test="SEND_STS != null">
				#{SEND_STS},
			</if>
			<if test="MODEL_TY != null">
				#{MODEL_TY},
			</if>
			<if test="INSERT_ID != null">
				#{INSERT_ID},
			</if>
			<if test="INSERT_NM != null">
				#{INSERT_NM},
			</if>
			<if test="INSERT_TS != null">
				#{INSERT_TS},
			</if>
			<if test="UPDATE_ID != null">
				#{UPDATE_ID},
			</if>
			<if test="UPDATE_NM != null">
				#{UPDATE_NM},
			</if>
			<if test="UPDATE_TS != null">
				#{UPDATE_TS},
			</if>
		</trim>
	</insert>
</mapper>
