<?xml version="1.0" encoding="UTF-8" ?>
<!DOCTYPE mapper
        PUBLIC "-//mybatis.org//DTD Mapper 3.0//EN"
        "http://mybatis.org/dtd/mybatis-3-mapper.dtd">
<mapper namespace="jp.co.alsok.g6.zwu.dao.mapper.g6.SZWU0800Mapper">
  <!-- 返却用 -->
  <resultMap id="BaseResultMap" type="jp.co.alsok.g6.zwu.entity.com.SZWU0800Info">
    <result column="LN_ACNT_USER_COMMON" jdbcType="CHAR" property="accountId"/>
    <result column="SERVICE_NM" jdbcType="CHAR" property="serviceNm" />
    <result column="USER_ACNT_AUTH_NM" jdbcType="CHAR" property="userAcntAuthNm" />
    <result column="MENUPASS_INF" jdbcType="CHAR" property="menuPassInf" />
    <result column="MENU_AUTH" jdbcType="CHAR" property="auth" />
    <result column="YUKO_ACNT_USER_KBN" jdbcType="CHAR" property="yukoAcntUserKbn" />
     <result column="menupassInf1" jdbcType="CHAR" property="menuPassInfo" />
  </resultMap>
  
  <!-- 返却用 -->
  <resultMap id="RAlsokNoticeMap" type="jp.co.alsok.g6.db.entity.g6.RAlsokNotice">
    <result column="LN_ALSOK_NOTICE" property="LN_ALSOK_NOTICE" jdbcType="CHAR" />
	<result column="BODY" property="BODY" jdbcType="CHAR" />
	<result column="SEND_TS" property="SEND_TS" jdbcType="CHAR" />
  </resultMap>
  
  <resultMap id="RMenuResultMap" type="jp.co.alsok.g6.db.entity.g6.RMenuList">
    <result column="MENU_ID" jdbcType="CHAR" property="MENU_ID"/>
    <result column="DIS_FLG" jdbcType="CHAR" property="DIS_FLG" />
  </resultMap>

  <!-- 検索結果の取得 -->
  <select id="getServiceNm" resultMap="BaseResultMap">
	SELECT
	    T1.LN_ACNT_USER_COMMON,
		T3.SERVICE_NM
	FROM
		A_ACNT_USER_ROLE T1

	INNER JOIN R_KEIBI_KB_SERVICE_TEIKYO T2 ON T2.LN_KEIBI = T1.PATH_INF
	INNER JOIN M_KB_SERVICE_TEIKYO_MST T3 ON T3.LN_KB_SERVICE_TEIKYO_MST = T2.LN_KB_SERVICE_TEIKYO_MST

	WHERE
	   T1.LN_ACNT_USER_COMMON = #{recored.lnAcntUserCommon}

  </select>

  <!-- 検索結果の取得 -->
  <select id="getMenuPassInf" resultMap="BaseResultMap">
    SELECT
        T1.LN_ACNT_USER_COMMON,
        T4.USER_ACNT_AUTH_NM,
        T4.MENUPASS_INF
    FROM
        A_ACNT_USER_ROLE T1

    INNER JOIN A_USER_ROLE T2 ON T2.LN_USER_ROLE = T1.LN_USER_ROLE
    INNER JOIN A_USER_ROLE_AUTH T3 ON T3.LN_USER_ROLE = T2.LN_USER_ROLE

    INNER JOIN A_USER_ACNT_AUTH_MST T4 ON T4.LN_USER_ACNT_AUTH_ID = T3.LN_USER_ACNT_AUTH_ID

    WHERE
       T1.LN_ACNT_USER_COMMON = #{recored.lnAcntUserCommon}
     LIMIT 1

  </select>

	<!-- メニュー大項目表示権限の取得. -->
	<select id="selectBigItmesAuth" resultMap="BaseResultMap">
		SELECT
			uaa1.MENUPASS_INF as menupassInf1
			, uaa1.USER_ACNT_AUTH_NM
			, MAX(CASE WHEN d.YUKO_ACNT_USER_KBN >= #{acntUserKbn}
			THEN IFNULL(ura.AUTH, CASE WHEN #{acntUserKbn} = '0' THEN '2' ELSE '0' END) ELSE '0' END) AS MENU_AUTH
		FROM M_DISP d
			INNER JOIN A_USER_ACNT_AUTH_MST uaa1
			ON uaa1.MENUPASS_INF = LEFT(d.MENUPASS_INF, 2)
			INNER JOIN A_USER_ACNT_AUTH_MST uaa2
			ON uaa2.MENUPASS_INF = LEFT(d.MENUPASS_INF, 4)
			LEFT JOIN A_USER_ROLE_AUTH ura
			ON uaa2.LN_USER_ACNT_AUTH_ID = ura.LN_USER_ACNT_AUTH_ID
			AND ura.LN_USER_ROLE = #{lnUserRole}
			LEFT JOIN A_USER_ROLE ur
			ON ura.LN_USER_ROLE = ur.LN_USER_ROLE AND ur.LN_USER_ROLE = #{lnUserRole}
		WHERE d.DISP_ID LIKE CONCAT('U','%')
			GROUP BY uaa1.MENUPASS_INF, uaa1.USER_ACNT_AUTH_NM
			ORDER BY uaa1.MENUPASS_INF
	</select>
	
	<!-- メニュー大項目表示権限の取得. -->
	<select id="selectSmallItmesAuth" resultMap="BaseResultMap">
		SELECT
			uaa2.MENUPASS_INF as menupassInf1
			, uaa2.USER_ACNT_AUTH_NM
			, MAX(CASE WHEN d.YUKO_ACNT_USER_KBN >= #{acntUserKbn}
			THEN IFNULL(ura.AUTH, CASE WHEN #{acntUserKbn} = '0' THEN '2' ELSE '0' END)
		ELSE '0' END) AS MENU_AUTH
		FROM M_DISP d
			INNER JOIN A_USER_ACNT_AUTH_MST uaa2 
			ON uaa2.MENUPASS_INF = LEFT(d.MENUPASS_INF, 4)
			LEFT JOIN A_USER_ROLE_AUTH ura
			ON uaa2.LN_USER_ACNT_AUTH_ID = ura.LN_USER_ACNT_AUTH_ID 
			AND ura.LN_USER_ROLE = #{lnUserRole}
			LEFT JOIN A_USER_ROLE ur
			ON ura.LN_USER_ROLE = ur.LN_USER_ROLE
			AND ur.LN_USER_ROLE = #{lnUserRole}
		WHERE d.DISP_ID LIKE CONCAT('U', '%')
			GROUP BY uaa2.MENUPASS_INF, uaa2.USER_ACNT_AUTH_NM
			ORDER BY uaa2.MENUPASS_INF
	</select>
	
	<!-- ALSOKからのお知らせ情報を取得（次期警備）. -->
	<select id="selectRAlsokNoticeList" resultMap="RAlsokNoticeMap">
		 SELECT
			RAN.LN_ALSOK_NOTICE as LN_ALSOK_NOTICE,
			RAN.BODY as BODY,
			RAN.SEND_TS as SEND_TS
		FROM R_ALSOK_NOTICE RAN
		WHERE (RAN.FLG_SEND_SVC_KIND LIKE CONCAT('%','201','%')
			OR RAN.FLG_SEND_SVC_KIND LIKE CONCAT('%','202','%')
			<if test="flgSendSvcKind !=''">
				OR RAN.FLG_SEND_SVC_KIND LIKE CONCAT('%',#{flgSendSvcKind},'%')
		    </if>
			)
			AND RAN.SEND_FLG = '1'
			AND RAN.DEL_FLG = '0'
			AND RAN.SEND_TS &lt;= LOCALTIMESTAMP()
		ORDER BY RAN.SEND_TS DESC,
			RAN.LN_ALSOK_NOTICE DESC
		LIMIT 3
	</select>
	
	<!-- メニュー表示制御を取得. -->
	<select id="selectRMenuList" resultMap="RMenuResultMap">
		SELECT
			MMD.MENU_ID as MENU_ID,
			MIN(MMD.DIS_FLG) as DIS_FLG
		FROM
			R_KEIBI_KB_SERVICE_TEIKYO MKS
			INNER JOIN M_MENU_DISPLAY MMD
			ON MKS.LN_KB_SERVICE_TEIKYO_MST = MMD.LN_KB_SERVICE_TEIKYO_MST
			AND MMD.SYS_KBN = #{sysKbn}
		WHERE 
			MKS.LN_KEIBI = #{lnKeibi}
			AND MKS.DEL_FLG = 0
			AND MMD.DEL_FLG = 0
		GROUP BY
			MMD.MENU_ID
	</select>
</mapper>