<?xml version="1.0" encoding="UTF-8" ?>
<!DOCTYPE mapper
        PUBLIC "-//mybatis.org//DTD Mapper 3.0//EN"
        "http://mybatis.org/dtd/mybatis-3-mapper.dtd">
<mapper namespace="jp.co.alsok.g6.zwu.dao.mapper.g6.SZWU2000Mapper">
	<!-- 返却用 -->
	<resultMap id="BaseResultMap" type="jp.co.alsok.g6.zwu.entity.g6.SZWU2000Info">
		<id column="LN_INOUT_LOG" jdbcType="CHAR" property="lnInoutLog" />
		<result column="HASSEI_TS" jdbcType="CHAR" property="hasseiTs" />
		<result column="KEIBI_NM" jdbcType="CHAR" property="keibiNm" />
		<result column="SD_KOBETU_NM" jdbcType="CHAR" property="sdKobetuNm" />
		<result column="ROOM_NM" jdbcType="CHAR" property="roomNm" />
		<result column="PRE_ROOM_NM" jdbcType="CHAR" property="preRoomNm" />
		<result column="KOKUIN_NUM" jdbcType="CHAR" property="kokuinNum" />
		<result column="USER_NM" jdbcType="CHAR" property="userNm" />
		<result column="DEPA_NM" jdbcType="CHAR" property="depaNm" />
		<result column="POSI_NM" jdbcType="CHAR" property="posiNm" />
		<result column="GAZO_USE_FLG" jdbcType="CHAR" property="gazoUseFlg" />
		<result column="GAZO_FILE_PATH" jdbcType="CHAR" property="gazoFilePath" />
		<result column="HIST_KIND" jdbcType="CHAR" property="histKind" />
		<result column="LOF_NM" jdbcType="CHAR" property="histNm" />
		<result column="CUSTOMER_NUM1" jdbcType="CHAR" property="denkei" />
		<result column="LN_DEV" jdbcType="CHAR" property="lnDev" />
		<result column="LN_QUE_CTRL_SIG" jdbcType="CHAR" property="lnQueCtrlSig" />
		<result column="SD_DEV_NUM" jdbcType="CHAR" property="sdDevNum" />
		<result column="CHIKU" jdbcType="CHAR" property="subAddr" />
		<result column="PRIORITY" jdbcType="CHAR" property="priority" />
		<result column="STS" jdbcType="CHAR" property="sts" />
		<result column="SOAP_MSG" jdbcType="CHAR" property="soapMsg" />
		<result column="LN_KB_CHIKU" jdbcType="CHAR" property="lnKbChikuH" />
	</resultMap>

	<resultMap id="BaseResultMap2" type="jp.co.alsok.g6.zwu.entity.g6.SZWU2000Info">
		<id column="LN_INOUT_LOG" jdbcType="CHAR" property="lnInoutLog" />
		<result column="HIST_NM" jdbcType="CHAR" property="histNm" />
	</resultMap>

	<resultMap id="AreaBaseResultMap" type="jp.co.alsok.g6.zwu.entity.g6.SZWU2000AreaInfo">
		<id column="LN_KB_CHIKU" jdbcType="CHAR" property="lnKbChiku" />
		<result column="SD_KOBETU_NM" jdbcType="CHAR" property="sdKobetuNm" />
		<result column="LN_KB_CHIKU" jdbcType="CHAR" property="chiku" />
		<result column="chiku" jdbcType="CHAR" property="chikuName" />
	</resultMap>
	<!-- 返却用 -->

	<!-- 地区プルダウン情報の取得 -->
	<select id="searchAreaList" resultMap="AreaBaseResultMap">
		SELECT
			R.SD_KOBETU_NM,
			R.LN_KB_CHIKU,
			R.CHIKU AS chiku
		FROM
			A_USER_OPERATION_HANI A
				INNER JOIN R_KB_CHIKU R
				ON A.LN_ACNT_USER_COMMON = #{lnAcntUserCommon}
				AND (
					A.PATH_INF = R.PATH_INF
					OR A.PATH_INF = LEFT (R.PATH_INF, 41)
					OR A.PATH_INF = LEFT (R.PATH_INF, 20)
				)
				AND R.ENTRY_STS IN ('1', '2')
		WHERE
			R.LN_KEIBI = #{lnKeibi}
		ORDER BY
			R.SUB_ADDR
	</select>

	<!-- 標準履歴プルダウン/エラー履歴プルダウン/制御関連プルダウン情報の取得 -->
	<select id="searchStandardErrorControlList" resultMap="BaseResultMap2">
		SELECT
		H.LN_INOUT_LOG,
		H.HIST_KIND,
		H.HIST_NM
		FROM
		H_INOUT_LOG H
		WHERE
		H.HIST_KIND =
		'${histKind}'
		ORDER BY H.HIST_NM ASC
	</select>

	<!-- 検索結果一覧の取得 -->
	<select id="selectInfoList" resultMap="BaseResultMap">
		SELECT
		H.LN_INOUT_LOG,
		H.LN_KB_CHIKU,
		H.HASSEI_TS,
		H.KEIBI_NM,
		H.SD_KOBETU_NM,
		H.ROOM_NM,
		H.PRE_ROOM_NM,
		H.KOKUIN_NUM,
		H.USER_NM,
		H.DEPA_NM,
		H.POSI_NM,
		H.GAZO_USE_FLG,
		H.GAZO_FILE_PATH,
		H.HIST_KIND,
		H.LOF_NM
		FROM
		H_INOUT_LOG H
		WHERE
		1=1
		AND DATE_FORMAT(H.HASSEI_TS,'%Y%m%d') &gt;= #{fromDate}
		AND DATE_FORMAT(H.HASSEI_TS,'%Y%m%d') &lt;= #{toDate}
		<if test="areaCd != null and areaCd !=''">
			AND H.LN_KB_CHIKU = #{areaCd}
		</if>
		<if test="acntNm != null and acntNm !=''">
			AND H.USER_NM LIKE CONCAT(CONCAT('%', #{acntNm}, '%')) ESCAPE '/'
		</if>
		<if
			test="(standardHist != null and standardHist.length > 0) or (errorHist != null and errorHist.length > 0) or (controlHist != null and controlHist.length > 0)">
			AND (
			<if test="standardHist != null and standardHist.length > 0">
				(H.HIST_KIND = '1'
				AND H.LOF_NM IN
				<foreach item="item" index="index" collection="standardHist" open="(" separator="," close=")">
					#{item}
				</foreach>
				)
			</if>
			<if test="(standardHist != null and standardHist.length > 0) and (errorHist != null and errorHist.length > 0)">
				OR
			</if>
			<if test="errorHist != null and errorHist.length > 0">
				(H.HIST_KIND = '2'
				AND H.LOF_NM IN
				<foreach item="item" index="index" collection="errorHist" open="(" separator="," close=")">
					#{item}
				</foreach>
				)
			</if>
			<if
				test="((standardHist != null and standardHist.length > 0) or (errorHist != null and errorHist.length > 0)) and (controlHist != null and controlHist.length > 0)">
				OR
			</if>
			<if test="controlHist != null and controlHist.length > 0">
				(H.HIST_KIND = '3'
				AND H.LOF_NM IN
				<foreach item="item" index="index" collection="controlHist" open="(" separator="," close=")">
					#{item}
				</foreach>
				)
			</if>
			)
		</if>
		ORDER BY H.HASSEI_TS DESC, H.LN_KB_CHIKU DESC
	</select>

	<!-- 設置機器番号、電計番号を取得する. -->
	<select id="selectDevNumInfo" resultMap="BaseResultMap">
		SELECT T3.LN_DEV
		,T1.CUSTOMER_NUM1
		FROM R_KEIBI T1
		JOIN R_KEIBI_CTL_DEV T2
		ON T2.LN_KEIBI =T1.LN_KEIBI
		JOIN R_CTL_DEV T3
		ON T3.LN_CTL_DEV=T2.LN_CTL_DEV
		WHERE T1.LN_KEIBI=#{lnKeibi}
		AND T1.DEL_FLG='0'
		AND T2.DEL_FLG='0'
		AND T3.DEL_FLG='0'
	</select>

	<!-- 制御信号キュー論理番号を取得する. -->
	<select id="selectQueCtrlSigInfo" resultMap="BaseResultMap">
		SELECT LN_QUE_CTRL_SIG
		FROM C_QUE_CTRL_SIG
		WHERE DENKEI=#{denkei}
		AND CMD_CD='R03'
		AND (STS='0' or
		STS='1')
	</select>

	<!-- 設置機器情報を取得する. -->
	<select id="selectSdDevNumInfo" resultMap="BaseResultMap">
		SELECT SD_DEV_NUM
		,CHIKU
		FROM R_DEV
		WHERE LN_DEV=#{lnDev}
	</select>

	<!-- 制御プライオリティテーブルから優先順位を取得する. -->
	<select id="selectPriorityInfo" resultMap="BaseResultMap">
		SELECT PRIORITY
		FROM R_CTRL_PRIORITY
		WHERE SERVICE_ID='1'
		AND SOAP_CMD='R03';
	</select>

	<!--制御状態読出要求コマンドを登録する -->
	<insert id="inesrtCtrlSig" parameterType="jp.co.alsok.g6.db.entity.g6.CQueCtrlSigWithBLOBs">
		INSERT INTO C_QUE_CTRL_SIG
		<trim prefix="(" suffix=")" suffixOverrides=",">
			<if test="LN_QUE_CTRL_SIG != null">
				LN_QUE_CTRL_SIG,
			</if>
			<if test="HOST_NM != null">
				HOST_NM,
			</if>
			<if test="DENKEI != null">
				DENKEI,
			</if>
			<if test="GOUKI != null">
				GOUKI,
			</if>
			<if test="SERIAL_NUM != null">
				SERIAL_NUM,
			</if>
			<if test="CONN_DEV_NUM != null">
				CONN_DEV_NUM,
			</if>
			<if test="DEV_NUM != null">
				DEV_NUM,
			</if>
			<if test="SUB_ADDR != null">
				SUB_ADDR,
			</if>
			<if test="PRIORITY != null">
				PRIORITY,
			</if>
			<if test="CMD_SEQ_NUM != null">
				CMD_SEQ_NUM,
			</if>
			<if test="PROCESS_NUM != null">
				PROCESS_NUM,
			</if>
			<if test="CMD_CD != null">
				CMD_CD,
			</if>
			<if test="EXEC_CMD != null">
				EXEC_CMD,
			</if>
			<if test="DIR_NM != null">
				DIR_NM,
			</if>
			<if test="ENQ_TS != null">
				ENQ_TS,
			</if>
			<if test="DEQ_ABL_TS != null">
				DEQ_ABL_TS,
			</if>
			<if test="DEQ_TS != null">
				DEQ_TS,
			</if>
			<if test="STS != null">
				STS,
			</if>
			<if test="CENTER_ERR_DTL != null">
				CENTER_ERR_DTL,
			</if>
			<if test="RM_RESULT != null">
				RM_RESULT,
			</if>
			<if test="RM_ERR_CD != null">
				RM_ERR_CD,
			</if>
			<if test="CTL_RESULT_CD != null">
				CTL_RESULT_CD,
			</if>
			<if test="CTL_CMD_RSLT != null">
				CTL_CMD_RSLT,
			</if>
			<if test="CMD_TIMEOUT_TM != null">
				CMD_TIMEOUT_TM,
			</if>
			<if test="INSERT_ID != null">
				INSERT_ID,
			</if>
			<if test="INSERT_NM != null">
				INSERT_NM,
			</if>
			<if test="INSERT_TS != null">
				INSERT_TS,
			</if>
			<if test="UPDATE_ID != null">
				UPDATE_ID,
			</if>
			<if test="UPDATE_NM != null">
				UPDATE_NM,
			</if>
			<if test="UPDATE_TS != null">
				UPDATE_TS,
			</if>
			<if test="FILE_KIND != null">
				FILE_KIND,
			</if>
			<if test="SOAP_MSG != null">
				SOAP_MSG,
			</if>
		</trim>
		<trim prefix="values (" suffix=")" suffixOverrides=",">
			<if test="LN_QUE_CTRL_SIG != null">
				#{LN_QUE_CTRL_SIG},
			</if>
			<if test="HOST_NM != null">
				#{HOST_NM},
			</if>
			<if test="DENKEI != null">
				#{DENKEI},
			</if>
			<if test="GOUKI != null">
				#{GOUKI},
			</if>
			<if test="SERIAL_NUM != null">
				#{SERIAL_NUM},
			</if>
			<if test="CONN_DEV_NUM != null">
				#{CONN_DEV_NUM},
			</if>
			<if test="DEV_NUM != null">
				#{DEV_NUM},
			</if>
			<if test="SUB_ADDR != null">
				#{SUB_ADDR},
			</if>
			<if test="PRIORITY != null">
				#{PRIORITY},
			</if>
			<if test="CMD_SEQ_NUM != null">
				#{CMD_SEQ_NUM},
			</if>
			<if test="PROCESS_NUM != null">
				#{PROCESS_NUM},
			</if>
			<if test="CMD_CD != null">
				#{CMD_CD},
			</if>
			<if test="EXEC_CMD != null">
				#{EXEC_CMD},
			</if>
			<if test="DIR_NM != null">
				#{DIR_NM},
			</if>
			<if test="ENQ_TS != null">
				#{ENQ_TS},
			</if>
			<if test="DEQ_ABL_TS != null">
				#{DEQ_ABL_TS},
			</if>
			<if test="DEQ_TS != null">
				#{DEQ_TS},
			</if>
			<if test="STS != null">
				#{STS},
			</if>
			<if test="CENTER_ERR_DTL != null">
				#{CENTER_ERR_DTL},
			</if>
			<if test="RM_RESULT != null">
				#{RM_RESULT},
			</if>
			<if test="RM_ERR_CD != null">
				#{RM_ERR_CD},
			</if>
			<if test="CTL_RESULT_CD != null">
				#{CTL_RESULT_CD},
			</if>
			<if test="CTL_CMD_RSLT != null">
				#{CTL_CMD_RSLT},
			</if>
			<if test="CMD_TIMEOUT_TM != null">
				#{CMD_TIMEOUT_TM},
			</if>
			<if test="INSERT_ID != null">
				#{INSERT_ID},
			</if>
			<if test="INSERT_NM != null">
				#{INSERT_NM},
			</if>
			<if test="INSERT_TS != null">
				#{INSERT_TS},
			</if>
			<if test="UPDATE_ID != null">
				#{UPDATE_ID},
			</if>
			<if test="UPDATE_NM != null">
				#{UPDATE_NM},
			</if>
			<if test="UPDATE_TS != null">
				#{UPDATE_TS},
			</if>
			<if test="FILE_KIND != null">
				#{FILE_KIND},
			</if>
			<if test="SOAP_MSG != null">
				#{SOAP_MSG},
			</if>
		</trim>
	</insert>

	<!-- 制御信号キューを検索する. -->
	<select id="selectCQueCtrlSig" resultMap="BaseResultMap">
		select
		STS
		from C_QUE_CTRL_SIG
		where LN_QUE_CTRL_SIG= #{lnQueCtrlSig}
	</select>

	<!-- 情報信号キューを検索 -->
	<select id="selectSoapMsgInfo" resultMap="BaseResultMap">
		select
		SOAP_MSG
		from E_QUE_INF_SIG
		where LN_QUE_INF_SIG= #{lnQueCtrlSig}
	</select>

	<!-- 選択した警備先地区論理番号を元に、制御装置論理番号を取得する -->
	<select id="selectLnCtlDevInfo" resultType="java.lang.String">
	<![CDATA[
		SELECT T2.LN_CTL_DEV
		FROM R_DEV T1
		INNER join R_CTL_DEV T2
		ON T1.LN_DEV= T2.LN_DEV
		WHERE
		T1.LN_KB_CHIKU=#{lnKbChiku}
		AND (T1.SD_DEV_NUM like #{sdDevNum1} or T1.SD_DEV_NUM like #{sdDevNum2} )
		AND T1.DEL_FLG='0'
		AND T2.DEL_FLG='0'
	 ]]>
	</select>

	<!-- ファイル受信件数を取得する -->
	<select id="selectCFileRcvCount" resultType="java.lang.Integer">

		SELECT COUNT(*)
		FROM C_FILE_RCV T1
		JOIN C_FILE_RCV_DETAIL T2
		ON T1.LN_FILE_RCV = T2.LN_FILE_RCV
		WHERE
		T1.CMD_SEQ_NUM=#{comSeqNo}
		AND T2.RCV_STS=#{rcvSts}
	</select>

	<!--ファイル受信テーブルを登録する -->
	<insert id="insertCFileRcv" parameterType="jp.co.alsok.g6.db.entity.g6.CFileRcv">
		INSERT INTO C_FILE_RCV
		<trim prefix="(" suffix=")" suffixOverrides=",">
			<if test="LN_FILE_RCV != null">
				LN_FILE_RCV,
			</if>
			<if test="LN_CTL_DEV != null">
				LN_CTL_DEV,
			</if>
			<if test="CMD_SEQ_NUM != null">
				CMD_SEQ_NUM,
			</if>
			<if test="INSERT_ID != null">
				INSERT_ID,
			</if>
			<if test="INSERT_NM != null">
				INSERT_NM,
			</if>
			<if test="INSERT_TS != null">
				INSERT_TS,
			</if>
			<if test="UPDATE_ID != null">
				UPDATE_ID,
			</if>
			<if test="UPDATE_NM != null">
				UPDATE_NM,
			</if>
			<if test="UPDATE_TS != null">
				UPDATE_TS,
			</if>
		</trim>
		<trim prefix="values (" suffix=")" suffixOverrides=",">
			<if test="LN_FILE_RCV != null">
				#{LN_FILE_RCV},
			</if>
			<if test="LN_CTL_DEV != null">
				#{LN_CTL_DEV},
			</if>
			<if test="CMD_SEQ_NUM != null">
				#{CMD_SEQ_NUM},
			</if>
			<if test="INSERT_ID != null">
				#{INSERT_ID},
			</if>
			<if test="INSERT_NM != null">
				#{INSERT_NM},
			</if>
			<if test="INSERT_TS != null">
				#{INSERT_TS},
			</if>
			<if test="UPDATE_ID != null">
				#{UPDATE_ID},
			</if>
			<if test="UPDATE_NM != null">
				#{UPDATE_NM},
			</if>
			<if test="UPDATE_TS != null">
				#{UPDATE_TS},
			</if>
		</trim>
	</insert>

	<!--ファイル受信詳細テーブルを登録する -->
	<insert id="insertCFileRcvDetail" parameterType="jp.co.alsok.g6.db.entity.g6.CFileRcvDetail">
		INSERT INTO C_FILE_RCV_DETAIL
		<trim prefix="(" suffix=")" suffixOverrides=",">
			<if test="LN_FILE_RCV != null">
				LN_FILE_RCV,
			</if>
			<if test="PROCESS_NUM != null">
				PROCESS_NUM,
			</if>
			<if test="FILE_KIND != null">
				FILE_KIND,
			</if>
			<if test="DIR_NM != null">
				DIR_NM,
			</if>
			<if test="FILE_NM != null">
				FILE_NM,
			</if>
			<if test="RCV_STS != null">
				RCV_STS,
			</if>
			<if test="INSERT_ID != null">
				INSERT_ID,
			</if>
			<if test="INSERT_NM != null">
				INSERT_NM,
			</if>
			<if test="INSERT_TS != null">
				INSERT_TS,
			</if>
			<if test="UPDATE_ID != null">
				UPDATE_ID,
			</if>
			<if test="UPDATE_NM != null">
				UPDATE_NM,
			</if>
			<if test="UPDATE_TS != null">
				UPDATE_TS,
			</if>
		</trim>
		<trim prefix="values (" suffix=")" suffixOverrides=",">
			<if test="LN_FILE_RCV != null">
				#{LN_FILE_RCV},
			</if>
			<if test="PROCESS_NUM != null">
				#{PROCESS_NUM},
			</if>
			<if test="FILE_KIND != null">
				#{FILE_KIND},
			</if>
			<if test="DIR_NM != null">
				#{DIR_NM},
			</if>
			<if test="FILE_NM != null">
				#{FILE_NM},
			</if>
			<if test="RCV_STS != null">
				#{RCV_STS},
			</if>
			<if test="INSERT_ID != null">
				#{INSERT_ID},
			</if>
			<if test="INSERT_NM != null">
				#{INSERT_NM},
			</if>
			<if test="INSERT_TS != null">
				#{INSERT_TS},
			</if>
			<if test="UPDATE_ID != null">
				#{UPDATE_ID},
			</if>
			<if test="UPDATE_NM != null">
				#{UPDATE_NM},
			</if>
			<if test="UPDATE_TS != null">
				#{UPDATE_TS},
			</if>
		</trim>
	</insert>
</mapper>