<?xml version="1.0" encoding="UTF-8" ?>
<!DOCTYPE mapper
        PUBLIC "-//mybatis.org//DTD Mapper 3.0//EN"
        "http://mybatis.org/dtd/mybatis-3-mapper.dtd">
<mapper namespace="jp.co.alsok.g6.zwu.dao.mapper.g6.SZWU0600Mapper">
	<!-- 返却用 -->
	<resultMap id="BaseResultMap" type="jp.co.alsok.g6.zwu.entity.g6.SZWU0600Info">
		<id column="lnAcntUserCommon" jdbcType="CHAR" property="lnAcntUserCommon" />
		<result column="checkSts" jdbcType="CHAR" property="checkSts" />
		<result column="mlSendSts" jdbcType="CHAR" property="mlSendSts" />
		<result column="updateTs" jdbcType="CHAR" property="updateTs" />
	</resultMap>

	<!-- 利用者アカウント情報の取得する -->
	<select id="selectAcntUser" resultMap="BaseResultMap">
		SELECT
		LN_ACNT_USER_COMMON as lnAcntUserCommon,
		CHECK_STS as checkSts,
		ML_SEND_STS as mlSendSts,
		UPDATE_TS AS updateTs
		FROM
		A_ACNT_USER
		WHERE
		LN_ACNT_USER_COMMON =#{lnAcntUserCommon}
		<if test="updateTs != null and updateTs != ''">
			AND UPDATE_TS = '${updateTs}'
		</if>
	</select>

	<!-- 利用者アカウント情報の更新する -->
	<update id="updateAcntUser" parameterType="java.util.HashMap">
		UPDATE A_ACNT_USER
		<set>
		<if test="updateType == 1">
			CHECK_STS = #{checkSts}
			,UPDATE_ID = #{lnAcntUserCommon}
			,UPDATE_NM = #{updateNm}
			,UPDATE_TS = #{updateTs}
		</if>

		<if test="updateType != 1">
		    CHECK_STS = #{checkSts}
			,ML_SEND_STS = '1'
			,ML_STS = #{mlSts}
		</if>
		</set>
		where LN_ACNT_USER_COMMON = #{lnAcntUserCommon};
	</update>

	<!-- 本登録メール配信依頼を登録する -->
	<insert id="insertCQueMlTrig" parameterType="java.util.HashMap">
		INSERT INTO C_QUE_ML_TRIG
		<trim prefix="(" suffix=")" suffixOverrides=",">
			<if test="lnMlTrig != null">
				LN_ML_TRIG,
			</if>
			<if test="kind != null">
				KIND,
			</if>
			<if test="sts != null">
				STS,
			</if>
			<if test="lnKbInf != null">
				LN_KB_INF,
			</if>
			<if test="lnNotice != null">
				LN_NOTICE,
			</if>
			<if test="sendAblTs != null">
				SEND_ABL_TS,
			</if>
			<if test="lnKbChiku != null">
				LN_KB_CHIKU,
			</if>
			<if test="lnTenantMng != null">
				LN_TENANT_MNG,
			</if>
			<if test="alsokNoticeSendSvcKind != null">
				ALSOK_NOTICE_SEND_SVC_KIND,
			</if>
			<if test="lnAcntUserCommon != null">
				LN_ACNT_USER_COMMON,
			</if>
			<if test="fileNmTo != null">
				FILE_NM_TO,
			</if>
			<if test="getKindTo != null">
				GET_KIND_TO,
			</if>
			<if test="item1 != null">
				ITEM1,
			</if>
			<if test="item2 != null">
				ITEM2,
			</if>
			<if test="item3 != null">
				ITEM3,
			</if>
			<if test="item4 != null">
				ITEM4,
			</if>
			<if test="item5 != null">
				ITEM5,
			</if>
			<if test="item6 != null">
				ITEM6,
			</if>
			<if test="item7 != null">
				ITEM7,
			</if>
			<if test="item8 != null">
				ITEM8,
			</if>
			<if test="item9 != null">
				ITEM9,
			</if>
			<if test="item10 != null">
				ITEM10,
			</if>
			<if test="item11 != null">
				ITEM11,
			</if>
			<if test="item12 != null">
				ITEM12,
			</if>
			<if test="item13 != null">
				ITEM13,
			</if>
			<if test="item14 != null">
				ITEM14,
			</if>
			<if test="item15 != null">
				ITEM15,
			</if>
			<if test="item16 != null">
				ITEM16,
			</if>
			<if test="item17 != null">
				ITEM17,
			</if>
			<if test="item18 != null">
				ITEM18,
			</if>
			<if test="item19 != null">
				ITEM19,
			</if>
			<if test="item20 != null">
				ITEM20,
			</if>
			<if test="item21 != null">
				ITEM21,
			</if>
			<if test="item22 != null">
				ITEM22,
			</if>
			<if test="item23 != null">
				ITEM23,
			</if>
			<if test="item24 != null">
				ITEM24,
			</if>
			<if test="item25 != null">
				ITEM25,
			</if>
			<if test="item26 != null">
				ITEM26,
			</if>
			<if test="item27 != null">
				ITEM27,
			</if>
			<if test="item28 != null">
				ITEM28,
			</if>
			<if test="item29 != null">
				ITEM29,
			</if>
			<if test="item30 != null">
				ITEM30,
			</if>
			<if test="item31 != null">
				ITEM31,
			</if>
			<if test="item32 != null">
				ITEM32,
			</if>
			<if test="item33 != null">
				ITEM33,
			</if>
			<if test="item34 != null">
				ITEM34,
			</if>
			<if test="item35 != null">
				ITEM35,
			</if>
			<if test="item36 != null">
				ITEM36,
			</if>
			<if test="item37 != null">
				ITEM37,
			</if>
			<if test="item38 != null">
				ITEM38,
			</if>
			<if test="item39 != null">
				ITEM39,
			</if>
			<if test="item40 != null">
				ITEM40,
			</if>
			<if test="item41 != null">
				ITEM41,
			</if>
			<if test="item42 != null">
				ITEM42,
			</if>
			<if test="item43 != null">
				ITEM43,
			</if>
			<if test="item44 != null">
				ITEM44,
			</if>
			<if test="item45 != null">
				ITEM45,
			</if>
			<if test="item46 != null">
				ITEM46,
			</if>
			<if test="item47 != null">
				ITEM47,
			</if>
			<if test="item48 != null">
				ITEM48,
			</if>
			<if test="item49 != null">
				ITEM49,
			</if>
			<if test="item50 != null">
				ITEM50,
			</if>
			<if test="insertId != null">
				INSERT_ID,
			</if>
			<if test="insertNm != null">
				INSERT_NM,
			</if>
			<if test="insertTs != null">
				INSERT_TS,
			</if>
			<if test="updateId != null">
				UPDATE_ID,
			</if>
			<if test="updateNm != null">
				UPDATE_NM,
			</if>
			<if test="updateTs != null">
				UPDATE_TS,
			</if>
		</trim>
		<trim prefix="values (" suffix=")" suffixOverrides=",">
			<if test="lnMlTrig != null">
				#{lnMlTrig},
			</if>
			<if test="kind != null">
				#{kind},
			</if>
			<if test="sts != null">
				#{sts},
			</if>
			<if test="lnKbInf != null">
				#{lnKbInf},
			</if>
			<if test="lnNotice != null">
				#{lnNotice},
			</if>
			<if test="sendAblTs != null">
				#{sendAblTs},
			</if>
			<if test="lnKbChiku != null">
				#{lnKbChiku},
			</if>
			<if test="lnTenantMng != null">
				#{lnTenantMng},
			</if>
			<if test="alsokNoticeSendSvcKind != null">
				#{alsokNoticeSendSvcKind},
			</if>
			<if test="lnAcntUserCommon != null">
				#{lnAcntUserCommon},
			</if>
			<if test="fileNmTo != null">
				#{fileNmTo},
			</if>
			<if test="getKindTo != null">
				#{getKindTo},
			</if>
			<if test="item1 != null">
				#{item1},
			</if>
			<if test="item2 != null">
				#{item2},
			</if>
			<if test="item3 != null">
				#{item3},
			</if>
			<if test="item4 != null">
				#{item4},
			</if>
			<if test="item5 != null">
				#{item5},
			</if>
			<if test="item6 != null">
				#{item6},
			</if>
			<if test="item7 != null">
				#{item7},
			</if>
			<if test="item8 != null">
				#{item8},
			</if>
			<if test="item9 != null">
				#{item9},
			</if>
			<if test="item10 != null">
				#{item10},
			</if>
			<if test="item11 != null">
				#{item11},
			</if>
			<if test="item12 != null">
				#{item12},
			</if>
			<if test="item13 != null">
				#{item13},
			</if>
			<if test="item14 != null">
				#{item14},
			</if>
			<if test="item15 != null">
				#{item15},
			</if>
			<if test="item16 != null">
				#{item16},
			</if>
			<if test="item17 != null">
				#{item17},
			</if>
			<if test="item18 != null">
				#{item18},
			</if>
			<if test="item19 != null">
				#{item19},
			</if>
			<if test="item20 != null">
				#{item20},
			</if>
			<if test="item21 != null">
				#{item21},
			</if>
			<if test="item22 != null">
				#{item22},
			</if>
			<if test="item23 != null">
				#{item23},
			</if>
			<if test="item24 != null">
				#{item24},
			</if>
			<if test="item25 != null">
				#{item25},
			</if>
			<if test="item26 != null">
				#{item26},
			</if>
			<if test="item27 != null">
				#{item27},
			</if>
			<if test="item28 != null">
				#{item28},
			</if>
			<if test="item29 != null">
				#{item29},
			</if>
			<if test="item30 != null">
				#{item30},
			</if>
			<if test="item31 != null">
				#{item31},
			</if>
			<if test="item32 != null">
				#{item32},
			</if>
			<if test="item33 != null">
				#{item33},
			</if>
			<if test="item34 != null">
				#{item34},
			</if>
			<if test="item35 != null">
				#{item35},
			</if>
			<if test="item36 != null">
				#{item36},
			</if>
			<if test="item37 != null">
				#{item37},
			</if>
			<if test="item38 != null">
				#{item38},
			</if>
			<if test="item39 != null">
				#{item39},
			</if>
			<if test="item40 != null">
				#{item40},
			</if>
			<if test="item41 != null">
				#{item41},
			</if>
			<if test="item42 != null">
				#{item42},
			</if>
			<if test="item43 != null">
				#{item43},
			</if>
			<if test="item44 != null">
				#{item44},
			</if>
			<if test="item45 != null">
				#{item45},
			</if>
			<if test="item46 != null">
				#{item46},
			</if>
			<if test="item47 != null">
				#{item47},
			</if>
			<if test="item48 != null">
				#{item48},
			</if>
			<if test="item49 != null">
				#{item49},
			</if>
			<if test="item50 != null">
				#{item50},
			</if>
			<if test="insertId != null">
				#{insertId},
			</if>
			<if test="insertNm != null">
				#{insertNm},
			</if>
			<if test="insertTs != null">
				#{insertTs},
			</if>
			<if test="updateId != null">
				#{updateId},
			</if>
			<if test="updateNm != null">
				#{updateNm},
			</if>
			<if test="updateTs != null">
				#{updateTs},
			</if>
		</trim>
	</insert>
</mapper>