<?xml version="1.0" encoding="UTF-8" ?>
<!DOCTYPE mapper
        PUBLIC "-//mybatis.org//DTD Mapper 3.0//EN"
        "http://mybatis.org/dtd/mybatis-3-mapper.dtd">
<mapper namespace="jp.co.alsok.g6.zwu.dao.mapper.g6.SZWU4000Mapper">
  <!-- 返却用 -->
  <resultMap id="BaseResultMap" type="jp.co.alsok.g6.zwu.entity.g6.SZWU4000Info">
    <id column="lnDev" jdbcType="CHAR" property="lnDev" />
    <result column="keibiName1" jdbcType="CHAR" property="keibiName1" />
    <result column="kbAreaNm" jdbcType="CHAR" property="kbAreaNm" />
    <result column="registNumber" jdbcType="CHAR" property="registNumber" />
    <result column="lastRegistTs" jdbcType="CHAR" property="lastRegistTs" />
    <result column="lastRegistTsTime" jdbcType="CHAR" property="lastRegistTsTime" />
    <result column="sdDevNum" jdbcType="CHAR" property="sdDevNum" />
  </resultMap>

  <!-- 検索結果一覧の取得 -->
  <select id="selectListInfo" resultMap="BaseResultMap">
	SELECT
		T1.LN_DEV AS lnDev,
		T2.KEIBI_NAME1 AS keibiName1,
		T1.SD_DEV_NM AS kbAreaNm,
	 	T1.SD_DEV_NUM AS sdDevNum
	FROM
		R_DEV T1
	LEFT JOIN R_KEIBI T2 ON T1.LN_KEIBI = T2.LN_KEIBI
	INNER JOIN R_KB_CHIKU T4 ON T1.LN_KB_CHIKU = T4.LN_KB_CHIKU
	INNER JOIN A_USER_OPERATION_HANI T5 
	ON T5.LN_ACNT_USER_COMMON = #{lnAcntUserCommon} 
		    AND (
		      T5.PATH_INF = T4.PATH_INF 
		      OR T5.PATH_INF = LEFT (T4.PATH_INF, 41) 
		      OR T5.PATH_INF = LEFT (T4.PATH_INF, 20)
		    )
	WHERE
		T2.LN_KEIBI = #{lnKeibi}
	AND	T1.SD_DEV_NM LIKE CONCAT(CONCAT('%', #{kbAreaNm}, '%')) ESCAPE '/'
	AND T1.DEV_KIND = #{devKind}
	AND T1.DEL_FLG = '0'
	AND T2.DEL_FLG = '0'

	LIMIT #{offset} , #{pageSize}
  </select>

  <!-- 検索結果一覧の取得 -->
  <select id="searchListAllInfo" resultMap="BaseResultMap">
	SELECT
		T1.LN_DEV AS lnDev,
		T2.KEIBI_NAME1 AS keibiName1,
		T1.SD_DEV_NM AS kbAreaNm,
	    T1.SD_DEV_NUM AS sdDevNum
	FROM
		R_DEV T1
	LEFT JOIN R_KEIBI T2 ON T1.LN_KEIBI = T2.LN_KEIBI
	INNER JOIN R_KB_CHIKU T4 ON T1.LN_KB_CHIKU = T4.LN_KB_CHIKU
	INNER JOIN A_USER_OPERATION_HANI T5 
	ON T5.LN_ACNT_USER_COMMON = #{lnAcntUserCommon} 
		    AND (
		      T5.PATH_INF = T4.PATH_INF 
		      OR T5.PATH_INF = LEFT (T4.PATH_INF, 41) 
		      OR T5.PATH_INF = LEFT (T4.PATH_INF, 20)
		    )
	WHERE
		T2.LN_KEIBI = #{lnKeibi}
	AND	T1.SD_DEV_NM LIKE CONCAT(CONCAT('%', #{kbAreaNm}, '%')) ESCAPE '/'
	AND T1.DEV_KIND = #{devKind}
	AND T1.DEL_FLG = '0'
	AND T2.DEL_FLG = '0'
  </select>

  <!-- カメラ名称検索内容 -->
  <select id="searchRDevNameBySdDevNum" resultType="java.lang.String">
	SELECT
	GROUP_CONCAT(T1.SD_DEV_NM separator '/') AS SD_DEV_NM
	FROM
		R_DEV T1
	LEFT JOIN R_KEIBI T2 ON T1.LN_KEIBI = T2.LN_KEIBI
	LEFT JOIN R_DEV_DEV T4 ON T4.LN_DEV_CHI = T1.LN_DEV
	WHERE
		T4.LN_DEV_PAR = #{lnDev}
	AND T1.SD_DEV_NM LIKE CONCAT(CONCAT('%', #{sdDevNm}, '%')) ESCAPE '/'
  </select>

  <!-- 登録枚数取得(ホワイトリスト/ブラックリスト)-->
	<select id="selectRegisterNum" parameterType="java.util.HashMap" resultType="java.lang.Integer">
		SELECT COUNT(R1.LN_DEV)
		FROM
		R_PIC_INF_DEV_STS R1
		LEFT JOIN R_AUTH_PIC_INF R2
		ON R1.LN_R_AUTH_PIC_INF = R2.LN_R_AUTH_PIC_INF
		WHERE R1.LN_DEV=#{lnDev}
		AND R1.DEL_FLG='0'
		AND (R1.AUTH_STS='1' OR(R1.AUTH_STS='2' AND R1.REGIST_STS_KBN='1'))
		AND R2.PIC_KIND=#{picKind}
	</select>
	<!-- 更新日時取得(ホワイトリスト/ブラックリスト)-->
	<select id="selectRegisterTs" parameterType="java.util.HashMap" resultType="java.lang.String">
		SELECT R1.UPDATE_TS
		FROM
		R_PIC_INF_DEV_STS R1
		LEFT JOIN R_AUTH_PIC_INF R2
		ON R1.LN_R_AUTH_PIC_INF = R2.LN_R_AUTH_PIC_INF
		WHERE R1.LN_DEV=#{lnDev}
		AND R1.DEL_FLG='0'
		AND (R1.AUTH_STS='1' OR(R1.AUTH_STS='2' AND R1.REGIST_STS_KBN='1'))
		AND R2.PIC_KIND=#{picKind}
		ORDER BY R1.UPDATE_TS
		LIMIT 1
	</select>
	<!-- 更新日時取得(ホワイトリスト/ブラックリスト)-->
	<select id="getDevMaxNumber" parameterType="java.util.HashMap" resultType="java.lang.String">
	SELECT VAL
	FROM R_PROP_TBL
	WHERE SECTION=#{section}
	AND PROP_KEY=#{propKey}
	</select>
</mapper>