<?xml version="1.0" encoding="UTF-8" ?>
<!DOCTYPE mapper
        PUBLIC "-//mybatis.org//DTD Mapper 3.0//EN"
        "http://mybatis.org/dtd/mybatis-3-mapper.dtd">
<mapper namespace="jp.co.alsok.g6.zwu.dao.mapper.g6.SZWU1100Mapper">

	<resultMap id="BaseResultMap" type="jp.co.alsok.g6.zwu.entity.g6.SZWU1100Info">
		<result column="LN_KEIBI" jdbcType="CHAR" property="lnKeibi" />
		<result column="GOUKI" jdbcType="CHAR" property="gouki" />
		<result column="SERIAL_NUM" jdbcType="CHAR" property="serialNum" />
		<result column="LN_TENANT_MNG" jdbcType="CHAR" property="lnTenantMng" />
		<result column="LN_KB_CHIKU" jdbcType="CHAR" property="lnKbChiku" />
		<result column="SD_KOBETU_NM" jdbcType="CHAR" property="sdKobetuNm" />
		<result column="CHIKU" jdbcType="CHAR" property="chiku" />
		<result column="SUB_ADDR" jdbcType="CHAR" property="subAddr" />
		<result column="SUBADDRESS" jdbcType="CHAR" property="subAddress" />
		<result column="GYOUMU_CD" jdbcType="CHAR" property="gyoumuCd" />
		<result column="HOSOKU_CD" jdbcType="CHAR" property="hosokuCd" />
		<result column="LN_DENKEI_MNG" jdbcType="CHAR" property="lnDenkeiMng" />
		<result column="CUSTOMER_NUM1" jdbcType="CHAR" property="denkei" />
		<result column="DENKEI" jdbcType="CHAR" property="denkei" />
		<result column="STS" jdbcType="CHAR" property="sts" />
		<result column="SOAP_MSG" jdbcType="CHAR" property="soapMsg" />
		<result column="SD_LINE_KIND" jdbcType="CHAR" property="sdLineKind" />
		<result column="SD_DEV_NUM" jdbcType="CHAR" property="sdDevNum" />
		<result column="PRIORITY" jdbcType="CHAR" property="priority" />
		<result column="LN_DEV_PAR" jdbcType="CHAR" property="lnDevPar" />
	</resultMap>

	<!--A)警備先情報の取得 -->
	<select id="selectRKeibiInfoList" resultMap="BaseResultMap">
		SELECT
			C.SUB_ADDR,
			D.SD_DEV_NUM,
			CD.GOUKI,
			CD.SERIAL_NUM,
			DM.DENKEI,
			DC.SUB_ADDR AS SUBADDRESS
		FROM
			R_KB_CHIKU C
				INNER JOIN R_KEIBI_CTL_DEV KCD<!-- 警備先・制御装置 -->
					ON KCD.LN_KEIBI = C.LN_KEIBI
					AND KCD.DEL_FLG = '0'
				INNER JOIN R_CTL_DEV CD<!-- 警備制御装置 -->
					ON CD.LN_CTL_DEV = KCD.LN_CTL_DEV
					AND CD.DEL_FLG = '0'
				INNER JOIN R_DEV D<!-- 警備制御装置の設置機器 -->
					ON D.LN_DEV = CD.LN_DEV
					AND D.DEL_FLG = '0'
				INNER JOIN M_DEV_KIND DK
					ON DK.DEV_KIND_CD = D.SD_DEV_KIND_CD
					AND DK.KIND_CD = '01'<!-- 警備制御装置のみ選択 -->
				INNER JOIN R_DENKEI_MNG DM
					ON DM.LN_KEIBI = D.LN_KEIBI<!-- 警備制御設置機器の警備先の電計番号 -->
					AND DM.LAST_FLG = '1'
					AND DM.DEL_FLG = '0'
				INNER JOIN R_KB_CHIKU DC
					ON DC.LN_KB_CHIKU = D.LN_KB_CHIKU<!-- 警備制御設置機器の警備先地区 -->
					AND DC.DEL_FLG = '0'
		WHERE
			C.LN_KB_CHIKU = #{lnKbChiku}
			AND C.DEL_FLG = '0'
	</select>

	<!-- 警備設定処理終了確認 -->
	<select id="selectCQueCtrlSig" parameterType="java.util.HashMap" resultMap="BaseResultMap">
		select
		STS
		from C_QUE_CTRL_SIG
		where LN_QUE_CTRL_SIG= #{lnQueCtrlSig}
	</select>
	
	<!--制御状態読出要求コマンドを登録する -->
	<insert id="inesrtCtrlSig" parameterType="jp.co.alsok.g6.db.entity.g6.CQueCtrlSigWithBLOBs">
		INSERT INTO C_QUE_CTRL_SIG
		<trim prefix="(" suffix=")" suffixOverrides=",">
			<if test="LN_QUE_CTRL_SIG != null">
				LN_QUE_CTRL_SIG,
			</if>
			<if test="HOST_NM != null">
				HOST_NM,
			</if>
			<if test="DENKEI != null">
				DENKEI,
			</if>
			<if test="GOUKI != null">
				GOUKI,
			</if>
			<if test="SERIAL_NUM != null">
				SERIAL_NUM,
			</if>
			<if test="CONN_DEV_NUM != null">
				CONN_DEV_NUM,
			</if>
			<if test="DEV_NUM != null">
				DEV_NUM,
			</if>
			<if test="SUB_ADDR != null">
				SUB_ADDR,
			</if>
			<if test="PRIORITY != null">
				PRIORITY,
			</if>
			<if test="CMD_SEQ_NUM != null">
				CMD_SEQ_NUM,
			</if>
			<if test="PROCESS_NUM != null">
				PROCESS_NUM,
			</if>
			<if test="CMD_CD != null">
				CMD_CD,
			</if>
			<if test="EXEC_CMD != null">
				EXEC_CMD,
			</if>
			<if test="DIR_NM != null">
				DIR_NM,
			</if>
			<if test="ENQ_TS != null">
				ENQ_TS,
			</if>
			<if test="DEQ_ABL_TS != null">
				DEQ_ABL_TS,
			</if>
			<if test="DEQ_TS != null">
				DEQ_TS,
			</if>
			<if test="STS != null">
				STS,
			</if>
			<if test="CENTER_ERR_DTL != null">
				CENTER_ERR_DTL,
			</if>
			<if test="RM_RESULT != null">
				RM_RESULT,
			</if>
			<if test="RM_ERR_CD != null">
				RM_ERR_CD,
			</if>
			<if test="CTL_RESULT_CD != null">
				CTL_RESULT_CD,
			</if>
			<if test="CTL_CMD_RSLT != null">
				CTL_CMD_RSLT,
			</if>
			<if test="CMD_TIMEOUT_TM != null">
				CMD_TIMEOUT_TM,
			</if>
			<if test="INSERT_ID != null">
				INSERT_ID,
			</if>
			<if test="INSERT_NM != null">
				INSERT_NM,
			</if>
			<if test="INSERT_TS != null">
				INSERT_TS,
			</if>
			<if test="UPDATE_ID != null">
				UPDATE_ID,
			</if>
			<if test="UPDATE_NM != null">
				UPDATE_NM,
			</if>
			<if test="UPDATE_TS != null">
				UPDATE_TS,
			</if>
			<if test="FILE_KIND != null">
				FILE_KIND,
			</if>
			<if test="SOAP_MSG != null">
				SOAP_MSG,
			</if>
		</trim>
		<trim prefix="values (" suffix=")" suffixOverrides=",">
			<if test="LN_QUE_CTRL_SIG != null">
				#{LN_QUE_CTRL_SIG},
			</if>
			<if test="HOST_NM != null">
				#{HOST_NM},
			</if>
			<if test="DENKEI != null">
				#{DENKEI},
			</if>
			<if test="GOUKI != null">
				#{GOUKI},
			</if>
			<if test="SERIAL_NUM != null">
				#{SERIAL_NUM},
			</if>
			<if test="CONN_DEV_NUM != null">
				#{CONN_DEV_NUM},
			</if>
			<if test="DEV_NUM != null">
				#{DEV_NUM},
			</if>
			<if test="SUB_ADDR != null">
				#{SUB_ADDR},
			</if>
			<if test="PRIORITY != null">
				#{PRIORITY},
			</if>
			<if test="CMD_SEQ_NUM != null">
				#{CMD_SEQ_NUM},
			</if>
			<if test="PROCESS_NUM != null">
				#{PROCESS_NUM},
			</if>
			<if test="CMD_CD != null">
				#{CMD_CD},
			</if>
			<if test="EXEC_CMD != null">
				#{EXEC_CMD},
			</if>
			<if test="DIR_NM != null">
				#{DIR_NM},
			</if>
			<if test="ENQ_TS != null">
				#{ENQ_TS},
			</if>
			<if test="DEQ_ABL_TS != null">
				#{DEQ_ABL_TS},
			</if>
			<if test="DEQ_TS != null">
				#{DEQ_TS},
			</if>
			<if test="STS != null">
				#{STS},
			</if>
			<if test="CENTER_ERR_DTL != null">
				#{CENTER_ERR_DTL},
			</if>
			<if test="RM_RESULT != null">
				#{RM_RESULT},
			</if>
			<if test="RM_ERR_CD != null">
				#{RM_ERR_CD},
			</if>
			<if test="CTL_RESULT_CD != null">
				#{CTL_RESULT_CD},
			</if>
			<if test="CTL_CMD_RSLT != null">
				#{CTL_CMD_RSLT},
			</if>
			<if test="CMD_TIMEOUT_TM != null">
				#{CMD_TIMEOUT_TM},
			</if>
			<if test="INSERT_ID != null">
				#{INSERT_ID},
			</if>
			<if test="INSERT_NM != null">
				#{INSERT_NM},
			</if>
			<if test="INSERT_TS != null">
				#{INSERT_TS},
			</if>
			<if test="UPDATE_ID != null">
				#{UPDATE_ID},
			</if>
			<if test="UPDATE_NM != null">
				#{UPDATE_NM},
			</if>
			<if test="UPDATE_TS != null">
				#{UPDATE_TS},
			</if>
			<if test="FILE_KIND != null">
				#{FILE_KIND},
			</if>
			<if test="SOAP_MSG != null">
				#{SOAP_MSG},
			</if>
		</trim>
	</insert>
    <!-- 優先順位情報の取得 -->
	<select id="getRctrlPriority" parameterType="java.util.HashMap" resultMap="BaseResultMap">
		SELECT
			PRIORITY
		FROM
			R_CTRL_PRIORITY
		WHERE
		SERVICE_ID = #{serviceId}
		AND SOAP_CMD = #{soapCmd}
		AND DEL_FLG = #{delFlg}
	</select> 
	<!-- 警備先地区状態（操作者）の設定 -->
	<update id="updateRKbChikuSts" parameterType="java.util.HashMap">
		 <![CDATA[
	        UPDATE
	            R_KB_CHIKU_STS
	        SET
	        	LN_SET_USER=#{lnAcntUserCommon}
	        	,USER_KIND = #{userKind}
	            ,UPDATE_ID = #{updateId}
	            ,UPDATE_NM = #{updateNm}
	            ,UPDATE_TS = #{updateTs}
	        WHERE 1=1
	            AND LN_KB_CHIKU = #{lnKbChiku}
	            AND DEL_FLG = '0'
    	]]>
	</update> 
</mapper>