<?xml version="1.0" encoding="UTF-8" ?>
<!DOCTYPE mapper
        PUBLIC "-//mybatis.org//DTD Mapper 3.0//EN"
        "http://mybatis.org/dtd/mybatis-3-mapper.dtd">
<mapper namespace="jp.co.alsok.g6.zwu.dao.mapper.g6.SZWU1400Mapper">
	<!-- 返却用 -->
	<resultMap id="BaseResultMap" type="jp.co.alsok.g6.zwu.entity.g6.SZWU1400Info">
		<result column="BUSYO_NM" jdbcType="CHAR" property="busyoNm" />
		<result column="YAKUSYOKU_NM" jdbcType="CHAR" property="yakusyokuNm" />
		<result column="SD_KOKUIN_NUM" jdbcType="CHAR" property="sdKokuinNum" />
		<result column="ACNT_NM" jdbcType="CHAR" property="acntNm" />
		<result column="VIDEO_FILE_NAME" jdbcType="CHAR" property="videoFileName" />
	</resultMap>

	<!-- 画面情報を取得する(次期警備). -->
	<select id="getPictureInfo" resultMap="BaseResultMap">
		SELECT
			KAUC.BUSYO_NM,
			KAUC.YAKUSYOKU_NM,
			RCI.SD_KOKUIN_NUM,
			KAUC.ACNT_NM,
			EKI.VIDEO_FILE_NAME
		FROM
			E_KB_INF EKI
			INNER JOIN R_CARD_INF RCI
				ON  EKI.CARD_KOTEI_ID = RCI.SD_KOTEI_CD
			INNER JOIN R_CARD_USER RCU
				ON  RCI.LN_CARD_INF = RCU.LN_CARD_INF
			INNER JOIN commondb.K_ACNT_USER_COMMON KAUC
				ON  RCU.LN_ACNT_USER_COMMON = KAUC.LN_ACNT_USER_COMMON
		WHERE
			EKI.LN_KB_INF = #{lnKbInf}
		ORDER BY
			EKI.SIG_HASSEI_TS DESC
		LIMIT 1
	</select>

</mapper>
