<?xml version="1.0" encoding="UTF-8" ?>
<!DOCTYPE mapper
        PUBLIC "-//mybatis.org//DTD Mapper 3.0//EN"
        "http://mybatis.org/dtd/mybatis-3-mapper.dtd">
<mapper namespace="jp.co.alsok.g6.zwu.dao.mapper.g6.SZWU3100Mapper">

	<!-- 返却用 -->
	<resultMap id="BaseResultMap" type="jp.co.alsok.g6.zwu.entity.g6.SZWU3100Info">
		<id column="lnKbChiku" jdbcType="CHAR" property="lnKbChiku" />
		<result column="LN_KB_CHIKU" jdbcType="CHAR" property="lnKbChiku" />
		<result column="LN_KEIBI" jdbcType="CHAR" property="lnKeibi" />
		<result column="CHIKU_ABBR_NM" jdbcType="CHAR" property="chikuAbbrNm" />
		<result column="sdDevNm" jdbcType="CHAR" property="sdDevNm" />
		<result column="sdDevNum" jdbcType="CHAR" property="sdDevNum" />
		<result column="lnDev" jdbcType="CHAR" property="lnDev" />
	</resultMap>

	<select id="searchDevList" parameterType="java.util.Map" resultMap="BaseResultMap">
		SELECT
		T1.SD_DEV_NM as sdDevNm,
		T1.SD_DEV_NUM as sdDevNum,
		T1.LN_DEV as lnDev
		FROM R_DEV T1
		WHERE
		T1.LN_KEIBI ='${lnKeibi}'
		AND T1.LN_KB_CHIKU ='${lnKbChiku}'
		AND T1.DEL_FLG =0
		AND (T1.SD_DEV_NUM LIKE 'CM%'
		OR T1.SD_DEV_NUM LIKE 'CU____CM%')
		ORDER BY
		T1.SD_DEV_NUM ,T1.CHIKU
	</select>
	<select id="getRKbChikuInfoListLnkeibi" parameterType="java.util.Map" resultMap="BaseResultMap">
		SELECT
			T1.LN_KB_CHIKU LN_KB_CHIKU,
			T1.LN_KEIBI LN_KEIBI,
			T1.CHIKU_ABBR_NM CHIKU_ABBR_NM
		FROM
			R_KB_CHIKU T1
		WHERE
			T1.LN_KEIBI ='${lnKeibi}'
			AND T1.DEL_FLG ='0'
		ORDER BY
			T1.SUB_ADDR
	</select>
	<select id="getRKbChikuInfoList" parameterType="java.util.Map" resultMap="BaseResultMap">
		SELECT
			T1.LN_KB_CHIKU LN_KB_CHIKU,
			T1.LN_KEIBI LN_KEIBI,
			T1.CHIKU_ABBR_NM CHIKU_ABBR_NM
		FROM
			R_KB_CHIKU T1
				INNER JOIN R_KB_AREA T2
					ON T2.LN_KB_CHIKU =T1.LN_KB_CHIKU
		WHERE
			T1.LN_KB_CHIKU ='${lnKbChiku}'
			AND T2.DEL_FLG ='0'
		ORDER BY
			T1.SUB_ADDR
	</select>
</mapper>