<?xml version="1.0" encoding="UTF-8" ?>
<!DOCTYPE mapper
        PUBLIC "-//mybatis.org//DTD Mapper 3.0//EN"
        "http://mybatis.org/dtd/mybatis-3-mapper.dtd">
<mapper namespace="jp.co.alsok.g6.zwu.dao.mapper.g6.SZWU1600Mapper">
	<!-- 返却用 -->
	<resultMap id="BaseResultMap" type="jp.co.alsok.g6.zwu.entity.g6.SZWU1600Info">
		<id column="LN_KB_CHIKU" jdbcType="CHAR" property="lnKbChiku" />
		<result column="INSERT_TS" jdbcType="CHAR" property="insertTs" />
		<result column="LN_IMG_NUM_P" jdbcType="CHAR" property="lnImgNumP" />
		<result column="LN_KB_INF" jdbcType="CHAR" property="lnKbInf" />
		<result column="NICK_NAME" jdbcType="CHAR" property="nickName" />
		<result column="SD_KOBETU_NM" jdbcType="CHAR" property="sdKobetuNm" />
		<result column="DEV_NM" jdbcType="CHAR" property="devNm" />
		<result column="LN_R_AUTH_PIC_INF" jdbcType="CHAR" property="lnRAuthPicInf" />
		<result column="PIC_INF" jdbcType="CHAR" property="picInf" />
		<result column="LN_IMG_NUM_V" jdbcType="CHAR" property="lnImgNumV" />
	</resultMap>
	<!-- 返却用 -->
	<resultMap id="AreaBaseResultMap" type="jp.co.alsok.g6.zwu.entity.g6.SZWU1600AreaInfo">
		<id column="LN_KB_CHIKU" jdbcType="CHAR" property="lnKbChiku" />
		<result column="LN_KEIBI" jdbcType="CHAR" property="lnKeibi" />
		<result column="SD_KOBETU_NM" jdbcType="CHAR" property="sdKobetuNm" />
	</resultMap>

	<!-- 地区プルダウン情報の取得 -->
	<select id="searchAreaList" resultMap="AreaBaseResultMap">
		SELECT
			R.LN_KB_CHIKU,
			R.LN_KEIBI,
			R.SD_KOBETU_NM
		FROM
			A_USER_OPERATION_HANI A
				INNER JOIN R_KB_CHIKU R
					ON A.LN_ACNT_USER_COMMON = #{lnAcntUserCommon}
					AND (
						A.PATH_INF = R.PATH_INF
						OR A.PATH_INF = LEFT (R.PATH_INF, 41)
						OR A.PATH_INF = LEFT (R.PATH_INF, 20)
					)
					AND R.ENTRY_STS IN ('1', '2')
		WHERE
			R.LN_KEIBI = '${lnKeibi}'
		<if test="lnKbChiku != null">
			AND R.LN_KB_CHIKU IN
			<foreach item="item" index="index" collection="lnKbChiku" open="(" separator="," close=")">
				#{item}
			</foreach>
		</if>
		ORDER BY
			R.SUB_ADDR
	</select>

	<!-- 登録人物検知履歴情報の取得 -->
	<select id="selectInfoList" resultMap="BaseResultMap">
		SELECT
			T4.LN_KB_CHIKU AS LN_KB_CHIKU,
			T3.SIG_RCV_TS AS INSERT_TS,
			T3.LN_IMG_NUM_P,
			T3.LN_IMG_NUM_V,
			T3.LN_KB_INF AS LN_KB_INF,
			T5.NICK_NAME AS NICK_NAME,
			T4.SD_KOBETU_NM AS SD_KOBETU_NM,
			T3.DEV_NM AS DEV_NM,
			T5.LN_R_AUTH_PIC_INF AS LN_R_AUTH_PIC_INF,
			T5.PIC_INF_CUTCOUT AS PIC_INF
		FROM
			E_KB_INF T3
			INNER JOIN R_KB_CHIKU T4 ON T3.LN_KB_CHIKU = T4.LN_KB_CHIKU AND T4.ENTRY_STS IN ('1', '2')
			INNER JOIN R_AUTH_PIC_INF T5 ON T3.IMG_NUM = T5.PIC_LGC_NO
		WHERE
		    1 = 1
		    AND DATE_FORMAT(T3.SIG_RCV_TS,'%Y%m%d') &gt;= #{fromDate}
			AND DATE_FORMAT(T3.SIG_RCV_TS,'%Y%m%d') &lt;= #{toDate}
		    AND T5.PIC_KIND = '2'
		    <if test="nickName != null and nickName !=''">
			AND T5.NICK_NAME LIKE CONCAT(CONCAT('%', #{nickName}, '%')) ESCAPE '/'
		    </if>
		    <if test="areaCd != null and areaCd !=''">
			AND T4.LN_KB_CHIKU = '${areaCd}'
		    </if>
			<if test="areaCd == null or areaCd ==''">
			AND T4.LN_KB_CHIKU IN (
				SELECT
				R.LN_KB_CHIKU
				FROM
				A_USER_OPERATION_HANI A
				INNER JOIN R_KB_CHIKU R
				ON A.LN_ACNT_USER_COMMON = #{lnAcntUserCommon}
				AND (
				A.PATH_INF = R.PATH_INF
				OR A.PATH_INF = LEFT (R.PATH_INF, 41)
				OR A.PATH_INF = LEFT (R.PATH_INF, 20)
				)
				WHERE
				R.LN_KEIBI = '${lnKeibi}'
				AND R.ENTRY_STS IN ('1', '2')
				)
			</if>
		ORDER BY T3.SIG_RCV_TS DESC
	</select>

	<!-- 登録人物検知履歴情報の取得 -->
	<select id="selectSortInfoList" resultMap="BaseResultMap">
		SELECT
			T4.LN_KB_CHIKU AS LN_KB_CHIKU,
			T3.SIG_RCV_TS AS INSERT_TS,
			T3.LN_IMG_NUM_P,
			T3.LN_IMG_NUM_V,
			T3.LN_KB_INF AS LN_KB_INF,
			T5.NICK_NAME AS NICK_NAME,
			T4.SD_KOBETU_NM AS SD_KOBETU_NM,
			T3.DEV_NM AS DEV_NM,
			T5.LN_R_AUTH_PIC_INF AS LN_R_AUTH_PIC_INF,
			T5.PIC_INF_CUTCOUT AS PIC_INF
		FROM
			E_KB_INF T3
			INNER JOIN R_KB_CHIKU T4 ON T3.LN_KB_CHIKU = T4.LN_KB_CHIKU AND T4.ENTRY_STS IN ('1', '2')
			INNER JOIN R_AUTH_PIC_INF T5 ON T3.IMG_NUM = T5.PIC_LGC_NO
		WHERE
		    1 = 1
		    AND DATE_FORMAT(T3.SIG_RCV_TS,'%Y%m%d') &gt;= #{fromDate}
			AND DATE_FORMAT(T3.SIG_RCV_TS,'%Y%m%d') &lt;= #{toDate}
		    AND T5.PIC_KIND = '2'
		    <if test="nickName != null and nickName !=''">
			AND T5.NICK_NAME LIKE CONCAT(CONCAT('%', #{nickName}, '%')) ESCAPE '/'
		    </if>
		    <if test="areaCd != null and areaCd !=''">
			AND T4.LN_KB_CHIKU = '${areaCd}'
		    </if>
			<if test="areaCd == null or areaCd ==''">
			AND T4.LN_KB_CHIKU IN (
			SELECT
			R.LN_KB_CHIKU
			FROM
			A_USER_OPERATION_HANI A
			INNER JOIN R_KB_CHIKU R
			ON A.LN_ACNT_USER_COMMON = #{lnAcntUserCommon}
			AND (
			A.PATH_INF = R.PATH_INF
			OR A.PATH_INF = LEFT (R.PATH_INF, 41)
			OR A.PATH_INF = LEFT (R.PATH_INF, 20)
			)
			WHERE
			R.LN_KEIBI = '${lnKeibi}'
			AND R.ENTRY_STS IN ('1', '2')
			)
		</if>
		ORDER BY
		<if test="insertTsOrder != null and insertTsOrder !=''">
		    T3.SIG_RCV_TS ${insertTsOrder}
        </if>
        <if test="nickNameOrder != null and nickNameOrder !=''">
		    T5.NICK_NAME ${nickNameOrder}
        </if>
        <if test="sdKobetuNmOrder != null and sdKobetuNmOrder !=''">
		    T4.SD_KOBETU_NM ${sdKobetuNmOrder}
        </if>
        <if test="devNmOrder != null and devNmOrder !=''">
		    T3.DEV_NM ${devNmOrder}
        </if>
	</select>

	<!-- 検知画像情報の取得 -->
	<select id="searchVideoFileName" resultMap="BaseResultMap">
		SELECT
			E.LN_KB_INF,
			E.VIDEO_FILE_NAME
		FROM
			E_KB_INF E
		WHERE
			E.LN_KB_INF = '${lnKbInf}'
	</select>

</mapper>