<?xml version="1.0" encoding="UTF-8" ?>
<!DOCTYPE mapper
        PUBLIC "-//mybatis.org//DTD Mapper 3.0//EN"
        "http://mybatis.org/dtd/mybatis-3-mapper.dtd">
<mapper namespace="jp.co.alsok.g6.zwu.dao.mapper.g6.SZWU3900Mapper">

  <!-- 一覧情報Map-->
  <resultMap id="BaseResultMap" type="jp.co.alsok.g6.zwu.entity.g6.SZWU3900Info">
    <id column="lnDev" jdbcType="CHAR" property="lnDev" />
    <result column="keibiName1" jdbcType="CHAR" property="keibiName1" />
    <result column="kbAreaNm" jdbcType="CHAR" property="kbAreaNm" />
    <result column="sdDevNm" jdbcType="CHAR" property="sdDevNm" />
    <result column="registSts" jdbcType="CHAR" property="registSts" />
    <result column="lnRAuthPicInf" jdbcType="CHAR" property="lnRAuthPicInf" />
    <result column="updateTs" jdbcType="CHAR" property="updateTs" />
  </resultMap>

  <!-- 画像情報Map -->
  <resultMap id="ImgInfoResultMap" type="jp.co.alsok.g6.zwu.entity.g6.SZWU3900Info">
    <id column="lnRAuthPicInf" jdbcType="CHAR" property="lnRAuthPicInf" />
    <result column="picInf" jdbcType="CHAR" property="picInf" />
    <result column="nickName" jdbcType="CHAR" property="nickName" />
    <result column="picDescription" jdbcType="CHAR" property="picDescription" />
    <result column="registTs" jdbcType="CHAR" property="registTs" />
    <result column="authLimit" jdbcType="CHAR" property="authLimit" />
    <result column="registCount" jdbcType="CHAR" property="registCount" />
  </resultMap>

  <!-- 認証画像情報を取得 -->
  <select id="selectSZWU3900ImgInfo" parameterType="java.util.HashMap" resultMap="ImgInfoResultMap">
	SELECT
		T1.LN_R_AUTH_PIC_INF AS lnRAuthPicInf,
		T1.PIC_INF AS picInf,
		T1.NICK_NAME AS nickName,
		T1.PIC_DESCRIPTION AS picDescription,
		T1.REGIST_TS AS registTs,
		T1.AUTH_LIMIT_FLG AS authLimitFlg,
		T1.AUTH_LIMIT AS authLimit
	FROM
		R_AUTH_PIC_INF T1
	WHERE
		T1.DEL_FLG = '0'
	AND T1.LN_R_AUTH_PIC_INF IN
		<foreach collection="list" index="index" item="item" open="(" separator="," close=")">
	            #{item}
	    </foreach>
	ORDER BY LN_R_AUTH_PIC_INF ASC
  </select>

  <!-- COUNT(認証画像情報を取得.LN_認証画像情報論理番号) -->
  <select id="selectSZWU3900ImgInfoCountNum" parameterType="java.util.HashMap" resultMap="BaseResultMap">
    SELECT
        T1.LN_R_AUTH_PIC_INF AS lnRAuthPicInf,
        COUNT(T1.LN_R_AUTH_PIC_INF) AS countNum
    FROM
        R_PIC_INF_DEV_STS T1
    INNER JOIN R_DEV_DEV T2
    ON T1.LN_DEV = T2.LN_DEV_PAR
    WHERE
        LN_R_AUTH_PIC_INF = #{lnRAuthPicInf}
        AND T1.DEL_FLG = '0'
        AND T2.DEL_FLG = '0'
    GROUP BY T1.LN_R_AUTH_PIC_INF
    ORDER BY T1.LN_R_AUTH_PIC_INF
  </select>

  <!-- A)設置機器のLN_設置機器論理番号を取得 -->
  <select id="selectSZWU3900LnDevListByDev" parameterType="java.util.HashMap" resultType="java.lang.String">
	SELECT
		T1.LN_DEV AS lnDev
	FROM
		R_DEV T1
	INNER JOIN R_KEIBI T2 ON T1.LN_KEIBI = T2.LN_KEIBI
	INNER JOIN R_KB_CHIKU T3 ON T1.LN_KB_CHIKU = T3.LN_KB_CHIKU
	INNER JOIN A_USER_OPERATION_HANI T4 ON T4.LN_ACNT_USER_COMMON = #{lnAcntUserCommon} 
	    AND (
	      T4.PATH_INF = T3.PATH_INF 
	      OR T4.PATH_INF = LEFT (T3.PATH_INF, 41) 
	      OR T4.PATH_INF = LEFT (T3.PATH_INF, 20)
	    )
	WHERE 0 = 0
	AND T2.LN_KEIBI = '${keibisakiId}'
	AND T1.DEL_FLG = '0'
	AND T2.DEL_FLG = '0'
  </select>

  <!-- C)送信先一覧情報の件数を取得 -->
  <select id="searchListInfoCnt" parameterType="java.util.List" resultMap="BaseResultMap">
	SELECT
		T3.UPDATE_TS AS updateTs,
		T1.LN_DEV AS lnDev,
		T2.KEIBI_NAME1 AS keibiName1,
		T1.SD_DEV_NM AS kbAreaNm,
		T3.REGIST_STS_KBN AS registSts,
		T3.LN_R_AUTH_PIC_INF AS lnRAuthPicInf
	FROM
		R_DEV T1
	LEFT JOIN R_KEIBI T2 ON T1.LN_KEIBI = T2.LN_KEIBI
	LEFT JOIN R_PIC_INF_DEV_STS T3 ON T1.LN_DEV = T3.LN_DEV
	WHERE
		T3.LN_R_AUTH_PIC_INF=#{lnRAuthPicInf}
	AND	T1.LN_DEV IN
		<foreach collection="list" index="index" item="item" open="(" separator="," close=")">
            #{item}
        </foreach>
	AND T1.DEL_FLG = '0'
	AND T2.DEL_FLG = '0'
	AND T3.DEL_FLG = '0'
	<if test="keibiName1 != null and keibiName1 != ''">
		AND T2.KEIBI_NAME1 LIKE CONCAT(CONCAT('%', #{keibiName1}, '%')) ESCAPE '/'
	</if>
	<if test="kbAreaNm != null and kbAreaNm != ''">
		AND T1.SD_DEV_NM LIKE CONCAT(CONCAT('%', #{kbAreaNm}, '%')) ESCAPE '/'
	</if>
  </select>

  <!-- C)送信先一覧情報を取得 -->
  <select id="selectSZWU3900InfoList" parameterType="java.util.HashMap" resultMap="BaseResultMap">
	SELECT
		T3.UPDATE_TS AS updateTs,
		T1.LN_DEV AS lnDev,
		T2.KEIBI_NAME1 AS keibiName1,
		T1.SD_DEV_NM AS kbAreaNm,
		T3.REGIST_STS_KBN AS registSts,
		T3.LN_R_AUTH_PIC_INF AS lnRAuthPicInf
	FROM
		R_DEV T1
	LEFT JOIN R_KEIBI T2 ON T1.LN_KEIBI = T2.LN_KEIBI
	LEFT JOIN R_PIC_INF_DEV_STS T3 ON T1.LN_DEV = T3.LN_DEV
	WHERE
		T3.LN_R_AUTH_PIC_INF=#{lnRAuthPicInf}
	AND	T1.LN_DEV IN
		<foreach collection="list" index="index" item="item" open="(" separator="," close=")">
            #{item}
        </foreach>
	AND T1.DEL_FLG = '0'
	AND T2.DEL_FLG = '0'
	AND T3.DEL_FLG = '0'
	<if test="keibiName1 != null and keibiName1 != ''">
		AND T2.KEIBI_NAME1 LIKE CONCAT(CONCAT('%', #{keibiName1}, '%')) ESCAPE '/'
	</if>
	<if test="kbAreaNm != null and kbAreaNm != ''">
		AND T1.SD_DEV_NM LIKE CONCAT(CONCAT('%', #{kbAreaNm}, '%')) ESCAPE '/'
	</if>
	ORDER BY T2.KEIBI_NAME1 ${keibiName1Order} , T1.SD_DEV_NM ${kbAreaNmOrder}
	limit #{offset} , #{pageSize}
  </select>

  <!-- D)カメラ名称を取得 -->
  <select id="searchRDevNameBySdDevNum" parameterType="java.util.HashMap" resultType="java.lang.String">
	SELECT
		GROUP_CONCAT(T1.SD_DEV_NM SEPARATOR '/') AS SD_DEV_NM
	FROM
		R_DEV T1
	INNER JOIN R_DEV_DEV T2 ON T1.LN_DEV = T2.LN_DEV_CHI
	WHERE
		T2.LN_DEV_PAR = #{lnDev}
	<if test="sdDevNm != null and sdDevNm != ''">
		AND T1.SD_DEV_NM LIKE CONCAT(CONCAT('%', #{sdDevNm}, '%')) ESCAPE '/'
	</if>
  </select>

  <!-- 10-2.A)認証画像情報の取得 -->
  <select id="selectCertifiedPortraitInfo" parameterType="java.util.HashMap" resultType="java.lang.Integer">
	SELECT
		COUNT(*)
	FROM
		R_PIC_INF_DEV_STS T1
	WHERE
		T1.LN_R_AUTH_PIC_INF = #{lnRAuthPicInf}
	AND T1.DEL_FLG = '0'
  </select>

  <!-- 10-2.B)認証画像状態の取得 -->
  <select id="selectCertifiedPortraitState" parameterType="java.util.HashMap" resultType="java.lang.Integer">
	SELECT
		COUNT(*)
	FROM
		R_PIC_INF_DEV_STS T1
	WHERE
		T1.LN_R_AUTH_PIC_INF = #{lnRAuthPicInf}
	AND T1.LN_DEV = #{lnDev}
	AND T1.UPDATE_TS = #{updateTs}
	AND T1.REGIST_STS_KBN IN ('2','9')
	AND T1.DEL_FLG = '0'
  </select>

  <!-- 10-3.A)update認証画像状態 -->
  <update id="updateCertifiedPortraitState" parameterType="java.util.HashMap">
	UPDATE R_PIC_INF_DEV_STS
	SET REGIST_STS_KBN = '8',
	 	UPDATE_ID = #{lnUserRole},
	 	UPDATE_NM = #{userAcntAuthNm},
	    UPDATE_TS = #{updateTs}
	WHERE
		LN_R_AUTH_PIC_INF = #{lnRAuthPicInf}
	AND LN_DEV = #{lnDev}
  </update>

    <!--10-2 C)認証画像のステータスチェック. -->
	<select id="searchRAuthPicInf" resultType="java.lang.Integer">
		SELECT
		COUNT(LN_R_AUTH_PIC_INF)
		FROM
		R_PIC_INF_DEV_STS
		WHERE
		    (DEL_FLG &lt;&gt; '0'
		OR  REGIST_STS_KBN NOT IN ('2','9'))
		AND LN_R_AUTH_PIC_INF = #{lnRAuthPicInf}
		<if test="lnDevs != null and lnDevs.length > 0">
			AND LN_DEV IN
			<foreach item="item" index="index" collection="lnDevs" open="(" separator="," close=")">
				#{item}
			</foreach>
		</if>
		 
	</select>
	
</mapper>