<?xml version="1.0" encoding="UTF-8" ?>
<!DOCTYPE mapper
        PUBLIC "-//mybatis.org//DTD Mapper 3.0//EN"
        "http://mybatis.org/dtd/mybatis-3-mapper.dtd">
<mapper namespace="jp.co.alsok.g6.zwu.dao.mapper.g6.SZWU2900Mapper">
  <!-- 返却用 -->
  <resultMap id="BaseResultMap" type="jp.co.alsok.g6.zwu.entity.g6.SZWU2900Info">
    <result column="PIC_INF" jdbcType="CHAR" property="picInf"/>
    <result column="NICK_NAME" jdbcType="CHAR" property="nickName" />
    <result column="PIC_DESCRIPTION" jdbcType="VARCHAR" property="picDescription" />
    <result column="INSERT_TS" jdbcType="TIMESTAMP" property="insertTs" />
    <result column="AUTH_LIMIT_FLG" jdbcType="CHAR" property="authLimitFlg" />
    <result column="AUTH_LIMIT" jdbcType="TIMESTAMP" property="authLimit" />
    <result column="AUTH_STS" jdbcType="CHAR" property="authSts" />
    <result column="REGIST_STS_KBN" jdbcType="CHAR" property="registStsKbn" />
    <result column="REGIST_CNT" jdbcType="INTEGER" property="registCnt" />
    <result column="LAST_REGIST_TS" jdbcType="TIMESTAMP" property="lastRegistTs" />
    <result column="LN_DEV" jdbcType="CHAR" property="lnDev" />
    <result column="LN_R_AUTH_PIC_INF" jdbcType="CHAR" property="lnRAuthPicInf" />
  </resultMap>

  <!-- 検索結果の取得 -->
  <select id="getRdevCameraImg" resultMap="BaseResultMap">
	SELECT
	    T1.LN_ACNT_USER_COMMON,
		T3.SERVICE_NM
	FROM
		R_DEV T1
	INNER JOIN R_DEV_GROUP_MST T2 ON T2.LN_DEV = T1.LN_DEV
	INNER JOIN R_PIC_INF_DEV_STS T3 ON T3.LN_DEV = T1.LN_DEV AND T3.DEL_FLG = '0'
	INNER JOIN R_AUTH_PIC_INF T4 ON T4.LN_R_AUTH_PIC_INF = T3.LN_R_AUTH_PIC_INF AND T4.DEL_FLG = '0'
	
	WHERE
	   T1.LN_DEV = #{recored.accountId}
	   AND T1.LN_KEIBI = #{recored.accountId}
	   AND T1.LN_KB_CHIKU = #{recored.accountId}
	   AND T1.DEL_FLG = '0'

  </select>

  <!-- 検索結果の取得 -->
  <select id="getCameraInfo" resultType="jp.co.alsok.g6.db.entity.g6.RDev">
	SELECT
		LN_DEV,
		LN_KEIBI,
		LN_KB_CHIKU,
		LN_KB_AREA,
		CHIKU,
		SD_DEV_KIND_CD,
		SD_DEV_NUM,
		DEV_KIND,
		SD_SENSOR_GRP_NUM,
		DEV_SERIAL_NUM,
		SD_DEV_NM,
		SD_INPUT_KIND,
		SD_RM_KIND,
		SD_KEIBI_KIND,
		SD_SPEAKER_FLG,
		SD_MIKE_FLG,
		SETSUZOKU_CAMERA_NO,
		GAZO_KANSHI_EVENT_NO,
		DEL_FLG,
		INSERT_ID,
		INSERT_NM,
		INSERT_TS,
		UPDATE_ID,
		UPDATE_NM,
		UPDATE_TS
	FROM
		R_DEV
	WHERE
		LN_KEIBI = #{lnKeibi}
		AND LN_KB_CHIKU = #{lnKbChiku}
		AND DEL_FLG ='0'
		AND (SD_DEV_NUM like 'GS%'
		OR SD_DEV_NUM like 'CM%'
		OR SD_DEV_NUM like 'RC%'
		OR SD_DEV_NUM like 'CU___-CM%')
		ORDER BY SD_DEV_NUM
  </select>
</mapper>