<?xml version="1.0" encoding="UTF-8" ?>
<!DOCTYPE mapper
        PUBLIC "-//mybatis.org//DTD Mapper 3.0//EN"
        "http://mybatis.org/dtd/mybatis-3-mapper.dtd">
<mapper namespace="jp.co.alsok.g6.zwu.dao.mapper.g6.SZWU4600Mapper">
	<!-- 返却用 -->
	<resultMap id="resultMap1" type="jp.co.alsok.g6.zwu.entity.g6.SZWU4600Info">
		<id column="LN_ACNT_USER_COMMON" jdbcType="CHAR" property="lnAcntUserCommon" />
		<result column="ACNT_NM" jdbcType="CHAR" property="acntNm" />
		<result column="ACNT_NM_KANA" jdbcType="CHAR" property="acntNmKana" />
		<result column="ML_ADDR" jdbcType="CHAR" property="mlAddr" />
		<result column="ACNT_USER_KBN" jdbcType="CHAR" property="acntUserKbn" />
		<result column="SYAIN_CD" jdbcType="CHAR" property="syainCd" />
		<result column="BUSYO_NM" jdbcType="CHAR" property="busyoNm" />
		<result column="BUSYO_NM_KANA" jdbcType="CHAR" property="busyoNmKana" />
		<result column="YAKUSYOKU_NM" jdbcType="CHAR" property="yakusyokuNm" />
		<result column="YAKUSYOKU_KANA" jdbcType="CHAR" property="yakusyokuKana" />
		<result column="TEL_NUM_1" jdbcType="CHAR" property="telNum1" />
		<result column="UPDATE_TS" jdbcType="CHAR" property="updateTs" />
		<result column="ML_STS" jdbcType="CHAR" property="mlSts" />
		<result column="ML_SEND_STS" jdbcType="CHAR" property="mlSendSts" />
		<result column="CHECK_STS" jdbcType="CHAR" property="checkSts" />
		<result column="INSERT_TS" jdbcType="DATE" property="insertTs" />
		<result column="LN_USER_ROLE" jdbcType="CHAR" property="lnUserRole" />
	</resultMap>
	<!-- 検索結果一覧の取得 -->
	<select id="getUserPathInfo" parameterType="java.lang.String" resultType="java.lang.String">
		SELECT
		DISTINCT(LEFT(T1.PATH_INF, 20))
		FROM
		A_USER_OPERATION_HANI T1
		WHERE
		T1.LN_ACNT_USER_COMMON=#{lnAcntUserCommon}
	</select>
	<!-- 検索結果一覧の取得 -->
	<select id="getUserInfoList" parameterType="java.lang.String" resultMap="resultMap1">
		SELECT
			kauc.LN_ACNT_USER_COMMON,
			kauc.ACNT_NM,
			kauc.ACNT_NM_KANA,
			kauc.ML_ADDR,
			kauc.ACNT_USER_KBN,
			kauc.SYAIN_CD,
			kauc.BUSYO_NM,
			kauc.BUSYO_NM_KANA,
			kauc.YAKUSYOKU_NM,
			kauc.YAKUSYOKU_KANA,
			kauc.TEL_NUM_1,
			kauc.UPDATE_TS,
			aau.ML_STS,
			aau.ML_SEND_STS,
			aau.CHECK_STS,
			aau.INSERT_TS
		FROM
			commondb.K_ACNT_USER_COMMON kauc
		INNER JOIN 
			A_ACNT_USER aau ON kauc.LN_ACNT_USER_COMMON = aau.LN_ACNT_USER_COMMON
		INNER JOIN 
			A_USER_OPERATION_HANI auoh ON kauc.LN_ACNT_USER_COMMON = auoh.LN_ACNT_USER_COMMON
		WHERE
			LEFT(auoh.PATH_INF,20) IN (#{pathInf})
			<if test="acntUserKbn == 0 or acntUserKbn == 1 ">
				AND ACNT_USER_KBN IN ('0','1')
			</if>
			<if test="acntUserKbn == 2">
				AND ACNT_USER_KBN IN ('0','1','2')
			</if>
		GROUP BY
			kauc.LN_ACNT_USER_COMMON,
			kauc.ACNT_NM,
			kauc.ACNT_NM_KANA,
			kauc.ML_ADDR,
			kauc.ACNT_USER_KBN,
			kauc.SYAIN_CD,
			kauc.BUSYO_NM,
			kauc.BUSYO_NM_KANA,
			kauc.YAKUSYOKU_NM,
			kauc.YAKUSYOKU_KANA,
			kauc.TEL_NUM_1,
			kauc.UPDATE_TS,
			aau.ML_STS,
			aau.ML_SEND_STS,
			aau.CHECK_STS
		ORDER BY
			kauc.ACNT_USER_KBN,
			kauc.LN_ACNT_USER_COMMON
	</select>

	<!-- 利用者アカウント-ロール連関のロック -->
	<select id="getAAcntUserRoleForUpd" parameterType="java.lang.String" resultMap="resultMap1">
		SELECT
		LN_ACNT_USER_COMMON,
		LN_USER_ROLE
		FROM
		A_ACNT_USER_ROLE
		WHERE
		LN_ACNT_USER_COMMON = #{lnAcntUserCommon}
		LIMIT 1
	</select>

	<!-- 利用者アカウントのロック -->
	<select id="getAAcntUserForUpd" parameterType="java.lang.String" resultType="java.lang.String">
		SELECT
			LN_ACNT_USER_COMMON
		FROM
			A_ACNT_USER
		WHERE
			LN_ACNT_USER_COMMON = #{lnAcntUserCommon}
		AND 
			UPDATE_TS = #{updateTs}		
	</select>

	<!-- アカウント情報の取得（CSV出力DB検索内容） -->
	<select id="getAccountInfoListCsv" parameterType="java.lang.String" resultType="java.util.HashMap">
		SELECT
			@rownum :=@rownum + 1 AS rownum,
			t.ACNT_NM,
			t.ACNT_NM_KANA,
			t.ACNT_ID,
			t.ACNT_USER_KBN,
			t.SYAIN_CD,
			t.BUSYO_NM,
			t.BUSYO_NM_KANA,
			t.YAKUSYOKU_NM,
			t.YAKUSYOKU_KANA,
			t.TEL_NUM_1
		FROM
		(
		SELECT
			@rownum := 0,
			kauc.ACNT_NM,
			kauc.ACNT_NM_KANA,
			kauc.ACNT_ID,
			kauc.ACNT_USER_KBN,
			kauc.SYAIN_CD,
			kauc.BUSYO_NM,
			kauc.BUSYO_NM_KANA,
			kauc.YAKUSYOKU_NM,
			kauc.YAKUSYOKU_KANA,
			kauc.TEL_NUM_1
		FROM
			commondb.K_ACNT_USER_COMMON kauc
		INNER JOIN 
			A_ACNT_USER aau ON kauc.LN_ACNT_USER_COMMON = aau.LN_ACNT_USER_COMMON
		INNER JOIN 
			A_USER_OPERATION_HANI auoh ON kauc.LN_ACNT_USER_COMMON = auoh.LN_ACNT_USER_COMMON
		WHERE
			LEFT(auoh.PATH_INF,20) IN (#{pathInf})
		GROUP BY
			kauc.LN_ACNT_USER_COMMON,
			kauc.ACNT_NM,
			kauc.ML_ADDR,
			kauc.ACNT_USER_KBN,
			kauc.SYAIN_CD,
			kauc.BUSYO_NM,
			kauc.BUSYO_NM_KANA,
			kauc.YAKUSYOKU_NM,
			kauc.YAKUSYOKU_KANA,
			kauc.TEL_NUM_1
		ORDER BY
			kauc.ACNT_USER_KBN,
			kauc.LN_ACNT_USER_COMMON
		) t
	</select>
	
	<!-- 利用者アカウントの取得 -->
	<select id="getAAcntUser" parameterType="java.lang.String" resultMap="resultMap1">
		SELECT
			LN_ACNT_USER_COMMON,
			UPDATE_TS
		FROM
			A_ACNT_USER
		WHERE
			LN_ACNT_USER_COMMON = #{lnAcntUserCommon}
	</select>
	
	<!-- H)利用者操作範囲のロック  -->
	<select id="getAUserOperationHaniLock" parameterType="java.lang.String" resultMap="resultMap1">
		SELECT 
			LN_ACNT_USER_COMMON
		FROM
			A_USER_OPERATION_HANI
		WHERE
			LN_ACNT_USER_COMMON = #{lnAcntUserCommon}
		LIMIT 1	
	</select>
	
	<!-- I)利用者ロールのロック  -->
	<select id="getAUserRoleLock" parameterType="java.lang.String" resultMap="resultMap1">
		SELECT 
			LN_USER_ROLE
		FROM
			A_USER_ROLE
		WHERE
			LN_USER_ROLE = #{lnUserRole}
		AND KOBETSU_FLG = '1'
	</select>
	
	<!-- J)利用者ロール-権限連関のロック -->
	<select id="getAUserRoleAuthLock" parameterType="java.lang.String" resultMap="resultMap1">
		SELECT 
			LN_USER_ROLE
		FROM
			A_USER_ROLE_AUTH
		WHERE
			LN_USER_ROLE = #{lnUserRole}
		LIMIT 1
	</select>
	
	<!-- K)利用者アカウント仮登録のロック -->
	<select id="getAAcntPreuserLock" parameterType="java.lang.String" resultMap="resultMap1">
		SELECT
			LN_ACNT_USER_COMMON
		FROM
			A_ACNT_PRE_USER
		WHERE
			LN_ACNT_USER_COMMON = #{lnAcntUserCommon}
		LIMIT 1	
	</select>
	
	<!-- J)利用者ロール-権限連関の削除 -->
	<delete id="deleteAUserRoleAuth" parameterType="java.lang.String">
		DELETE FROM A_USER_ROLE_AUTH 
		WHERE LN_USER_ROLE = #{lnUserRole}
	</delete>
	
	<!-- I)利用者ロールの削除 -->
	<delete id="deleteAUserRole" parameterType="java.lang.String">
		DELETE FROM A_USER_ROLE
		WHERE LN_USER_ROLE = #{lnUserRole}
	</delete>
	
	<!-- K)利用者アカウント仮登録の削除 -->
	<delete id="deleteAAcntPreuser" parameterType="java.lang.String">
		DELETE FROM A_ACNT_PRE_USER
		WHERE LN_ACNT_USER_COMMON = #{lnAcntUserCommon}
	</delete>
	
	<!-- H)利用者操作範囲の削除 -->
	<delete id="deleteAUserOperationHani" parameterType="java.lang.String">
		DELETE FROM A_USER_OPERATION_HANI
		WHERE LN_ACNT_USER_COMMON = #{lnAcntUserCommon}
	</delete>
	
	<!-- F)利用者アカウントの削除-->
	<delete id="deleteAAcntUser" parameterType="java.lang.String">
		DELETE FROM A_ACNT_USER
		WHERE LN_ACNT_USER_COMMON = #{lnAcntUserCommon}
	</delete>
	
	<!-- A)メール不通時の確認状態の更新-->
	<update id="updateAAcntUserA" parameterType="java.util.HashMap">
		UPDATE 
			A_ACNT_USER
		SET
			CHECK_STS = #{checkSts3},
			STS_UPD_TS = #{stsUpdTs},
			UPDATE_ID = #{updateId},
			UPDATE_NM = #{updateNm},
			UPDATE_TS = #{updateTs}
		WHERE 
			LN_ACNT_USER_COMMON = #{lnAcntUserCommon}
			AND ML_SEND_STS = #{mlSendSts}
			AND CHECK_STS = #{checkSts}
	</update>

	<!-- B)確認待ちタイムアウト時の確認状態の更新-->
	<update id="updateAAcntUserB" parameterType="java.util.HashMap">
		UPDATE 
			A_ACNT_USER
		SET
			CHECK_STS = #{checkSts4},
			STS_UPD_TS = #{stsUpdTs},
			UPDATE_ID = #{updateId},
			UPDATE_NM = #{updateNm},
			UPDATE_TS = #{updateTs}
		WHERE 
			LN_ACNT_USER_COMMON = #{lnAcntUserCommon}
			AND CHECK_STS = #{checkSts}
	</update>
</mapper>
