<?xml version="1.0" encoding="UTF-8" ?>
<!DOCTYPE mapper PUBLIC "-//mybatis.org//DTD Mapper 3.0//EN" "http://mybatis.org/dtd/mybatis-3-mapper.dtd">
<mapper namespace="jp.co.alsok.g6.zwu.dao.mapper.g6.SZWU5800Mapper">
	<!-- 返却用 -->
	<resultMap id="BaseResultMap" type="jp.co.alsok.g6.zwu.entity.g6.SZWU5800Info">
		<id column="sdKobetuNm" jdbcType="CHAR" property="sdKobetuNm" />
		<result column="chiku" jdbcType="CHAR" property="chiku" />
		<result column="pathInf" jdbcType="CHAR" property="pathInf" />
		<result column="lnKbChiku" jdbcType="CHAR" property="lnKbChiku" />
		<result column="subAddr" jdbcType="CHAR" property="subAddr" />
		<result column="youbiCd" jdbcType="CHAR" property="youbiCd" />
		<result column="lnEmpSend" jdbcType="CHAR" property="lnEmpSend" />
		<result column="day" jdbcType="CHAR" property="day" />
		<result column="stTime" jdbcType="CHAR" property="stTime" />
		<result column="edTime" jdbcType="CHAR" property="edTime" />
		<result column="updateTs" jdbcType="CHAR" property="updateTs" />
	</resultMap>

	<!-- 地区プルダウン情報の取得 -->
	<select id="searchRKbChikuListInfo" resultMap="BaseResultMap">
		SELECT
			R.SD_KOBETU_NM AS sdKobetuNm,
			R.CHIKU AS chiku,
			R.PATH_INF AS pathInf,
			R.LN_KB_CHIKU  AS lnKbChiku
		FROM 
			A_USER_OPERATION_HANI A
				INNER JOIN R_KB_CHIKU R
					ON A.LN_ACNT_USER_COMMON = #{lnAcntUserCommon}
					AND (
						A.PATH_INF = R.PATH_INF
						OR A.PATH_INF = LEFT (R.PATH_INF, 41)
						OR A.PATH_INF = LEFT (R.PATH_INF, 20)
					)
		WHERE
			R.ENTRY_STS = '1'
			AND R.LN_KEIBI = #{lnKeibi}
		<if test="lnKbChiku != null and lnKbChiku.length > 0">
			AND R.LN_KB_CHIKU IN
			<foreach item="item" index="index" collection="lnKbChiku" open="(" separator="," close=")">
				#{item}
			</foreach>
		</if>
		ORDER
			BY R.SUB_ADDR
	</select>

	<!-- 空室メール通知設定情報を取得する -->
	<select id="searchREmpSendListInfo" resultMap="BaseResultMap">
		SELECT
			e.LN_EMP_SEND AS lnEmpSend,
			e.YOUBI_CD AS youbiCd,
			e.ST_TIME AS stTime,
			e.ED_TIME AS edTime,
			k.SD_KOBETU_NM AS sdKobetuNm,
			e.UPDATE_TS AS updateTs
		FROM
			R_EMP_SEND e
				INNER JOIN R_KB_CHIKU k
					ON e.PATH_INF = k.PATH_INF
		WHERE
			e.DEL_FLG = 0
			AND k.DEL_FLG = 0
			AND k.CHIKU IN
		<foreach item="item" index="index" collection="chiku" open="(" separator="," close=")">
			#{item}
		</foreach>
		AND k.LN_KB_CHIKU IN
		<foreach item="item" index="index" collection="kbChiku" open="(" separator="," close=")">
			#{item}
		</foreach>
		ORDER BY
		<if test="orderByYoubiCd != null and orderByYoubiCd !=''">
			e.YOUBI_CD ${orderByYoubiCd},
			e.ST_TIME ASC,
			e.ED_TIME ASC
			,k.SUB_ADDR
		</if>
		LIMIT #{offset} , #{pageSize}
	</select>

	<!-- 空室メール通知設定情報の件数取得(次期警備の場合) -->
	<select id="searchREmpSendListInfoCnt" resultType="java.lang.Integer">
		SELECT
		COUNT(e.LN_EMP_SEND)
		FROM R_EMP_SEND e
		INNER JOIN
		R_KB_CHIKU k
		ON
		e.PATH_INF = k.PATH_INF
		WHERE
		e.DEL_FLG = 0
		AND
		k.DEL_FLG = 0
		AND k.CHIKU IN
        <foreach item="item" index="index" collection="chiku" open="(" separator="," close=")">
            #{item}
        </foreach>
        AND k.LN_KB_CHIKU IN
        <foreach item="item" index="index" collection="kbChiku" open="(" separator="," close=")">
            #{item}
        </foreach>
	</select>

	<!-- 設定検索 -->
	<select id="selectLnEmpSendInfoList" resultMap="BaseResultMap">
		SELECT
		e.LN_EMP_SEND AS lnEmpSend
		FROM R_EMP_SEND e
		INNER JOIN
		R_KB_CHIKU k
		ON
		e.PATH_INF = k.PATH_INF
		WHERE
		e.DEL_FLG = 0
		AND
		k.DEL_FLG = 0
		AND e.YOUBI_CD in
		<foreach item="item" index="index" collection="dayOfTheWeek" open="(" separator="," close=")">
			#{item}
		</foreach>
		AND
		((#{stTime} &gt; e.ST_TIME 
		AND
		e.ED_TIME &gt; #{stTime})
		OR
		(#{edTime} &gt; e.ST_TIME
		AND
		e.ED_TIME &gt; #{edTime})
		OR
		(e.ST_TIME &gt;= #{stTime} 
		AND
		#{edTime} &gt;= e.ED_TIME))
		AND k.CHIKU IN
		<foreach item="item" index="index" collection="chiku" open="(" separator="," close=")">
			#{item}
		</foreach>
		AND k.LN_KB_CHIKU IN
		<foreach item="item" index="index" collection="kbChiku" open="(" separator="," close=")">
			#{item}
		</foreach>
	</select>

	<!-- 空室メール通知設定登録処理 -->
	<insert id="insertREmpSend" parameterType="java.util.HashMap">
		INSERT INTO R_EMP_SEND
		<trim prefix="(" suffix=")" suffixOverrides=",">
			LN_EMP_SEND,
			<if test="pathInf != null">
				PATH_INF,
			</if>
			<if test="youbiCd != null">
				YOUBI_CD,
			</if>
			<if test="stTime != null">
				ST_TIME,
			</if>
			<if test="edTime != null">
				ED_TIME,
			</if>
			DEL_FLG,
			INSERT_ID,
			INSERT_NM,
			INSERT_TS,
			UPDATE_ID,
			UPDATE_NM,
			UPDATE_TS,
		</trim>
		<trim prefix="values (" suffix=")" suffixOverrides=",">
			#{lnEmpSend},
			<if test="pathInf != null">
				#{pathInf},
			</if>
			<if test="youbiCd != null">
				#{youbiCd},
			</if>
			<if test="stTime != null">
				#{stTime},
			</if>
			<if test="edTime != null">
				#{edTime},
			</if>
			0,
			#{insertId},
			#{insertNm},
			#{insertTs},
			#{updateId},
			#{updateNm},
			#{updateTs},
		</trim>
	</insert>

	<!-- 空室メール情報のロック -->
	<select id="selectLnEmpSend" resultType="java.lang.Integer">
		SELECT
			COUNT(LN_EMP_SEND)
		FROM
			R_EMP_SEND
		WHERE 0 = 0
		<if test="lnEmpSend != null and lnEmpSend != ''">
			AND LN_EMP_SEND = #{lnEmpSend}
		</if>
		<if test="selectedUpdateTs != null and selectedUpdateTs != ''">
			AND UPDATE_TS = #{selectedUpdateTs}
		</if>
	</select>

	<!-- 空室メール通知設定削除処理 -->
	<update id="updateLnEmpSend" parameterType="java.util.HashMap">
		UPDATE R_EMP_SEND
		<set>
			DEL_FLG = 1,
			UPDATE_ID = #{updateId},
			UPDATE_NM = #{updateNm},
			UPDATE_TS = #{updateTs},
		</set>
		WHERE
		LN_EMP_SEND = #{lnEmpSend}
		AND UPDATE_TS = #{selectedUpdateTs}
	</update>

</mapper>