<?xml version="1.0" encoding="UTF-8" ?>
<!DOCTYPE mapper
        PUBLIC "-//mybatis.org//DTD Mapper 3.0//EN"
        "http://mybatis.org/dtd/mybatis-3-mapper.dtd">
<mapper namespace="jp.co.alsok.g6.zwu.dao.mapper.g6.SZWU6800Mapper">
	<resultMap id="BaseResultMap" type="jp.co.alsok.g6.zwu.entity.g6.SZWU6800Info">
		<result column="LN_KEIBI" jdbcType="CHAR" property="lnKeibi" />
		<result column="KEIBI_NAME1" jdbcType="CHAR" property="keibiName1" />
		<result column="KEIBI_ADDR" jdbcType="CHAR" property="keibiAddr" />
	</resultMap>
	<resultMap id="BaseResultMapWithGroup" type="jp.co.alsok.g6.zwu.entity.g6.SZWU6800Info">
		<result column="LN_KEIBI" jdbcType="CHAR" property="lnKeibi" />
		<result column="KEIBI_NAME1" jdbcType="CHAR" property="keibiName1" />
		<result column="KEIBI_ADDR" jdbcType="CHAR" property="keibiAddr" />
		<result column="isCheck" jdbcType="CHAR" property="isCheck" />
		<result column="UPDATE_TS" jdbcType="CHAR" property="updateTs" />
		<result column="LN_KEIBI_GROUP" jdbcType="CHAR" property="lnKeibiGroup" />
	</resultMap>
	<!-- 地区一覧情報の取得 -->
	<select id="selectSZWU6800Info" parameterType="java.util.HashMap" resultMap="BaseResultMap">
		SELECT
			T1.LN_KEIBI, /*-- LN_警備先論理番号 */
			T1.KEIBI_NAME1, /*-- 警備先名１ */
			CONCAT(T1.KEIBI_ADDR_1,T1.KEIBI_ADDR_2) AS KEIBI_ADDR /*-- 住所 */
		FROM
			R_KEIBI T1 /*-- 警備先 */
		INNER JOIN
			R_KEIYK_BUKKEN T2
		ON
			T2.LN_BUKKEN=T1.LN_BUKKEN /*--契約先-物件連関.LN_物件論理番号=警備先.LN_物件論理番号*/
		WHERE
			T2.DEL_FLG='0'
		AND
			T1.DEL_FLG='0'
		<if test=" null != lnKeiYK">
			AND T2.LN_KEIYK = #{lnKeiYK} /*--「利用者操作範囲取得関数」にて取得したLN_契約先論理番号 */
		</if>

		ORDER BY ${column} ${orderBy}

	</select>

	<!--地区一覧情報の取得( 警備先グループ-警備先連関) -->
	<select id="selectSZWU6800InfoWithGroup" parameterType="java.util.HashMap" resultMap="BaseResultMapWithGroup">
		SELECT
			T1.LN_KEIBI, /*-- LN_警備先論理番号 */
			T1.KEIBI_NAME1, /* -- 警備先名１ */
			CONCAT(T1.KEIBI_ADDR_1,T1.KEIBI_ADDR_2) AS KEIBI_ADDR, /*-- 住所 */
			(
				CASE WHEN T3.LN_KEIBI_GROUP = #{lnKeibiGroup}
				THEN 'checked' ELSE '' END
			) AS isCheck
		FROM
			R_KEIBI T1 /* -- 警備先 */
		INNER JOIN
			R_KEIYK_BUKKEN T2
		ON
			T2.LN_BUKKEN=T1.LN_BUKKEN /*--契約先-物件連関.LN_物件論理番号 =警備先.LN_物件論理番号*/
		LEFT JOIN
			R_KEIBI_GROUP_KEIBI T3
		ON
			T3.LN_KEIBI=T1.LN_KEIBI
		AND
			T3.DEL_FLG='0'
		AND
			T3.LN_KEIBI_GROUP = #{lnKeibiGroup}
		WHERE
			T2.DEL_FLG='0' AND T1.DEL_FLG='0'
		<if test=" null != lnKeiYK">
			AND T2.LN_KEIYK = #{lnKeiYK} /*--「利用者操作範囲取得関数」にて取得したLN_契約先論理番号 */
		</if>
		ORDER BY ${column} ${orderBy}
	</select>

	<!-- 警備先グループ-警備先連関一覧情報の取得 -->
	<select id="selectSZWU6800GroupInfo" parameterType="java.util.HashMap" resultMap="BaseResultMap">
		SELECT
			T1.LN_KEIBI, /*-- LN_警備先論理番号 */
			T1.KEIBI_NAME1, /*-- 警備先名１ */
			CONCAT(T1.KEIBI_ADDR_1,T1.KEIBI_ADDR_2) AS KEIBI_ADDR /*-- 住所 */
		FROM
			R_KEIBI T1 /* -- 警備先 */
		INNER JOIN
			R_KEIYK_BUKKEN T2
		ON
			T2.LN_BUKKEN=T1.LN_BUKKEN /* --契約先-物件連関.LN_物件論理番号=警備先.LN_物件論理番号*/
		LEFT JOIN
			R_KEIBI_GROUP_KEIBI T3
		ON
			T3.LN_KEIBI=T1.LN_KEIBI
		AND
			T3.DEL_FLG='0'
		WHERE
			T2.DEL_FLG='0'
		AND
			T1.DEL_FLG='0'
		AND
			T3.LN_KEIBI_GROUP = #{lnKeibiGroup}
		<if test=" null != lnKeiYK">
			AND T2.LN_KEIYK = #{lnKeiYK} /*--「利用者操作範囲取得関数」にて取得したLN_契約先論理番号 */
		</if>
	</select>

	<!-- 警備先グループ登録処理 -->
	<insert id="insertRKeibiGroup" parameterType="java.util.HashMap">
		INSERT INTO R_KEIBI_GROUP
		(
			LN_KEIBI_GROUP,
			PATH_INF,
			KEIBI_GROUP_NM,
			DEL_FLG,
			INSERT_ID,
			INSERT_NM,
			INSERT_TS,
			UPDATE_ID,
			UPDATE_NM,
			UPDATE_TS
		)
		VALUES
		(
			#{lnKeibiGroup},
			#{pathInf},
			#{keibiGroupNm},
			#{delFlg},
			#{insertId},
			#{insertNm},
			#{insertTs},
			#{updateId},
			#{updateNm},
			#{updateTs}
		)
	</insert>

	<!-- 警備先グループ登録処理 -->
	<update id="updateRKeibiGroup" parameterType="java.util.HashMap">
		UPDATE
			R_KEIBI_GROUP
		SET
			PATH_INF=#{pathInf},
			KEIBI_GROUP_NM=#{keibiGroupNm},
			DEL_FLG=#{delFlg},
			UPDATE_ID=#{updateId},
			UPDATE_NM=#{updateNm},
			UPDATE_TS=#{updateTs}
		WHERE
			LN_KEIBI_GROUP=#{lnKeibiGroup}
	</update>

	<!-- 警備先グループ-警備先連関登録処理 -->
	<insert id="insertRKeibiGroupKeibi" parameterType="java.util.HashMap">
		INSERT INTO R_KEIBI_GROUP_KEIBI
		(
			LN_KEIBI_GROUP,
			LN_KEIBI,
			DEL_FLG,
			INSERT_ID,
			INSERT_NM,
			INSERT_TS,
			UPDATE_ID,
			UPDATE_NM,
			UPDATE_TS
		)
		VALUES
		(
			#{lnKeibiGroup},
			#{lnKeibi},
			#{delFlg},
			#{insertId},
			#{insertNm},
			#{insertTs},
			#{updateId},
			#{updateNm},
			#{updateTs}
		)
	</insert>

	<!-- 警備先グループ-警備先連関登録処理 -->
	<update id="updateRKeibiGroupKeibi" parameterType="java.util.HashMap">
		UPDATE
			R_KEIBI_GROUP_KEIBI
		SET
			DEL_FLG=#{delFlg},
			UPDATE_ID=#{updateId},
			UPDATE_NM=#{updateNm},
			UPDATE_TS=#{updateTs}
		WHERE
			LN_KEIBI_GROUP=#{lnKeibiGroup}
		AND
			LN_KEIBI=#{lnKeibi}
	</update>

	<select id="searchRKeibiGroupKeibiCnt" resultType="java.lang.Integer">
		SELECT
			COUNT(1)
		FROM
			R_KEIBI_GROUP_KEIBI
		WHERE
			LN_KEIBI_GROUP = #{lnKeibiGroup}
		AND
			LN_KEIBI = #{lnKeibi}
		AND
			DEL_FLG = #{delFlg}
	</select>

	<!-- 警備先グループ情報の取得 -->
	<select id="searchRkeibiGroup" parameterType="java.util.HashMap" resultMap="BaseResultMapWithGroup">
		SELECT
			LN_KEIBI_GROUP,
			UPDATE_TS
		FROM
			R_KEIBI_GROUP
		WHERE 
			LN_KEIBI_GROUP = #{lnKeibiGroup}
		AND
			DEL_FLG = #{delFlg}
	</select>

	<!-- 警備先グループ情報を件数の取得 -->
	<select id="searchRkeibiGroupCnt" resultType="java.lang.Integer">
		SELECT
			COUNT(1)
		FROM
			R_KEIBI_GROUP
		WHERE
			LN_KEIBI_GROUP = #{lnKeibiGroup}
		AND
			DEL_FLG = #{delFlg}
		AND
			UPDATE_TS = #{updateTs}
	</select>
</mapper>
