<?xml version="1.0" encoding="UTF-8" ?>
<!DOCTYPE mapper PUBLIC "-//mybatis.org//DTD Mapper 3.0//EN" "http://mybatis.org/dtd/mybatis-3-mapper.dtd">
<mapper namespace="jp.co.alsok.g6.zwu.dao.mapper.g6.SZWU5700Mapper">
	<!-- 返却用 -->
	<resultMap id="BaseResultMap" type="jp.co.alsok.g6.zwu.entity.g6.SZWU5700Info">
		<id column="sdKobetuNm" jdbcType="CHAR" property="sdKobetuNm" />
		<result column="chiku" jdbcType="CHAR" property="chiku" />
		<result column="pathInf" jdbcType="CHAR" property="pathInf" />
		<result column="youbiCd" jdbcType="CHAR" property="youbiCd" />
		<result column="taikanTime" jdbcType="CHAR" property="taikanTime" />
		<result column="updateTs" jdbcType="CHAR" property="updateTs" />
		<result column="lnRKbSetWasure" jdbcType="CHAR" property="lnRKbSetWasure" />
		<result column="lnKbChiku" jdbcType="CHAR" property="lnKbChiku" />
	</resultMap>

	<!-- 地区プルダウン情報の取得 -->
	<select id="searchRKbChikuListInfo" resultMap="BaseResultMap">
		SELECT
			R.SD_KOBETU_NM AS sdKobetuNm,
			R.CHIKU AS chiku,
			R.PATH_INF AS pathInf,
			R.LN_KB_CHIKU AS lnKbChiku
		FROM
			A_USER_OPERATION_HANI A 
				INNER JOIN R_KB_CHIKU R 
				ON A.LN_ACNT_USER_COMMON = #{lnAcntUserCommon} 
				AND (
					A.PATH_INF = R.PATH_INF 
					OR A.PATH_INF = LEFT (R.PATH_INF, 41) 
					OR A.PATH_INF = LEFT (R.PATH_INF, 20)
				)
		WHERE
			R.ENTRY_STS = 1
			AND R.LN_KEIBI = #{lnKeibi}
		ORDER BY
			R.SUB_ADDR
	</select>

	<!-- 警備セット忘れ設定情報の取得 -->
	<select id="searchRKbSetWasureListInfo" resultMap="BaseResultMap">
		SELECT
			a.LN_R_KB_SET_WASURE AS lnRKbSetWasure,
			a.YOUBI_CD AS youbiCd,
			a.TAIKAN_TIME AS taikanTime,
			b.SD_KOBETU_NM AS sdKobetuNm,
			a.UPDATE_TS AS updateTs
		FROM
			R_KB_SET_WASURE a
				INNER JOIN R_KB_CHIKU b
					ON a.PATH_INF = b.PATH_INF
		WHERE
			a.DEL_FLG = 0
			AND b.DEL_FLG = 0
			AND b.CHIKU IN
		<foreach item="item" index="index" collection="chiku" open="(" separator="," close=")">
			#{item}
		</foreach>
			AND b.LN_KB_CHIKU IN
		<foreach item="item" index="index" collection="lnKbChiku" open="(" separator="," close=")">
			#{item}
		</foreach>
		ORDER BY
		<if test="orderByYoubiCd != null and orderByYoubiCd !=''">
			a.YOUBI_CD ${orderByYoubiCd},
			a.TAIKAN_TIME ASC
			,b.SUB_ADDR
		</if>
		<if test="orderByTaikanTime != null and orderByTaikanTime !=''">
			a.TAIKAN_TIME ${orderByTaikanTime},
			a.YOUBI_CD ASC
			,b.SUB_ADDR
		</if>
		LIMIT #{offset} , #{pageSize}
	</select>

	<!-- 警備セット忘れ設定情報の件数取得 -->
	<select id="searchRKbSetWasureListInfoCnt" resultType="java.lang.Integer">
		SELECT
		COUNT(a.LN_R_KB_SET_WASURE)
		FROM
		R_KB_SET_WASURE a
		INNER JOIN
		R_KB_CHIKU b
		ON a.PATH_INF = b.PATH_INF
		WHERE
		a.DEL_FLG = 0
		AND b.DEL_FLG = 0
		AND b.CHIKU IN
		<foreach item="item" index="index" collection="chiku" open="(" separator="," close=")">
			#{item}
		</foreach>
		AND b.LN_KB_CHIKU IN
        <foreach item="item" index="index" collection="lnKbChiku" open="(" separator="," close=")">
            #{item}
        </foreach>
		
	</select>

	<!-- LN_警備セット忘れ通知設定論理番号の取得 -->
	<select id="selectLnRKbSetWasures" resultMap="BaseResultMap">
		SELECT
		a.LN_R_KB_SET_WASURE AS lnRKbSetWasure
		FROM
		R_KB_SET_WASURE a
		INNER JOIN
		R_KB_CHIKU b ON a.PATH_INF = b.PATH_INF
		WHERE
		a.DEL_FLG = 0
		AND b.DEL_FLG =
		0
		AND a.TAIKAN_TIME = #{taikanTime}
		AND a.YOUBI_CD IN
		<foreach item="item" index="index" collection="dayOfTheWeek" open="(" separator="," close=")">
			#{item}
		</foreach>
		AND b.CHIKU IN
        <foreach item="item" index="index" collection="chiku" open="(" separator="," close=")">
            #{item}
        </foreach>
        AND b.LN_KB_CHIKU IN
        <foreach item="item" index="index" collection="lnKbChiku" open="(" separator="," close=")">
            #{item}
        </foreach>
	</select>

	<!-- 警備セット忘れ設定登録処理を行う -->
	<insert id="insertRKbSetWasure" parameterType="java.util.HashMap">
		INSERT INTO R_KB_SET_WASURE
		<trim prefix="(" suffix=")" suffixOverrides=",">
			LN_R_KB_SET_WASURE,
			<if test="pathInf != null">
				PATH_INF,
			</if>
			<if test="youbiCd != null">
				YOUBI_CD,
			</if>
			<if test="taikanTime != null">
				TAIKAN_TIME,
			</if>
			DEL_FLG,
			INSERT_ID,
			INSERT_NM,
			INSERT_TS,
			UPDATE_ID,
			UPDATE_NM,
			UPDATE_TS,
		</trim>
		<trim prefix="values (" suffix=")" suffixOverrides=",">
			#{lnRKbSetWasure},
			<if test="pathInf != null">
				#{pathInf},
			</if>
			<if test="youbiCd != null">
				#{youbiCd},
			</if>
			<if test="taikanTime != null">
				#{taikanTime},
			</if>
			'0',
			#{insertId},
			#{insertNm},
			#{insertTs},
			#{updateId},
			#{updateNm},
			#{updateTs},
		</trim>
	</insert>

	<!-- 警備セット忘れ設定削除処理 -->
	<select id="selectRKbSetWasure" resultType="java.lang.Integer">
		SELECT 
			COUNT(LN_R_KB_SET_WASURE) 
		FROM
			R_KB_SET_WASURE
		WHERE 0 = 0
		<if test="lnRKbSetWasure != null and lnRKbSetWasure != ''">
			AND LN_R_KB_SET_WASURE = #{lnRKbSetWasure}
		</if>
		<if test="selectedUpdateTs != null and selectedUpdateTs != ''">
			AND UPDATE_TS = #{selectedUpdateTs}
		</if>
	</select>

	<!-- 警備セット忘れ設定削除処理 -->
	<update id="updateRKbSetWasure" parameterType="java.util.HashMap">
		UPDATE R_KB_SET_WASURE
		<set>
			DEL_FLG = 1,
			<if test="updateId != null">
				UPDATE_ID = #{updateId},
			</if>
			<if test="updateNm != null">
				UPDATE_NM = #{updateNm},
			</if>
			<if test="updateTs != null">
				UPDATE_TS = #{updateTs},
			</if>
		</set>
		WHERE
		LN_R_KB_SET_WASURE = #{lnRKbSetWasure}
		AND UPDATE_TS = #{selectedUpdateTs}
	</update>

</mapper>