<?xml version="1.0" encoding="UTF-8" ?>
<!DOCTYPE mapper
        PUBLIC "-//mybatis.org//DTD Mapper 3.0//EN"
        "http://mybatis.org/dtd/mybatis-3-mapper.dtd">
<mapper namespace="jp.co.alsok.g6.zwu.dao.mapper.g6.SZWU2400Mapper">
	<resultMap id="BaseResultMap" type="jp.co.alsok.g6.zwu.entity.g6.SZWU2400Info">
		<result column="KEIBI_NM" jdbcType="CHAR" property="keibiNm" />
		<result column="HASSEI_TS" jdbcType="CHAR" property="hasseiTs" />
		<result column="SYUTAIKIN_KBN" jdbcType="CHAR" property="syutaikinKbn" />
		<result column="KOKUIN_NUM" jdbcType="CHAR" property="kokuinNum" />
		<result column="USER_NM" jdbcType="CHAR" property="userNm" />
		<result column="DEPA_NM" jdbcType="CHAR" property="depaNm" />
		<result column="POSI_NM" jdbcType="CHAR" property="posiNm" />
		<result column="USER_CD" jdbcType="CHAR" property="userCd" />
		<result column="GAZO_FILE_PATH" jdbcType="CHAR" property="gazoFilePath" />
	</resultMap>

	<!-- 取得出退勤画像情報 -->
	<select id="selecthAttendLogInfo" resultMap="BaseResultMap">
		SELECT
			KEIBI_NM,
			HASSEI_TS,
			SYUTAIKIN_KBN,
			KOKUIN_NUM,
			USER_NM,
			DEPA_NM,
			POSI_NM,
			USER_CD,
			GAZO_FILE_PATH
		FROM
			H_ATTEND_LOG
		WHERE
			LN_ATTEND_LOG = #{lnAttendLog}
	</select>
</mapper>