<?xml version="1.0" encoding="UTF-8" ?>
<!DOCTYPE mapper
        PUBLIC "-//mybatis.org//DTD Mapper 3.0//EN"
        "http://mybatis.org/dtd/mybatis-3-mapper.dtd">
<mapper
	namespace="jp.co.alsok.g6.zwu.dao.mapper.g6.SZWU9201Mapper">
	<!-- 返却用 -->
	<resultMap id="BaseResultMap" type="jp.co.alsok.g6.zwu.entity.g6.SZWU9201Info">
		<result column="keiyakuTantoNm" jdbcType="CHAR" property="keiyakuTantoNm" />
		<result column="keiyakuTantoNmKana" jdbcType="CHAR" property="keiyakuTantoNmKana" />
		<result column="lnKbChikuKnrnMeibo" jdbcType="CHAR" property="lnKbChikuKnrnMeibo" />
		<result column="meiboTitle" jdbcType="CHAR" property="meiboTitle" />
		<result column="orderNum" jdbcType="CHAR" property="orderNum" />
		<result column="updateTs" jdbcType="CHAR" property="updateTs" />
	</resultMap>
	<!-- 警備先緊急連絡先名簿一覧情報の取得 -->
	<select id="selectKbChikuInfo" resultMap="BaseResultMap">
		SELECT
		ck.KEIYAKU_TANTO_NM AS keiyakuTantoNm,
		ck.KEIYAKU_TANTO_NM_KANA AS keiyakuTantoNmKana,
		ck.UPDATE_TS AS updateTs,
		km.LN_KB_CHIKU_KNRN_MEIBO AS lnKbChikuKnrnMeibo,
		km.ORDER_NUM AS orderNum,
		km.MEIBO_TITLE AS meiboTitle
		FROM R_KB_CHIKU kc
		INNER JOIN R_KB_CHIKU_KNRN ck
		ON ck.LN_KB_CHIKU = kc.LN_KB_CHIKU
		INNER JOIN
		R_KB_CHIKU_KNRN_MEIBO_KANKEI mk
		ON mk.LN_KB_CHIKU = kc.LN_KB_CHIKU
		INNER JOIN R_KB_CHIKU_KNRN_MEIBO km
		ON km.LN_KB_CHIKU_KNRN_MEIBO_KANKEI = mk.LN_KB_CHIKU_KNRN_MEIBO_KANKEI
		WHERE kc.LN_KB_CHIKU=#{kbchiku}
		AND mk.MEIBO_KBN='1'
		AND kc.DEL_FLG='0'
		AND ck.DEL_FLG='0'
		AND mk.DEL_FLG='0'
		AND km.DEL_FLG='0'
		ORDER BY km.ORDER_NUM ASC
	</select>

	<!-- 警備先地区緊急連絡先更新の楽観ロック処理 -->
	<select id="selectKbChikuKnrn" parameterType="java.lang.String" resultType="int">
		SELECT
		COUNT(LN_KB_CHIKU)
		FROM
		R_KB_CHIKU_KNRN
		WHERE
	    UPDATE_TS > #{updateTs,jdbcType=CHAR}
		AND LN_KB_CHIKU = #{lnKbChiku,jdbcType=CHAR}
	</select>

	<!-- 警備先地区緊急連絡先更新処理を行う. -->
	<update id="updaterKbChikuKnrn"
		parameterType="java.util.HashMap">
		UPDATE R_KB_CHIKU_KNRN
		SET
		KEIYAKU_TANTO_NM =
		#{keiyakuTantoNm}
		,KEIYAKU_TANTO_NM_KANA = #{keiyakuTantoNmKana}
		,UPDATE_ID = #{UPDATE_ID}
		,UPDATE_NM = #{UPDATE_NM}
		,UPDATE_TS =
		#{UPDATE_TS}
		WHERE LN_KB_CHIKU = #{lnKbChiku}
	</update>
</mapper>