<?xml version="1.0" encoding="UTF-8" ?>
<!DOCTYPE mapper
        PUBLIC "-//mybatis.org//DTD Mapper 3.0//EN"
        "http://mybatis.org/dtd/mybatis-3-mapper.dtd">
<mapper namespace="jp.co.alsok.g6.zwu.dao.mapper.g6.SZWU9223Mapper">
	<!-- 返却用 -->
	<resultMap id="BaseResultMap" type="jp.co.alsok.g6.zwu.entity.g6.SZWU9223Info">
		<result column="lnKnrnMeiboKyukyu" jdbcType="CHAR" property="lnKnrnMeiboKyukyu" />
		<result column="knrnNm" jdbcType="CHAR" property="knrnNm" />
		<result column="knrnNmKana" jdbcType="CHAR" property="knrnNmKana" />
		<result column="sex" jdbcType="CHAR" property="sex" />
		<result column="birthday" jdbcType="CHAR" property="birthday" />
		<result column="disease" jdbcType="CHAR" property="disease" />
		<result column="hospitalNm" jdbcType="CHAR" property="hospitalNm" />
		<result column="hospitalAddr" jdbcType="CHAR" property="hospitalAddr" />
		<result column="hospitalTelNum" jdbcType="CHAR" property="hospitalTelNum" />
		<result column="hospitalTantoNm" jdbcType="CHAR" property="hospitalTantoNm" />
		<result column="updateNm" jdbcType="CHAR" property="updateNm" />
		<result column="updateTs" jdbcType="DATE" property="updateTs" />
	</resultMap>
	<!-- 警備先地区救急情報名簿詳細の取得 -->
	<select id="selectMeiboKyukyuInfo" resultMap="BaseResultMap">
		select LN_KNRN_MEIBO_KYUKYU as lnKnrnMeiboKyukyu
		,KNRN_NM as knrnNm
		,KNRN_NM_KANA as knrnNmKana
		,SEX as sex
		,BIRTHDAY as birthday
		,DISEASE as disease
		,HOSPITAL_NM as hospitalNm
		,HOSPITAL_ADDR as hospitalAddr
		,HOSPITAL_TEL_NUM as hospitalTelNum
		,HOSPITAL_TANTO_NM as hospitalTantoNm
		,UPDATE_NM as updateNm
		,UPDATE_TS as updateTs
		from R_KNRN_MEIBO_KYUKYU
		where
		LN_KNRN_MEIBO_KYUKYU=#{lnKnrnMeiboKyukyu}
		and DEL_FLG='0'
		<if test="updateTs != null and updateTs !=''">
			AND UPDATE_TS > #{updateTs}
		</if>
	</select>
	<!-- 警備先地区救急情報名簿詳細の更新処理. -->
	<update id="updateMeiboKyukyuInfo" parameterType="java.util.HashMap">
		UPDATE R_KNRN_MEIBO_KYUKYU
		SET
		KNRN_NM = #{knrnNm}
		,KNRN_NM_KANA = #{knrnNmKana}
		,SEX = #{sex}
		,BIRTHDAY = #{birthday}
		,DISEASE = #{disease}
		,HOSPITAL_NM = #{hospitalNm}
		,HOSPITAL_ADDR = #{hospitalAddr}
		,HOSPITAL_TEL_NUM = #{hospitalTelNum}
		,HOSPITAL_TANTO_NM = #{hospitalTantoNm}
		,UPDATE_ID = #{lnAcntUserCommon}
		,UPDATE_NM = #{acntNm}
		,UPDATE_TS = SYSDATE()
		WHERE
		LN_KNRN_MEIBO_KYUKYU=#{lnKnrnMeiboKyukyu}
	</update>
</mapper>