<?xml version="1.0" encoding="UTF-8" ?>
<!DOCTYPE mapper
        PUBLIC "-//mybatis.org//DTD Mapper 3.0//EN"
        "http://mybatis.org/dtd/mybatis-3-mapper.dtd">
<mapper namespace="jp.co.alsok.g6.zwu.dao.mapper.g6.SZWU0000Mapper">
	<!-- 返却用 -->
	<resultMap id="BaseResultMap" type="jp.co.alsok.g6.zwu.entity.g6.SZWU0000Info">
		<id column="LN_ACNT_USER_COMMON" jdbcType="CHAR" property="lnAcntUserCommon" />
		<result column="ACNT_NM" jdbcType="CHAR" property="acntNm" />
		<result column="ACNT_NM_KANA" jdbcType="CHAR" property="acntNmKana" />
		<result column="ML_ADDR" jdbcType="CHAR" property="mlAddr" />
		<result column="PASSWD" jdbcType="CHAR" property="passWd" />
		<result column="ML_SEND_STS" jdbcType="CHAR" property="mlSendSts" />
		<result column="CHECK_STS" jdbcType="CHAR" property="checkSts" />
		<result column="ACNT_USER_KBN" jdbcType="CHAR" property="acntUserKbn" />
		<result column="UPDATE_TS" jdbcType="DATE" property="updateTs" />
	</resultMap>
	<!-- アカウント情報の取得 -->
	<select id="selectLoginUserInfo" resultMap="BaseResultMap">
		SELECT
		k.LN_ACNT_USER_COMMON,
		k.ACNT_NM,
		k.ACNT_NM_KANA,
		k.ML_ADDR,
		k.PASSWD,
		k.ACNT_USER_KBN,
		a.ML_SEND_STS,
		a.CHECK_STS,
		a.UPDATE_TS
		FROM commondb.K_ACNT_USER_COMMON k
		INNER JOIN A_ACNT_USER a
		ON a.LN_ACNT_USER_COMMON = k.LN_ACNT_USER_COMMON
		WHERE k.ACNT_ID = #{mlAddr}
		<if test="updateTs != null">
			AND a.UPDATE_TS = '${updateTs}'
		</if>
	</select>
	
	<!-- 利用者アカウントをパスワードロックする -->
	<update id="updatePasswordLock" parameterType="java.util.HashMap">
		UPDATE A_ACNT_USER
		set
		CHECK_STS = #{checkSts}
		,UPDATE_ID = #{updateId}
		,UPDATE_NM = #{updateNm}
		,UPDATE_TS = #{updateTs}
		where LN_ACNT_USER_COMMON = #{acntUserCommon};
	</update>
	
	<!-- 前回ログイン日時更新 -->
	<update id="updateLoginlastLoginTs" parameterType="java.util.HashMap">
		UPDATE A_ACNT_USER
		<set>
			LAST_LOGIN_TS = #{lastLoginTs}
			,UPDATE_ID = #{updateId}
			,UPDATE_NM = #{updateNm}
			,UPDATE_TS = #{updateTs}
		</set>
		where LN_ACNT_USER_COMMON = #{acntUserCommon};
	</update>
	
	<!-- チケット#4471 START -->
	<!-- PC通知内容の取得 -->
	<select id="getPcNoticeContent" resultType="java.lang.String">
		SELECT PC_NOTICE_CONTENT FROM 
		R_EXT_INFO_NOTICE 
		WHERE NOTICE_KIND = '1' AND DEL_FLG = '0' 
		ORDER BY INSERT_TS DESC LIMIT 1;
	</select>
	<!-- チケット#4471 END -->
	
</mapper>