<?xml version="1.0" encoding="UTF-8" ?>
<!DOCTYPE mapper
        PUBLIC "-//mybatis.org//DTD Mapper 3.0//EN"
        "http://mybatis.org/dtd/mybatis-3-mapper.dtd">
<mapper namespace="jp.co.alsok.g6.zwu.dao.mapper.g6.SZWU6300Mapper">
	<!-- 返却用 -->
	<resultMap id="BaseResultMap" type="jp.co.alsok.g6.zwu.entity.g6.SZWU6300Info">
		<id column="LN_ALSOK_NOTICE" jdbcType="CHAR" property="lnHAlsokNotice" />
		<result column="SEND_TS" jdbcType="CHAR" property="sendTs" />
		<result column="TITLE" jdbcType="CHAR" property="title" />
		<result column="RGST_TS" jdbcType="CHAR" property="rgstTs" />
		<result column="BODY" jdbcType="CHAR" property="body" />
		<result column="SEND_TYPE" jdbcType="CHAR" property="sendType" />
		<result column="SEND_METHOD" jdbcType="CHAR" property="sendMethod" />
		<result column="FLG_ML_SEND_SVC_KIND" jdbcType="CHAR" property="flgMlSendSvcKind" />
		<result column="LN_ML_TRIG" jdbcType="CHAR" property="lnMlTrig" />
	</resultMap>

	<!-- 次期警備の場合、お知らせの一覧情報を取得する -->
	<select id="getG6HAlsokNoticeListInfo" resultMap="BaseResultMap">
		SELECT
            RAN.LN_ALSOK_NOTICE AS LN_ALSOK_NOTICE,
            RAN.SEND_TS AS SEND_TS,
            RAN.TITLE AS TITLE,
            RAN.RGST_TS AS RGST_TS,
            RAN.BODY AS BODY
        FROM R_ALSOK_NOTICE RAN
        WHERE (RAN.FLG_SEND_SVC_KIND LIKE CONCAT('%','201','%')
            OR RAN.FLG_SEND_SVC_KIND LIKE CONCAT('%','202','%')
            <if test="flgSendSvcKind !='' and flgSendSvcKind !=null">
                OR RAN.FLG_SEND_SVC_KIND LIKE CONCAT('%',#{flgSendSvcKind},'%')
            </if>
            )
            AND RAN.SEND_FLG = '1'
            AND RAN.DEL_FLG = '0'
            AND DATE_FORMAT(RAN.SEND_TS,'%Y%m%d') &gt;= #{fromDate}
            AND DATE_FORMAT(RAN.SEND_TS,'%Y%m%d') &lt;= #{toDate}
        ORDER BY
		<!-- 「検索」ボタンを押下し -->
		<if test="sortName != null and sortName ==''">
			SEND_TS DESC,
			LN_ALSOK_NOTICE DESC
		</if>
		<!-- 日時ソート順 -->
		<if test="sortName != null and sortName =='orderBySendTs'">
			SEND_TS ${sortOrder}
		</if>

		LIMIT #{offset} , #{pageSize}
	</select>

	<!-- 次期警備の場合、検索結果一覧の件数を取得する(nextページ処理用) -->
	<select id="getG6HAlsokNoticeListInfoCnt" resultType="java.lang.Integer">
		SELECT
			COUNT(RAN.SEND_TS)
		FROM R_ALSOK_NOTICE RAN
        WHERE (RAN.FLG_SEND_SVC_KIND LIKE CONCAT('%','201','%')
            OR RAN.FLG_SEND_SVC_KIND LIKE CONCAT('%','202','%'))
            AND RAN.SEND_FLG = '1'
            AND RAN.DEL_FLG = '0'
            AND DATE_FORMAT(RAN.SEND_TS,'%Y%m%d') &gt;= #{fromDate}
            AND DATE_FORMAT(RAN.SEND_TS,'%Y%m%d') &lt;= #{toDate}
	</select>

    <!-- 次期警備の場合、お知らせの一覧情報を取得する -->
    <select id="getG6GhsHAlsokNoticeListInfo" resultMap="BaseResultMap">
        SELECT
            RAN.LN_ALSOK_NOTICE AS LN_ALSOK_NOTICE,
            RAN.SEND_TS AS SEND_TS,
            RAN.TITLE AS TITLE,
            RAN.RGST_TS AS RGST_TS,
            RAN.BODY AS BODY
        FROM R_ALSOK_NOTICE RAN
        WHERE (RAN.FLG_SEND_SVC_KIND LIKE CONCAT('%','201','%')
            OR RAN.FLG_SEND_SVC_KIND LIKE CONCAT('%','202','%')
            <if test="flgSendSvcKind !='' and flgSendSvcKind !=null">
                OR RAN.FLG_SEND_SVC_KIND LIKE CONCAT('%',#{flgSendSvcKind},'%')
            </if>
            )
            AND RAN.SEND_FLG = '1'
            AND RAN.DEL_FLG = '0'
            AND DATE_FORMAT(RAN.SEND_TS,'%Y%m%d') &gt;= #{fromDate}
            AND DATE_FORMAT(RAN.SEND_TS,'%Y%m%d') &lt;= #{toDate}
    </select>
</mapper>
