<?xml version="1.0" encoding="UTF-8" ?>
<!DOCTYPE mapper
        PUBLIC "-//mybatis.org//DTD Mapper 3.0//EN"
        "http://mybatis.org/dtd/mybatis-3-mapper.dtd">
<mapper namespace="jp.co.alsok.g6.zwu.dao.mapper.g6.SZWU1300Mapper">
	<!-- 返却用 -->
	<resultMap id="BaseResultMap" type="jp.co.alsok.g6.zwu.entity.g6.SZWU1300Info">
		<result column="sigHasseiTs" jdbcType="CHAR" property="sigHasseiTs" />
		<result column="kbAreaNm" jdbcType="CHAR" property="kbAreaNm" />
		<result column="devNm" jdbcType="CHAR" property="devNm" />
		<result column="videoFileName" jdbcType="CHAR" property="videoFileName" />
		<result column="lnKbInf" jdbcType="CHAR" property="lnKbInf" />
		<result column="body" jdbcType="CHAR" property="body" />
	</resultMap>

	<!-- 処置結果を取得する(次期警備). -->
	<select id="getESyochiKekkaRecvInfo" resultType="java.lang.String">
		SELECT
			E.RECV_MSG
		FROM
			E_SYOCHI_KEKKA_RECV E
		WHERE
			E.LN_KB_INF = #{lnKbInf}
			LIMIT 1
	</select>

	<!-- センサー検知履歴情報を取得する(次期警備). -->
	<select id="getSensorDetectionHistoryInfoList" resultMap="BaseResultMap">
		SELECT
			DISTINCT
			EK.SIG_HASSEI_TS AS sigHasseiTs,
			EKA.KB_AREA_NM AS kbAreaNm,
			EK.DEV_NM AS devNm,
			EK.VIDEO_FILE_NAME AS videoFileName,
			EKN.LN_KB_INF AS lnKbInf,
			EKN.BODY AS body
		FROM
			E_KB_INF EK
			LEFT JOIN E_KB_NOTICE EKN
			ON  EK.LN_KB_INF = EKN.LN_KB_INF
			INNER JOIN R_DEV RD
			ON  EK.DEV_NUM = RD.SD_DEV_NUM
			LEFT JOIN R_KB_AREA EKA
			ON  RD.LN_KB_AREA = EKA.LN_KB_AREA
		WHERE
			EKN.LN_KB_INF = #{lnKbInf}
			AND RD.LN_KB_CHIKU = #{lnKbChiku}
		ORDER BY
			<!-- 初期検索の場合 -->
			<if test="eSyochiKekkaRecvInfoType != null and eSyochiKekkaRecvInfoType ==1">
				EK.SIG_HASSEI_TS DESC
			</if>
			<!-- ソート検索の場合 -->
			<if test="eSyochiKekkaRecvInfoType != null and eSyochiKekkaRecvInfoType ==2">
				EK.SIG_HASSEI_TS ${sigHasseiTsSort}
			</if>
	</select>

</mapper>
