<?xml version="1.0" encoding="UTF-8" ?>
<!DOCTYPE mapper
        PUBLIC "-//mybatis.org//DTD Mapper 3.0//EN"
        "http://mybatis.org/dtd/mybatis-3-mapper.dtd">
<mapper namespace="jp.co.alsok.g6.zwu.dao.mapper.g6.SZWU5200Mapper">
	<!-- 返却用 -->
	<resultMap id="BaseResultMap" type="jp.co.alsok.g6.zwu.entity.g6.SZWU5200Info">
		<id column="LN_KB_CHIKU" jdbcType="CHAR" property="lnKbChiku" />
		<result column="PATH_INF" jdbcType="CHAR" property="pathInf" />
		<result column="SD_KOBETU_NM" jdbcType="CHAR" property="sdKobetuNm" />
		<result column="SD_DEV_NM" jdbcType="CHAR" property="sdDevNm" />
		<result column="chiku" jdbcType="CHAR" property="chiku" />
	</resultMap>

	<!-- 検索結果一覧の取得 -->
	<select id="searchInfoList" resultMap="BaseResultMap">
		SELECT
		T1.LN_KB_CHIKU AS LN_KB_CHIKU,
		T1.PATH_INF AS PATH_INF,
		T1.SD_KOBETU_NM AS SD_KOBETU_NM,
		T1.CHIKU AS chiku,
		GROUP_CONCAT(T2.SD_DEV_NM separator '/') AS SD_DEV_NM
		FROM
		R_KB_CHIKU T1
		LEFT JOIN R_DEV T2 ON
		T1.LN_KB_CHIKU = T2.LN_KB_CHIKU
		AND T2.DEL_FLG = '0'
		WHERE
		T1.LN_KEIBI = #{lnKeibi}
		AND T1.DEL_FLG = '0'
		GROUP BY
		T1.LN_KB_CHIKU,
		T1.PATH_INF,
		T1.SD_KOBETU_NM
		ORDER BY
		<if test="orderBy != null and orderBy.length() > 0">
			T1.SD_KOBETU_NM ${orderBy}
		</if>
		<if test="orderBy == null or orderBy.length() == 0">
			T1.SUB_ADDR ASC
		</if>
	</select>

</mapper>
