<?xml version="1.0" encoding="UTF-8" ?>
<!DOCTYPE mapper
        PUBLIC "-//mybatis.org//DTD Mapper 3.0//EN"
        "http://mybatis.org/dtd/mybatis-3-mapper.dtd">
<mapper namespace="jp.co.alsok.g6.zwu.dao.mapper.g6.SZWU9200Mapper">
	<!-- 返却用 -->
	<resultMap id="BaseResultMap" type="jp.co.alsok.g6.zwu.entity.g6.SZWU9200Info">
		<result column="lnKbChiku" jdbcType="CHAR" property="lnKbChiku" />
		<result column="sdKobetuNm" jdbcType="CHAR" property="sdKobetuNm" />
		<!-- チケット＃3803 START -->
		<result column="GSHS_FLG" jdbcType="CHAR" property = "gshsflg"/>
		<result column="KEIYAKU_KIND2" jdbcType="CHAR" property = "keiyakukind2"/>
		<!-- チケット＃3803 END -->
	</resultMap>
	<!-- 地区名の取得 -->
	<select id="selectKbChikuInfo" resultMap="BaseResultMap">
		SELECT
			T2.LN_KB_CHIKU AS lnKbChiku,
			T2.SD_KOBETU_NM  AS sdKobetuNm
		FROM R_KEIBI T
		INNER JOIN R_KB_CHIKU T2 ON T2.LN_KEIBI = T.LN_KEIBI
		INNER JOIN A_USER_OPERATION_HANI A
		    ON A.LN_ACNT_USER_COMMON = #{lnAcntUserCommon} 
		    AND (
		      A.PATH_INF = T2.PATH_INF 
		      OR A.PATH_INF = LEFT (T2.PATH_INF, 41) 
		      OR A.PATH_INF = LEFT (T2.PATH_INF, 20)
		    )
		WHERE T.LN_KEIBI = #{keibi}
			AND T.DEL_FLG='0'
			AND T2.DEL_FLG='0'
		ORDER BY
			T2.SUB_ADDR
	</select>
	
	<!-- チケット＃3803 START -->
	<!-- GSHSフラグ情報の取得（次期） -->
	<select id="selectGSHSflgInfo" resultMap="BaseResultMap">
		SELECT 
			GSHS_FLG,
			KEIYAKU_KIND2
		from R_KEIBI
		WHERE LN_KEIBI = #{keibi}
			AND DEL_FLG = '0'
	</select>
	<!-- チケット＃3803 END -->
</mapper>