<?xml version="1.0" encoding="UTF-8" ?>
<!DOCTYPE mapper
        PUBLIC "-//mybatis.org//DTD Mapper 3.0//EN"
        "http://mybatis.org/dtd/mybatis-3-mapper.dtd">
<mapper namespace="jp.co.alsok.g6.zwu.dao.mapper.g6.SZWU9210Mapper">
	<!-- 返却用 -->
	<resultMap id="BaseResultMap" type="jp.co.alsok.g6.zwu.entity.g6.SZWU9210Info">
		<result column="lnKbChiku" jdbcType="CHAR" property="lnKbChiku" />
		<result column="lastUpdateTs" jdbcType="CHAR" property="lastUpdateTs" />
		<result column="lastUpdateNm" jdbcType="CHAR" property="lastUpdateNm" />
		<result column="fukaInfo1" jdbcType="CHAR" property="fukaInfo1" />
		<result column="fukaInfo2" jdbcType="CHAR" property="fukaInfo2" />
		<result column="updateTs" jdbcType="CHAR" property="updateTs" />
		<result column="newFlag" jdbcType="CHAR" property="newFlag" />
		<result column="lnKnrnMeiboDtlDokyo" jdbcType="CHAR" property="lnKnrnMeiboDtlDokyo" />
		<result column="orderNum" jdbcType="CHAR" property="orderNum" />
		<result column="knrnNm" jdbcType="CHAR" property="knrnNm" />
		<result column="knrnNmKana" jdbcType="CHAR" property="knrnNmKana" />
		<result column="zokugaraCd" jdbcType="CHAR" property="zokugaraCd" />
		<result column="zokugara" jdbcType="CHAR" property="zokugara" />
		<result column="birthday" jdbcType="CHAR" property="birthday" />
		<result column="lnKbChikuKnrn" jdbcType="CHAR" property="lnKbChikuKnrn" />
		<result column="lnKbChikuKnrnMeiboKankei" jdbcType="CHAR" property="lnKbChikuKnrnMeiboKankei" />
	</resultMap>
	<!-- 緊急連絡先情報の取得 -->
	<select id="selectKbChikuInfo" resultMap="BaseResultMap">
		select
		R.LN_KB_CHIKU as lnKbChiku
		from
		A_USER_OPERATION_HANI A 
		INNER JOIN R_KB_CHIKU R 
		    ON A.LN_ACNT_USER_COMMON = #{lnAcntUserCommon} 
		    AND (
		      A.PATH_INF = R.PATH_INF 
		      OR A.PATH_INF = LEFT (R.PATH_INF, 41) 
		      OR A.PATH_INF = LEFT (R.PATH_INF, 20)
		    )
		where
		R.LN_KEIBI = #{keibi}
		and R.DEL_FLG = '0'
		order by R.SUB_ADDR,LN_KEIBI
	</select>
	<!-- 同居家族名簿情報の取得. -->
	<select id="selectrKbChikuKnrnMeiboKankei" resultMap="BaseResultMap">
		select
		UPDATE_TS as lastUpdateTs,
		UPDATE_NM as lastUpdateNm,
		FUKA_INFO_1 as fukaInfo1,
		FUKA_INFO_2 as fukaInfo2,
		LN_KB_CHIKU_KNRN_MEIBO_KANKEI as lnKbChikuKnrnMeiboKankei
		from
		R_KB_CHIKU_KNRN_MEIBO_KANKEI
		where
		LN_KB_CHIKU = #{kbChiku}
		AND MEIBO_KBN = '2'
		AND DEL_FLG = '0'
	</select>
	<!-- 同居家族名簿詳細情報の取得. -->
	<select id="selectrKnrnMeiboDtlDokyo" resultMap="BaseResultMap">
		select
		d.UPDATE_TS as updateTs,
		'0' as newFlag,
		d.LN_KNRN_MEIBO_DTL_DOKYO as lnKnrnMeiboDtlDokyo,
		d.LN_KB_CHIKU_KNRN_MEIBO_KANKEI as lnKbChikuKnrnMeiboKankei,
		d.ORDER_NUM as orderNum,
		d.KNRN_NM as knrnNm,
		d.KNRN_NM_KANA as knrnNmKana,
		d.ZOKUGARA_CD as zokugaraCd,
		d.ZOKUGARA as zokugara,
		d.BIRTHDAY as birthday
		from
        R_KNRN_MEIBO_DTL_DOKYO d
        INNER JOIN  R_KB_CHIKU_KNRN_MEIBO_KANKEI rk
        on rk.LN_KB_CHIKU_KNRN_MEIBO_KANKEI = d.LN_KB_CHIKU_KNRN_MEIBO_KANKEI
		where
		rk.LN_KB_CHIKU = #{kbChiku}
		and rk.MEIBO_KBN = '2'
		and rk.DEL_FLG = '0'
		and d.DEL_FLG = '0'
		order by d.ORDER_NUM ASC
	</select>
	
	<!-- 警備先地区緊急連絡先名簿関係登録処理を行う. -->
	<insert id="insertChikuKnrnMeiboKankei" parameterType="jp.co.alsok.g6.db.entity.g6.RKbChikuKnrnMeiboKankei">
		INSERT INTO R_KB_CHIKU_KNRN_MEIBO_KANKEI
		<trim prefix="(" suffix=")" suffixOverrides=",">
			<if test="LN_KB_CHIKU_KNRN_MEIBO_KANKEI != null">
				LN_KB_CHIKU_KNRN_MEIBO_KANKEI,
			</if>
			<if test="LN_KB_CHIKU != null">
				LN_KB_CHIKU,
			</if>
			<if test="MEIBO_KBN != null">
				MEIBO_KBN,
			</if>
			<if test="SERVICE_FLG != null">
				SERVICE_FLG,
			</if>
			<if test="FUKA_INFO_1 != null">
				FUKA_INFO_1,
			</if>
			<if test="FUKA_INFO_2 != null">
				FUKA_INFO_2,
			</if>
			<if test="DEL_FLG != null">
				DEL_FLG,
			</if>
			<if test="INSERT_ID != null">
				INSERT_ID,
			</if>
			<if test="INSERT_NM != null">
				INSERT_NM,
			</if>
			<if test="INSERT_TS != null">
				INSERT_TS,
			</if>
			<if test="UPDATE_ID != null">
				UPDATE_ID,
			</if>
			<if test="UPDATE_NM != null">
				UPDATE_NM,
			</if>
			<if test="UPDATE_TS != null">
				UPDATE_TS,
			</if>
		</trim>
		<trim prefix="values (" suffix=")" suffixOverrides=",">
			<if test="LN_KB_CHIKU_KNRN_MEIBO_KANKEI != null">
				#{LN_KB_CHIKU_KNRN_MEIBO_KANKEI},
			</if>
			<if test="LN_KB_CHIKU != null">
				#{LN_KB_CHIKU},
			</if>
			<if test="MEIBO_KBN != null">
				#{MEIBO_KBN},
			</if>
			<if test="SERVICE_FLG != null">
				#{SERVICE_FLG},
			</if>
			<if test="FUKA_INFO_1 != null">
				#{FUKA_INFO_1},
			</if>
			<if test="FUKA_INFO_2 != null">
				#{FUKA_INFO_2},
			</if>
			<if test="DEL_FLG != null">
				#{DEL_FLG},
			</if>
			<if test="INSERT_ID != null">
				#{INSERT_ID},
			</if>
			<if test="INSERT_NM != null">
				#{INSERT_NM},
			</if>
			<if test="INSERT_TS != null">
				#{INSERT_TS},
			</if>
			<if test="UPDATE_ID != null">
				#{UPDATE_ID},
			</if>
			<if test="UPDATE_NM != null">
				#{UPDATE_NM},
			</if>
			<if test="UPDATE_TS != null">
			   #{UPDATE_TS}
			</if>
		</trim>
	</insert>
	
	<!-- 警備先地区緊急連絡先更新処理を行う. -->
	<update id="updateChikuKnrn" parameterType="java.util.HashMap">
		UPDATE R_KB_CHIKU_KNRN
		SET
		UPDATE_ID = #{lnAcntUserCommon}
		,UPDATE_NM = #{acntNm}
		,UPDATE_TS =
		SYSDATE()
		WHERE LN_KB_CHIKU_KNRN = #{kbChikuKnrn}
		AND DEL_FLG='0';
	</update>
	
	<!-- 警備先地区緊急連絡先名簿関係更新処理を行う. -->
	<update id="updateChikuKnrnMeiboKankei" parameterType="java.util.HashMap">
		UPDATE R_KB_CHIKU_KNRN_MEIBO_KANKEI
		SET
		FUKA_INFO_1 = #{fukaInfo1}
		,FUKA_INFO_2 = #{fukaInfo2}
		,UPDATE_ID = #{updateId}
		,UPDATE_NM = #{updateNm}
		,UPDATE_TS = #{updateTs}
		WHERE 
		LN_KB_CHIKU_KNRN_MEIBO_KANKEI = #{lnKbChikuKnrnMeiboKankei}
		AND MEIBO_KBN = '2'
		AND DEL_FLG = '0'
		AND UPDATE_TS = #{lastUpdateTs}
	</update>
	<!-- 警備先地区緊急連絡先登録処理を行う. -->
	<insert id="insertChikuKnrn" parameterType="jp.co.alsok.g6.db.entity.g6.RKbChikuKnrn">
		INSERT INTO R_KB_CHIKU_KNRN
		<trim prefix="(" suffix=")" suffixOverrides=",">
			<if test="LN_KB_CHIKU_KNRN != null">
				LN_KB_CHIKU_KNRN,
			</if>
			<if test="LN_KB_CHIKU != null">
				LN_KB_CHIKU,
			</if>
			<if test="RENRAKU_KBN != null">
				RENRAKU_KBN,
			</if>
			<if test="KANRI_NM != null">
				KANRI_NM,
			</if>
			<if test="KANRI_NM_KANA != null">
				KANRI_NM_KANA,
			</if>
			<if test="KANRI_TEL_NUM != null">
				KANRI_TEL_NUM,
			</if>
			<if test="TOUKATU_NM != null">
				TOUKATU_NM,
			</if>
			<if test="TOUKATU_ADDR != null">
				TOUKATU_ADDR,
			</if>
			<if test="TOUKATU_TEL_NUM != null">
				TOUKATU_TEL_NUM,
			</if>
			<if test="KEIYAKU_TANTO_NM != null">
				KEIYAKU_TANTO_NM,
			</if>
			<if test="KEIYAKU_TANTO_NM_KANA != null">
				KEIYAKU_TANTO_NM_KANA,
			</if>
			<if test="JIGYO_EIGYOU_CD != null">
				JIGYO_EIGYOU_CD,
			</if>
			<if test="ALSOK_TANTO_NM != null">
				ALSOK_TANTO_NM,
			</if>
			<if test="EIGYO_TANTO_NM != null">
				EIGYO_TANTO_NM,
			</if>
			<if test="DEL_FLG != null">
				DEL_FLG,
			</if>
			<if test="INSERT_ID != null">
				INSERT_ID,
			</if>
			<if test="INSERT_NM != null">
				INSERT_NM,
			</if>
			INSERT_TS,
			<if test="UPDATE_ID != null">
				UPDATE_ID,
			</if>
			<if test="UPDATE_NM != null">
				UPDATE_NM,
			</if>
			UPDATE_TS,
		</trim>
		<trim prefix="values (" suffix=")" suffixOverrides=",">
			<if test="LN_KB_CHIKU_KNRN != null">
				#{LN_KB_CHIKU_KNRN},
			</if>
			<if test="LN_KB_CHIKU != null">
				#{LN_KB_CHIKU},
			</if>
			<if test="RENRAKU_KBN != null">
				#{RENRAKU_KBN},
			</if>
			<if test="KANRI_NM != null">
				#{KANRI_NM},
			</if>
			<if test="KANRI_NM_KANA != null">
				#{KANRI_NM_KANA},
			</if>
			<if test="KANRI_TEL_NUM != null">
				#{KANRI_TEL_NUM},
			</if>
			<if test="TOUKATU_NM != null">
				#{TOUKATU_NM},
			</if>
			<if test="TOUKATU_ADDR != null">
				#{TOUKATU_ADDR},
			</if>
			<if test="TOUKATU_TEL_NUM != null">
				#{TOUKATU_TEL_NUM},
			</if>
			<if test="KEIYAKU_TANTO_NM != null">
				#{KEIYAKU_TANTO_NM},
			</if>
			<if test="KEIYAKU_TANTO_NM_KANA != null">
				#{KEIYAKU_TANTO_NM_KANA},
			</if>
			<if test="JIGYO_EIGYOU_CD != null">
				#{JIGYO_EIGYOU_CD},
			</if>
			<if test="ALSOK_TANTO_NM != null">
				#{ALSOK_TANTO_NM},
			</if>
			<if test="EIGYO_TANTO_NM != null">
				#{EIGYO_TANTO_NM},
			</if>
			<if test="DEL_FLG != null">
				#{DEL_FLG},
			</if>
			<if test="INSERT_ID != null">
				#{INSERT_ID},
			</if>
			<if test="INSERT_NM != null">
				#{INSERT_NM},
			</if>
			NOW(),
			<if test="UPDATE_ID != null">
				#{UPDATE_ID},
			</if>
			<if test="UPDATE_NM != null">
				#{UPDATE_NM},
			</if>
			NOW(),
		</trim>
	</insert>
	
	<!-- 警備先地区同居家族名簿詳細削除処理を行う. -->
	<update id="deleteRKnrnMeiboDtlDokyo" parameterType="java.util.HashMap">
        UPDATE R_KNRN_MEIBO_DTL_DOKYO
		SET
		DEL_FLG = '1'
		,UPDATE_ID = #{updateId}
		,UPDATE_NM = #{updateNm}
		,UPDATE_TS = #{updateTs1}
		WHERE 
		LN_KNRN_MEIBO_DTL_DOKYO = #{lnKnrnMeiboDtlDokyo}
		AND UPDATE_TS = #{updateTs2};
	</update>
	<!-- 警備先地区同居家族名簿詳細登録処理を行う. -->
	<insert id="insertRKnrnMeiboDtlDokyo" parameterType="java.util.HashMap">
		INSERT INTO R_KNRN_MEIBO_DTL_DOKYO
		<trim prefix="(" suffix=")" suffixOverrides=",">
			<if test="lnKnrnMeiboDtlDokyo != null">
				LN_KNRN_MEIBO_DTL_DOKYO,
			</if>
			<if test="lnKbChikuKnrnMeiboKankei != null">
				LN_KB_CHIKU_KNRN_MEIBO_KANKEI,
			</if>
			<if test="orderNum != null">
				ORDER_NUM,
			</if>
			<if test="knrnNm != null">
				KNRN_NM,
			</if>
			<if test="knrnNmKana != null">
				KNRN_NM_KANA,
			</if>
			<if test="zokugaraCd != null">
				ZOKUGARA_CD,
			</if>
			<if test="zokugara != null">
				ZOKUGARA,
			</if>
			<if test="birthday != null">
				BIRTHDAY,
		    </if>
				DEL_FLG,
			<if test="INSERT_ID != null">
				INSERT_ID,
			</if>
			<if test="INSERT_NM != null">
				INSERT_NM,
			</if>
			<if test="INSERT_TS != null">
			    INSERT_TS,
			</if>
			<if test="UPDATE_ID != null">
				UPDATE_ID,
			</if>
			<if test="UPDATE_NM != null">
				UPDATE_NM,
			</if>
			<if test="UPDATE_TS != null">
			    UPDATE_TS,
			</if>
		</trim>
		<trim prefix="values (" suffix=")" suffixOverrides=",">
			<if test="lnKnrnMeiboDtlDokyo != null">
				#{lnKnrnMeiboDtlDokyo},
			</if>
			<if test="lnKbChikuKnrnMeiboKankei != null">
				#{lnKbChikuKnrnMeiboKankei},
			</if>
			<if test="orderNum != null">
				#{orderNum},
			</if>
			<if test="knrnNm != null">
				#{knrnNm},
			</if>
			<if test="knrnNmKana != null">
				#{knrnNmKana},
			</if>
			<if test="zokugaraCd != null">
				#{zokugaraCd},
			</if>
			<if test="zokugara != null">
				#{zokugara},
			</if>
			<if test="birthday != null">
				#{birthday},
			</if>
				'0',
			<if test="INSERT_ID != null">
				#{INSERT_ID},
			</if>
			<if test="INSERT_NM != null">
				#{INSERT_NM},
			</if>
			<if test="INSERT_NM != null">
				#{INSERT_TS},
			</if>
			<if test="UPDATE_ID != null">
				#{UPDATE_ID},
			</if>
			<if test="UPDATE_NM != null">
				#{UPDATE_NM},
			</if>
			<if test="INSERT_NM != null">
				#{UPDATE_TS}
			</if>
		</trim>
	</insert>
	<!-- 警備先地区同居家族名簿詳細情報の更新. -->
	<update id="updateRKnrnMeiboDtlDokyo" parameterType="java.util.HashMap">
        UPDATE R_KNRN_MEIBO_DTL_DOKYO
		SET
		ORDER_NUM = #{orderNum}
			,KNRN_NM = #{knrnNm}
			,KNRN_NM_KANA = #{knrnNmKana}
			,ZOKUGARA_CD = #{zokugaraCd}
			,ZOKUGARA = #{zokugara}
			,BIRTHDAY = #{birthday}
			,UPDATE_ID = #{updateId}
			,UPDATE_NM = #{updateNm}
			,UPDATE_TS = #{updateTs}
		WHERE LN_KNRN_MEIBO_DTL_DOKYO=#{lnKnrnMeiboDtlDokyo}
		and   UPDATE_TS = #{updateTsS}
    </update>
</mapper>