<?xml version="1.0" encoding="UTF-8" ?>
<!DOCTYPE mapper
        PUBLIC "-//mybatis.org//DTD Mapper 3.0//EN"
        "http://mybatis.org/dtd/mybatis-3-mapper.dtd">
<mapper namespace="jp.co.alsok.g6.zwu.dao.mapper.g6.SZWU6810Mapper">
	<!-- 返却用 -->
	<resultMap id="BaseResultMap" type="jp.co.alsok.g6.zwu.entity.g6.SZWU6810Info">
		<id column="LN_KEIBI_GROUP" jdbcType="CHAR" property="lnKeibiGroup" />
		<result column="KEIBI_GROUP_NM" jdbcType="CHAR" property="keibiGroupNm" />
		<result column="UPDATE_TS" jdbcType="CHAR" property="updateTs" />
		<result column="NUM" jdbcType="CHAR" property="num" />
	</resultMap>
	<!-- 返却用 -->

	<!-- 警備先グループ一覧の取得 -->
	<select id="selectRkeibiGroup" resultMap="BaseResultMap">
		SELECT
			R1.LN_KEIBI_GROUP,
			R1.KEIBI_GROUP_NM,
			R1.UPDATE_TS,
			COUNT(R3.LN_KEIBI_GROUP) AS NUM
		FROM
			R_KEIBI_GROUP R1
		LEFT JOIN
			R_KEIBI_GROUP_KEIBI R2
		ON
			R1.LN_KEIBI_GROUP = R2.LN_KEIBI_GROUP
		AND
			(R2.DEL_FLG = '0' OR R2.DEL_FLG IS NULL)
		LEFT JOIN
			A_USER_OPERATION_HANI R3
		ON
			R2.LN_KEIBI_GROUP = R3.LN_KEIBI_GROUP
		WHERE
			R1.DEL_FLG = '0'
		AND
			R1.PATH_INF LIKE '${lnKeiyk}%'
		GROUP BY
			R1.LN_KEIBI_GROUP,
			R1.KEIBI_GROUP_NM,
			R1.UPDATE_TS
		ORDER BY R1.KEIBI_GROUP_NM ASC,R1.LN_KEIBI_GROUP ASC
	</select>
	
	<!-- 警備先グループ一覧の取得 -->
	<select id="selectRkeibiGroupLock" resultType="java.lang.Integer">
		SELECT
			COUNT(LN_KEIBI_GROUP)
		FROM
			R_KEIBI_GROUP
		WHERE
			LN_KEIBI_GROUP = #{lnKeibiGroup}
		AND
			DEL_FLG = '0'
		AND
			UPDATE_TS = #{updateTs}
	</select>
</mapper>
