<?xml version="1.0" encoding="UTF-8" ?>
<!DOCTYPE mapper
        PUBLIC "-//mybatis.org//DTD Mapper 3.0//EN"
        "http://mybatis.org/dtd/mybatis-3-mapper.dtd">
<mapper namespace="jp.co.alsok.g6.zwu.dao.mapper.g6.SZWU4120Mapper">
  <!-- 返却用 -->
  <resultMap id="resultMap1" type="jp.co.alsok.g6.zwu.entity.g6.SZWU4120InfoRow">
    <result column="PIC_INF" jdbcType="CHAR" property="picInf" />
    <result column="NICK_NAME" jdbcType="CHAR" property="nickName" />
    <result column="PIC_DESCRIPTION" jdbcType="CHAR" property="picDescription" />
    <result column="REGIST_TS" jdbcType="CHAR" property="registTs" />
    <result column="AUTH_LIMIT_FLG" jdbcType="CHAR" property="authLimitFlg" />
    <result column="AUTH_LIMIT" jdbcType="CHAR" property="authLimit" />
    <result column="AUTH_STS" jdbcType="CHAR" property="authSts" />
    <result column="REGIST_STS_KBN" jdbcType="CHAR" property="registStsKbn" />
    <result column="REGIST_NUMBER_RESULT" jdbcType="CHAR" property="registNumberResult" />
    <result column="LAST_REGIST_TS" jdbcType="CHAR" property="lastRegistTs" />
    <result column="LN_DEV" jdbcType="CHAR" property="lnDev" />
    <result column="LN_R_AUTH_PIC_INF" jdbcType="CHAR" property="lnRAuthPicInf" />
    <result column="UPDATE_TS" jdbcType="TIMESTAMP" property="updateTs" />
  </resultMap>

  <!-- 装置内画像の取得 -->
  <select id="getDevPicList" parameterType="jp.co.alsok.g6.zwu.entity.g6.SZWU4120Info" resultMap="resultMap1" >
	SELECT
		@rownum :=@rownum + 1 AS rownum,
		T.PIC_INF,
		T.NICK_NAME,
		T.PIC_DESCRIPTION,
		T.REGIST_TS,
		T.AUTH_LIMIT_FLG,
		T.AUTH_LIMIT,
		T.AUTH_STS,
		T.REGIST_STS_KBN,
		T.LN_DEV,
		T.LN_R_AUTH_PIC_INF,
		T.UPDATE_TS
	FROM
		(
			SELECT
				@rownum := 0,
				RAPI.PIC_INF_CUTCOUT AS PIC_INF,
				RAPI.NICK_NAME,
				RAPI.PIC_DESCRIPTION,
				RAPI.REGIST_TS,
				RAPI.AUTH_LIMIT_FLG,
				RAPI.AUTH_LIMIT,
				RPIDS.AUTH_STS,
				RPIDS.REGIST_STS_KBN,
				RPIDS.UPDATE_TS,
				RD.LN_DEV,
				RAPI.LN_R_AUTH_PIC_INF
			FROM
			R_PIC_INF_DEV_STS RPIDS
			INNER JOIN R_AUTH_PIC_INF RAPI ON RPIDS.LN_R_AUTH_PIC_INF = RAPI.LN_R_AUTH_PIC_INF
			INNER JOIN R_DEV RD ON RPIDS.LN_DEV = RD.LN_DEV
			WHERE
				RD.LN_DEV = #{lnDev}
			AND RD.DEL_FLG = '0'
			AND RD.LN_KEIBI = #{lnKeibi}
			AND RAPI.DEL_FLG = '0'
			AND RPIDS.DEL_FLG = '0'
			AND RAPI.PIC_KIND = '2'
		) T

		<if test="sort == null or sort == '' or lnKbChiku == '' ">
		ORDER BY
			T.REGIST_TS ASC
		</if>
		<if test="sort == 'NICK_NAME_ASC' ">
		ORDER BY
			T.REGIST_TS ASC
		</if>
		<if test="sort == 'NICK_NAME_DESC' ">
		ORDER BY
			T.REGIST_TS ASC
		</if>
		<if test="sort == 'REGIST_TS_ASC' ">
		ORDER BY
			T.REGIST_TS ASC
		</if>
		<if test="sort == 'REGIST_TS_DESC' ">
		ORDER BY
			T.REGIST_TS DESC
		</if>
		<if test="sort == 'AUTH_LIMIT_ASC' ">
		ORDER BY
			T.AUTH_LIMIT ASC,
			T.REGIST_TS ASC
		</if>
		<if test="sort == 'AUTH_LIMIT_DESC' ">
		ORDER BY
			T.AUTH_LIMIT DESC,
			T.REGIST_TS ASC
		</if>
		<if test="sort == 'REGIST_STS_KBN_ASC' ">
		ORDER BY
			T.REGIST_STS_KBN ASC,
			T.REGIST_TS ASC
		</if>
		<if test="sort == 'REGIST_STS_KBN_DESC' ">
		ORDER BY
			T.REGIST_STS_KBN DESC,
			T.REGIST_TS ASC
		</if>
		<if test="queryType != 'all' ">
		limit #{offset} , #{pageSize}
		</if>
  </select>

  <!-- 装置内画像件数の取得 -->
  <select id="getDevPicCount" parameterType="jp.co.alsok.g6.zwu.entity.g6.SZWU4120Info" resultType="java.lang.Integer" >
			SELECT
				count(*) AS CNT
			FROM
			R_PIC_INF_DEV_STS RPIDS
			INNER JOIN R_AUTH_PIC_INF RAPI ON RPIDS.LN_R_AUTH_PIC_INF = RAPI.LN_R_AUTH_PIC_INF
			INNER JOIN R_DEV RD ON RPIDS.LN_DEV = RD.LN_DEV
			WHERE
				RD.LN_DEV = #{lnDev}
			AND RD.DEL_FLG = '0'
			AND RD.LN_KEIBI = #{lnKeibi}
			AND RAPI.DEL_FLG = '0'
			AND RPIDS.DEL_FLG = '0'
			AND RAPI.PIC_KIND = '2'
  </select>
  
  <!-- ロック処理 -->
  <select id="lockPicInf" parameterType="java.util.HashMap" resultType="java.lang.Integer">
			SELECT
				COUNT(*)
			FROM
				R_PIC_INF_DEV_STS
			WHERE
				LN_R_AUTH_PIC_INF = #{lnRAuthPicInf}
			AND LN_DEV = #{lnDev}
			AND UPDATE_TS = #{updateTs}
			AND DEL_FLG = '0'
  </select>

  <!-- 認証画像情報の取得（認証画像存在チェック） -->
  <select id="getRAuthPicInf" parameterType="java.lang.String" resultType="java.lang.String">
	SELECT
		LN_R_AUTH_PIC_INF AS lnRAuthPicInf
	FROM
		R_PIC_INF_DEV_STS
	WHERE
		LN_R_AUTH_PIC_INF = #{lnRAuthPicInf}
		AND LN_DEV IN (#{lnDev})
	    AND DEL_FLG = '0'
  </select>
  
  	<!-- C)登録枚数取得(ホワイトリスト/ブラックリスト)-->
	<select id="selectRegisterNum" parameterType="java.util.HashMap" resultType="java.lang.Integer">
		SELECT COUNT(R1.LN_DEV)
		FROM
		R_PIC_INF_DEV_STS R1
		INNER JOIN R_AUTH_PIC_INF R2
		ON R1.LN_R_AUTH_PIC_INF = R2.LN_R_AUTH_PIC_INF
		WHERE R1.LN_DEV=#{lnDev}
		AND R1.DEL_FLG='0'
		AND (R1.AUTH_STS='1' OR(R1.AUTH_STS='2' AND R1.REGIST_STS_KBN='1'))
		AND R2.PIC_KIND=#{picKind}
	</select>

	<!-- D)登録枚数最大値取得 -->
	<select id="selectRegisterMaxNum" parameterType="java.util.HashMap" resultType="java.lang.String">
		SELECT VAL
		FROM
		R_PROP_TBL R1
		WHERE R1.SECTION='SZWU'
		AND R1.PROP_KEY='DEV_MAX_NUMBER'
	</select>
	
	<!-- 認証画像のステータスチェック -->
	<select id="selectrRPicInfDevSts" parameterType="java.util.HashMap" resultType="java.lang.Integer">
		SELECT COUNT(R1.LN_R_AUTH_PIC_INF)
		FROM
		R_PIC_INF_DEV_STS R1
		WHERE 
          (REGIST_STS_KBN NOT IN ('2','9')
		OR DEL_FLG &lt;&gt; '0')
			<if test="lnRAuthPicInfList != null and lnRAuthPicInfList.length > 0">
			AND R1.LN_R_AUTH_PIC_INF IN
			<foreach item="item" index="index" collection="lnRAuthPicInfList" open="(" separator="," close=")">
				'${item}'
			</foreach>
		</if>
	</select>
</mapper>