<?xml version="1.0" encoding="UTF-8" ?>
<!DOCTYPE mapper
        PUBLIC "-//mybatis.org//DTD Mapper 3.0//EN"
        "http://mybatis.org/dtd/mybatis-3-mapper.dtd">
<mapper namespace="jp.co.alsok.g6.zwu.dao.mapper.g6.SZWU1200Mapper">
	<!-- 返却用 -->
	<resultMap id="BaseResultMap" type="jp.co.alsok.g6.zwu.entity.g6.SZWU1200Info">
		<id column="lnKbChiku" jdbcType="CHAR" property="lnKbChiku" />
		<result column="sendTs" jdbcType="CHAR" property="sendTs" />
		<result column="sdKobetuNm" jdbcType="CHAR" property="sdKobetuNm" />
		<result column="sigKind1" jdbcType="CHAR" property="sigKind1" />
		<result column="sigKind2" jdbcType="CHAR" property="sigKind2" />
		<result column="operationUser" jdbcType="CHAR" property="operationUser" />
		<result column="rmType" jdbcType="CHAR" property="rmType" />
		<result column="lnKbInf" jdbcType="CHAR" property="lnKbInf" />
		<result column="lnKeibi" jdbcType="CHAR" property="lnKeibi" />
		<result column="body" jdbcType="CHAR" property="body" />
		<result column="kbArea" jdbcType="CHAR" property="kbArea" />
	</resultMap>
	<!-- 返却用 -->
	<resultMap id="AreaBaseResultMap" type="jp.co.alsok.g6.zwu.entity.g6.SZWU1200AreaInfo">
		<id column="lnKbChiku" jdbcType="CHAR" property="lnKbChiku" />
		<result column="sdKobetuNm" jdbcType="CHAR" property="sdKobetuNm" />
		<result column="chiku" jdbcType="CHAR" property="chiku" />
	</resultMap>

	<!-- 地区プルダウン情報の取得 -->
	<select id="searchAreaList" resultMap="AreaBaseResultMap">
		SELECT
			R.LN_KB_CHIKU as lnKbChiku,
			R.SD_KOBETU_NM as sdKobetuNm,
			R.CHIKU as chiku,
			R.SUB_ADDR as subAddr
		FROM
			A_USER_OPERATION_HANI A
				INNER JOIN R_KB_CHIKU R
					ON A.LN_ACNT_USER_COMMON = #{lnAcntUserCommon}
					AND (
						A.PATH_INF = R.PATH_INF 
						OR A.PATH_INF = LEFT (R.PATH_INF, 41)
						OR A.PATH_INF = LEFT (R.PATH_INF, 20)
					)
				    AND R.ENTRY_STS IN ('1', '2')
		WHERE
			R.LN_KEIBI = #{lnKeibi}
		ORDER BY
			R.SUB_ADDR
	</select>

	<!-- 警備履歴情報の取得 -->
	<select id="selectInfoList" resultMap="BaseResultMap">
		SELECT
			E.SEND_TS AS sendTs,
			R.SD_KOBETU_NM AS sdKobetuNm,
			E.SIG_KIND_1 AS sigKind1,
			E.SIG_KIND_2 AS sigKind2,
			(
				SELECT
					(
					SELECT 
						KB_AREA_NM
					FROM
						R_KB_AREA
					WHERE
						LN_KB_AREA = (
							SELECT
						 		LN_KB_AREA
							FROM
								R_DEV
							WHERE
								LN_KB_CHIKU = EK.LN_KB_CHIKU
								AND SD_DEV_NUM = EK.DEV_NUM
							LIMIT 1<!-- 本番環境では一意になるはずなので不要だが、テスト環境でエラーになるための対策です -->
						)
					)
				FROM
					E_KB_INF EK
				WHERE
					EK.LN_KB_INF = E.LN_KB_INF
			) AS kbArea,
			E.OPERATION_USER AS operationUser,
			E.RM_KIND AS rmType,
			E.LN_KB_INF AS lnKbInf,
			R.LN_KB_CHIKU AS lnKbChiku,
			E.BODY AS body
		FROM
			E_KB_NOTICE E
				INNER JOIN R_KB_CHIKU R ON E.LN_KB_CHIKU = R.LN_KB_CHIKU
		WHERE
		DATE_FORMAT(E.SEND_TS,'%Y%m%d') &gt;= #{fromDate}
		AND DATE_FORMAT(E.SEND_TS,'%Y%m%d') &lt;= #{toDate}
		AND R.LN_KEIBI = #{lnKeibi}
		<if test="lnKbChiku != 0">
			AND R.LN_KB_CHIKU = #{lnKbChiku}
		</if>
		AND (
		<if test="guardOperationList != null and guardOperationList.size > 0">
			( E.SIG_KIND_1 = '01' AND E.SIG_KIND_2 IN
			<foreach item="item" index="index" collection="guardOperationList" open="(" separator="," close=")">
				#{item}
			</foreach>
			)
		</if>
		<if test="operationFlag == true">
			OR
		</if>
		<if test="guardVacantFlag == true">
			( E.SIG_KIND_1 = '04' AND E.SIG_KIND_2 IN ('02', '03')) OR (E.SIG_KIND_1 = '50' AND E.SIG_KIND_2 IN ('00', '01'))
		</if>
		<if test="alarmFlag == true">
			OR
		</if>
		<if test="warningList != null and warningList.size > 0">
			 ( E.SIG_KIND_1 = '11' AND E.SIG_KIND_2 IN
			<foreach item="item" index="index" collection="warningList" open="(" separator="," close=")">
				#{item}
			</foreach>
			) 
		</if>
		<if test="warningFlag == true and warningList != null and warningList.size == 5">
		   OR (E.SIG_KIND_1 = '07' AND E.SIG_KIND_2 = '01' )
		</if>
		<if test="mageStorageInformationFlag == true">
			OR
		</if>
		<if test="mageStorageInformationList != null and mageStorageInformationList.size > 0">
			( E.SIG_KIND_1 = '21' AND E.SIG_KIND_2 IN
			<foreach item="item" index="index" collection="mageStorageInformationList" open="(" separator="," close=")">
				#{item}
			</foreach>
			 )
			 OR (E.SIG_KIND_1 = '22' AND E.SIG_KIND_2 = '70')
		</if>
		<if test="picturePatrolResultFlag == true">
			OR
		</if>
		<if test="picturePatrolResultList != null and picturePatrolResultList.size > 0">
			( E.SIG_KIND_1 = 'IP' AND E.SIG_KIND_2 IN
			<foreach item="item" index="index" collection="picturePatrolResultList" open="(" separator="," close=")">
				#{item}
			</foreach>
			)
		</if>
		)
		ORDER BY E.SEND_TS DESC,E.LN_KB_INF DESC
		<if test=" null != pageSize">
			LIMIT #{offset} , #{pageSize}
		</if>
	</select>

	<!-- カード番号取得 -->
	<select id="searchCardId" resultType="java.lang.String">
		SELECT
		E.CARD_KOTEI_ID
		FROM
		E_KB_INF E
		WHERE
		1=1
		AND E.LN_KB_INF = '${lnKbInf}'
	</select>
	<!-- 警備履歴情報の取得 -->
	<select id="searchListInfoCnt" resultType="java.lang.Integer">
		SELECT
			COUNT(0)
		FROM
			E_KB_NOTICE E
				INNER JOIN R_KB_CHIKU R ON E.LN_KB_CHIKU = R.LN_KB_CHIKU
        WHERE
            DATE_FORMAT(E.SEND_TS,'%Y%m%d') &gt;= #{fromDate}
			AND DATE_FORMAT(E.SEND_TS,'%Y%m%d') &lt;= #{toDate}
            AND R.LN_KEIBI = #{lnKeibi}
		<if test="lnKbChiku != 0">
			AND R.LN_KB_CHIKU = #{lnKbChiku}
		</if>
		AND (
        <if test="guardOperationList != null and guardOperationList.size > 0">
            ( E.SIG_KIND_1 = '01' AND E.SIG_KIND_2 IN
            <foreach item="item" index="index" collection="guardOperationList" open="(" separator="," close=")">
                #{item}
            </foreach>
            )
        </if>
        <if test="operationFlag == true">
            OR
        </if>
        <if test="guardVacantFlag == true">
            ( E.SIG_KIND_1 = '04' AND E.SIG_KIND_2 IN ('02', '03')) OR (E.SIG_KIND_1 = '50' AND E.SIG_KIND_2 IN ('00', '01'))
        </if>
        <if test="alarmFlag == true">
            OR
        </if>
        <if test="warningList != null and warningList.size > 0">
             ( E.SIG_KIND_1 = '11' AND E.SIG_KIND_2 IN
            <foreach item="item" index="index" collection="warningList" open="(" separator="," close=")">
                #{item}
            </foreach>
            ) 
        </if>
        <if test="warningFlag == true and warningList != null and warningList.size == 5">
           OR (E.SIG_KIND_1 = '07' AND E.SIG_KIND_2 = '01' )
        </if>
        <if test="mageStorageInformationFlag == true">
            OR
        </if>
        <if test="mageStorageInformationList != null and mageStorageInformationList.size > 0">
            ( E.SIG_KIND_1 = '21' AND E.SIG_KIND_2 IN
            <foreach item="item" index="index" collection="mageStorageInformationList" open="(" separator="," close=")">
                #{item}
            </foreach>
             )
             OR (E.SIG_KIND_1 = '22' AND E.SIG_KIND_2 = '70')
        </if>
        <if test="picturePatrolResultFlag == true">
            OR
        </if>
        <if test="picturePatrolResultList != null and picturePatrolResultList.size > 0">
            ( E.SIG_KIND_1 = 'IP' AND E.SIG_KIND_2 IN
            <foreach item="item" index="index" collection="picturePatrolResultList" open="(" separator="," close=")">
                #{item}
            </foreach>
            )
        </if>
        )
	</select>
	
</mapper>