<?xml version="1.0" encoding="UTF-8" ?>
<!DOCTYPE mapper
        PUBLIC "-//mybatis.org//DTD Mapper 3.0//EN"
        "http://mybatis.org/dtd/mybatis-3-mapper.dtd">
<mapper namespace="jp.co.alsok.g6.zwu.dao.mapper.g6.SZWU1800Mapper">

	<resultMap id="BaseResultMap" type="jp.co.alsok.g6.zwu.entity.g6.SZWU1800Info">
		<result column="lnRAuthPicInf" jdbcType="CHAR" property="lnRAuthPicInf" />
		<result column="sigHasseiTs" jdbcType="CHAR" property="sigHasseiTs" />
		<result column="nickName" jdbcType="CHAR" property="nickName" />
		<result column="keiykNm" jdbcType="CHAR" property="keiykNm" />
		<result column="keibiName1" jdbcType="CHAR" property="keibiName1" />
		<result column="devNm" jdbcType="CHAR" property="devNm" />
		<result column="mail" jdbcType="CHAR" property="mail" />
		<result column="keiykCd" jdbcType="CHAR" property="keiykCd" />
		<result column="sdKobetuNm" jdbcType="CHAR" property="sdKobetuNm" />
		<result column="customerNum1" jdbcType="CHAR" property="customerNum1" />
		<result column="picInf" jdbcType="CHAR" property="picInf" />
		<result column="videoFileName" jdbcType="CHAR" property="videoFileName" />
		<result column="lnKbInf" jdbcType="CHAR" property="lnKbInf" />
		<result column="lnImgNumP" jdbcType="CHAR" property="lnImgNumP" />
		<result column="lnImgNumV" jdbcType="CHAR" property="lnImgNumV" />
	</resultMap>
    <!-- 重要犯罪者認証検知履歴情報 -->
	<select id="searchListInfo" parameterType="java.util.HashMap" resultMap="BaseResultMap">
		SELECT
		T1.LN_R_AUTH_PIC_INF as lnRAuthPicInf,
		T6.SIG_HASSEI_TS as sigHasseiTs,
		T1.NICK_NAME as nickName,
		T9.KEIYK_NM as keiykNm,
		T5.KEIBI_NAME1 as keibiName1,
		T6.DEV_NM as devNm,
		!(isnull(T10.LN_KB_INF)) as mail,
		T9.KEIYK_CD as keiykCd,
		T5.CUSTOMER_NUM1 as customerNum1,
		T7.SD_KOBETU_NM as sdKobetuNm,
		T1.PIC_INF_CUTCOUT as picInf,
		T6.LN_KB_INF as lnKbInf,
		T6.LN_IMG_NUM_P as lnImgNumP,
		T6.LN_IMG_NUM_V as lnImgNumV,
		T7.PATH_INF AS pathInf
		FROM
		R_AUTH_PIC_INF T1
		LEFT JOIN R_PIC_INF_DEV_STS T2 ON T1.LN_R_AUTH_PIC_INF = T2.LN_R_AUTH_PIC_INF AND T2.DEL_FLG = '0'
		LEFT JOIN R_DEV_GROUP_MST T3 ON T2.LN_DEV = T3.LN_DEV AND T3.DEL_FLG = '0'
		LEFT JOIN R_DEV T4 ON T3.LN_DEV = T4.LN_DEV AND T4.DEL_FLG = '0'
		LEFT JOIN R_KEIBI T5 ON T4.LN_KEIBI = T5.LN_KEIBI
		LEFT JOIN E_KB_INF T6 ON T4.LN_KB_CHIKU = T6.LN_KB_CHIKU
		LEFT JOIN R_KB_CHIKU T7 ON T6.LN_KB_CHIKU = T7.LN_KB_CHIKU AND T7.ENTRY_STS IN ('1', '2')
		LEFT JOIN R_KEIYK_BUKKEN T8 ON T5.LN_BUKKEN = T8.LN_BUKKEN
		LEFT JOIN R_KEIYK T9 ON T8.LN_KEIYK = T9.LN_KEIYK
		LEFT JOIN E_KB_NOTICE T10 On T10.LN_KB_INF = T6.LN_KB_INF
		INNER JOIN R_KB_CHIKU T11 ON T4.LN_KB_CHIKU = T11.LN_KB_CHIKU AND T11.ENTRY_STS IN ('1', '2')
	    INNER JOIN A_USER_OPERATION_HANI T12
	    ON T12.LN_ACNT_USER_COMMON = #{lnAcntUserCommon}
		    AND (
		      T12.PATH_INF = T11.PATH_INF
		      OR T12.PATH_INF = LEFT (T11.PATH_INF, 41)
		      OR T12.PATH_INF = LEFT (T11.PATH_INF, 20)
		    )
		WHERE
		DATE_FORMAT(T6.SIG_HASSEI_TS,'%Y%m%d') &gt;= #{dateFrom}
		AND DATE_FORMAT(T6.SIG_HASSEI_TS,'%Y%m%d') &lt;= #{dateTo}
		<if test="nickName!=null and nickName!=''">
			AND T1.NICK_NAME LIKE CONCAT(CONCAT('%', #{nickName}, '%')) ESCAPE '/'
		</if>
		AND T1.PIC_KIND = '1'
		<if test="keiykNm!=null and keiykNm!=''">
			AND T9.KEIYK_NM LIKE CONCAT(CONCAT('%', #{keiykNm}, '%')) ESCAPE '/'
		</if>
		<if test="keibiName1!=null and keibiName1!=''">
			AND T5.KEIBI_NAME1 LIKE CONCAT(CONCAT('%', #{keibiName1}, '%')) ESCAPE '/'
		</if>
		<if test="devNm!=null and devNm!=''">
			AND T6.DEV_NM LIKE CONCAT(CONCAT('%', #{devNm}, '%')) ESCAPE '/'
		</if>
		<if test="lnKeibi!=null and lnKeibi!=''">
    		AND RIGHT(T5.PATH_INF,20) = #{lnKeibi}
		</if>
		AND T1.DEL_FLG = '0'
		ORDER BY
		T6.SIG_HASSEI_TS DESC,
		T1.NICK_NAME ASC,
		T9.KEIYK_NM ASC,
		T5.KEIBI_NAME1 ASC,
		T6.DEV_NM ASC
	</select>

	<!-- 重要犯罪者認証検知履歴情報(Order) -->
	<select id="searchListInfoOrder" parameterType="java.util.HashMap" resultMap="BaseResultMap">
		SELECT
		T1.LN_R_AUTH_PIC_INF as lnRAuthPicInf,
		T6.SIG_HASSEI_TS as sigHasseiTs,
		T1.NICK_NAME as nickName,
		T9.KEIYK_NM as keiykNm,
		T5.KEIBI_NAME1 as keibiName1,
		T6.DEV_NM as devNm,
		!(isnull(T10.LN_KB_INF)) as mail,
		T9.KEIYK_CD as keiykCd,
		T5.CUSTOMER_NUM1 as customerNum1,
		T7.SD_KOBETU_NM as sdKobetuNm,
		T1.PIC_INF_CUTCOUT as picInf,
		T6.VIDEO_FILE_NAME as videoFileName,
		T6.LN_KB_INF as lnKbInf,
		T6.LN_IMG_NUM_P as lnImgNumP,
		T6.LN_IMG_NUM_V as lnImgNumV,
		T7.PATH_INF AS pathInf
		FROM
		R_AUTH_PIC_INF T1
		LEFT JOIN R_PIC_INF_DEV_STS T2 ON T1.LN_R_AUTH_PIC_INF = T2.LN_R_AUTH_PIC_INF AND T2.DEL_FLG = '0'
		LEFT JOIN R_DEV_GROUP_MST T3 ON T2.LN_DEV = T3.LN_DEV AND T3.DEL_FLG = '0'
		LEFT JOIN R_DEV T4 ON T3.LN_DEV = T4.LN_DEV AND T4.DEL_FLG = '0'
		LEFT JOIN R_KEIBI T5 ON T4.LN_KEIBI = T5.LN_KEIBI
		LEFT JOIN E_KB_INF T6 ON T4.LN_KB_CHIKU = T6.LN_KB_CHIKU
		LEFT JOIN R_KB_CHIKU T7 ON T6.LN_KB_CHIKU = T7.LN_KB_CHIKU AND T7.ENTRY_STS IN ('1', '2')
		LEFT JOIN R_KEIYK_BUKKEN T8 ON T5.LN_BUKKEN = T8.LN_BUKKEN
		LEFT JOIN R_KEIYK T9 ON T8.LN_KEIYK = T9.LN_KEIYK
		LEFT JOIN E_KB_NOTICE T10 On T10.LN_KB_INF = T6.LN_KB_INF
	    INNER JOIN R_KB_CHIKU T11 ON T4.LN_KB_CHIKU = T11.LN_KB_CHIKU AND T11.ENTRY_STS IN ('1', '2')
	    INNER JOIN A_USER_OPERATION_HANI T12
	    ON T12.LN_ACNT_USER_COMMON = #{lnAcntUserCommon}
		    AND (
		      T12.PATH_INF = T11.PATH_INF
		      OR T12.PATH_INF = LEFT (T11.PATH_INF, 41)
		      OR T12.PATH_INF = LEFT (T11.PATH_INF, 20)
		    )
		WHERE
		DATE_FORMAT(T6.SIG_HASSEI_TS,'%Y%m%d') &gt;= #{dateFrom}
		AND DATE_FORMAT(T6.SIG_HASSEI_TS,'%Y%m%d') &lt;= #{dateTo}
		<if test="nickName!=null and nickName!=''">
			AND T1.NICK_NAME LIKE CONCAT(CONCAT('%', #{nickName}, '%')) ESCAPE '/'
		</if>
		AND T1.PIC_KIND = '1'
		<if test="keiykNm!=null and keiykNm!=''">
			AND T9.KEIYK_NM LIKE CONCAT(CONCAT('%', #{keiykNm}, '%')) ESCAPE '/'
		</if>
		<if test="keibiName1!=null and keibiName1!=''">
			AND T5.KEIBI_NAME1 LIKE CONCAT(CONCAT('%', #{keibiName1}, '%')) ESCAPE '/'
		</if>
		<if test="devNm!=null and devNm!=''">
			AND T6.DEV_NM LIKE CONCAT(CONCAT('%', #{devNm}, '%')) ESCAPE '/'
		</if>
		AND RIGHT(T5.PATH_INF,20) = #{lnKeibi}
		AND T1.DEL_FLG = '0'
		<if test="sigHasseiTsOrder != null and sigHasseiTsOrder !=''">
			ORDER BY T6.SIG_HASSEI_TS ${sigHasseiTsOrder}
		</if>
		<if test="nickNameOrder != null and nickNameOrder !=''">
			ORDER BY T1.NICK_NAME ${nickNameOrder}
		</if>
		<if test="keiykNmOrder != null and keiykNmOrder !=''">
			ORDER BY T9.KEIYK_NM ${keiykNmOrder}
		</if>
		<if test="keibiName1Order != null and keibiName1Order !=''">
			ORDER BY T5.KEIBI_NAME1 ${keibiName1Order}
		</if>
		<if test="devNmOrder != null and devNmOrder !=''">
			ORDER BY T6.DEV_NM ${devNmOrder}
		</if>
		<if test="mailOrder != null and mailOrder !=''">
			ORDER BY mail ${mailOrder}
		</if>
	</select>
	
</mapper>