<?xml version="1.0" encoding="UTF-8" ?>
<!DOCTYPE mapper
		PUBLIC "-//mybatis.org//DTD Mapper 3.0//EN"
		"http://mybatis.org/dtd/mybatis-3-mapper.dtd">
<mapper namespace="jp.co.alsok.g6.zwu.dao.mapper.g6.SZWU8200Mapper">
	<!-- 返却用 -->
	<resultMap id="BaseResultMap" type="jp.co.alsok.g6.zwu.entity.g6.SZWU8200Info">
		<result column="KEIYK_NM" jdbcType="CHAR" property="keiykNm" />
		<result column="SD_KOBETU_NM" jdbcType="CHAR" property="sdKobetuNm" />
		<result column="LN_DEV" jdbcType="CHAR" property="lnDev" />
		<result column="NICK_NAME" jdbcType="CHAR" property="nickName" />
		<result column="PIC_DESCRIPTION" jdbcType="CHAR" property="picDescription" />
		<result column="REGIST_TS" jdbcType="TIMESTAMP" property="registTs" />
		<result column="AUTH_LIMIT" jdbcType="TIMESTAMP" property="authLimit" />
		<result column="counts" javaType="_int" property="counts" />
	</resultMap>
	<!-- 契約先名称の取得 -->
	<select id="selectKeiykNmInf" resultMap="BaseResultMap">
		SELECT KEIYK_NM
		FROM R_KEIYK
		WHERE LN_KEIYK IN${lnKeiyk}
		AND DEL_FLG='0'
		ORDER BY KEIYK_NM;
	</select>
	<!-- 警備先地区名称の取得 -->
	<select id="selectKobetuNmInf" resultMap="BaseResultMap">
		SELECT
			T1.KEIYK_NM,
			T4.SD_KOBETU_NM
		FROM
			R_KEIYK T1
				INNER JOIN R_KEIYK_BUKKEN T2
					ON T2.LN_KEIYK=T1.LN_KEIYK
				INNER JOIN R_KEIBI T3
					ON T3.LN_BUKKEN=T2.LN_BUKKEN
				INNER JOIN R_KB_CHIKU T4
					ON T4.LN_KEIBI = T3.LN_KEIBI
		WHERE
			T1.LN_KEIYK IN ${lnKeiyk}
			AND T1.DEL_FLG='0'
			AND T2.DEL_FLG='0'
			AND T3.DEL_FLG='0'
			AND T4.DEL_FLG='0'
		ORDER BY
			KEIYK_NM, T4.SUB_ADDR
	</select>
	
	<!-- 登録台数取得 -->
	<select id="selectRegisterNum" parameterType="java.util.HashMap" resultType="java.lang.Integer">
		SELECT
			COUNT(T1.LN_R_AUTH_PIC_INF) AS counts
		FROM
			R_PIC_INF_DEV_STS T1
		WHERE
			T1.LN_R_AUTH_PIC_INF = #{lnRAuthPicInf}
		AND T1.DEL_FLG = '0'
		AND (T1.AUTH_STS='1' OR (T1.AUTH_STS='2' AND T1.REGIST_STS_KBN='1'))
	</select>
	
	<!-- 認証画像情報の取得 -->
	<select id="selectRAuthPicInf" resultMap="BaseResultMap">
		SELECT T1.NICK_NAME
		,T1.PIC_DESCRIPTION
		,T1.AUTH_LIMIT
		,T1.REGIST_TS
		FROM R_AUTH_PIC_INF T1
		INNER JOIN
		R_PIC_INF_DEV_STS T2
		ON T2.LN_R_AUTH_PIC_INF=T1.LN_R_AUTH_PIC_INF
		INNER JOIN R_DEV T3
		ON T3.LN_DEV=T2.LN_DEV
		WHERE
		T1.LN_R_AUTH_PIC_INF=#{lnRAuthPicInf}
		AND T2.AUTH_STS=#{authSts}
		AND T2.REGIST_STS_KBN IN ${stsKbn}
		AND T1.PIC_KIND = #{picKind}
		AND T1.DEL_FLG='0'
		AND T2.DEL_FLG='0';
	</select>

</mapper>