<?xml version="1.0" encoding="UTF-8" ?>
<!DOCTYPE mapper
        PUBLIC "-//mybatis.org//DTD Mapper 3.0//EN"
        "http://mybatis.org/dtd/mybatis-3-mapper.dtd">
<mapper namespace="jp.co.alsok.g6.zwu.dao.mapper.g6.SZWU4410Mapper">

	<resultMap id="BaseResultMap" type="jp.co.alsok.g6.zwu.entity.g6.SZWU4410Info">
		<result column="STS" jdbcType="CHAR" property="sts" />
		<result column="CMD_SEQ_NUM" jdbcType="CHAR" property="cmdSeqNum" />
		<result column="LN_DEV" jdbcType="CHAR" property="lnDev" />
		<result column="DRCTSET_CNTR_STS" jdbcType="CHAR" property="drctsetCntrSts" />
	</resultMap>

	<!-- 取得STS(制御信号キュー.状態) -->
	<select id="selectStsG6" parameterType="java.util.HashMap" resultMap="BaseResultMap">
		SELECT
		STS
		FROM
		C_QUE_CTRL_SIG
		WHERE
		LN_QUE_CTRL_SIG = #{lnQueCtrlSig}
	</select>

	<!-- 取得ダイレクト操作ON/OFF状態 -->
	<select id="selectDrctsetCntrStsG6" parameterType="java.util.HashMap" resultMap="BaseResultMap">

		SELECT
		DRCTSET_CNTR_STS

		FROM
		R_DEV_STS

		WHERE
		ln_dev = #{lnDev}

	</select>

</mapper>
