<?xml version="1.0" encoding="UTF-8" ?>
<!DOCTYPE mapper
        PUBLIC "-//mybatis.org//DTD Mapper 3.0//EN"
        "http://mybatis.org/dtd/mybatis-3-mapper.dtd">
<mapper namespace="jp.co.alsok.g6.zwu.dao.mapper.g6.SZWU5910Mapper">

	<resultMap id="BaseResultMap" type="jp.co.alsok.g6.zwu.entity.g6.SZWU5910Info">

		<result column="LN_OPERATION_AUTH_ROLE" jdbcType="CHAR" property="lnOperationAuthRole" />
		<result column="OPERATION_AUTH_ROLE_NM" jdbcType="CHAR" property="operationAuthRoleNm" />
		<result column="OPERATION_LVL_ID" jdbcType="CHAR" property="operationLvlId" />
		<result column="OPERATION_LVL_KBN" jdbcType="CHAR" property="operationLvlKbn" />
		<result column="OPERATION_LVL_ID1" jdbcType="CHAR" property="operationLvlId1" />
		<result column="OPERATION_LVL_ID2" jdbcType="CHAR" property="operationLvlId2" />
		<result column="OPERATION_LVL_ID3" jdbcType="CHAR" property="operationLvlId3" />
		<result column="OPERATION_LVL_NM" jdbcType="CHAR" property="operationLvlNm" />
		<result column="lvlUpdateTs" jdbcType="CHAR" property="lvlUpdateTs" />
		<result column="roleUpdateTs" jdbcType="CHAR" property="roleUpdateTs" />

	</resultMap>

	<!-- 操作レベルプルダウン情報の取得 (操作レベル区分-1:警備 2:出入 3:出退勤) -->
	<select id="selectLvlMstList" parameterType="java.util.HashMap" resultMap="BaseResultMap">
        <![CDATA[
		SELECT
			OPERATION_LVL_ID
			,OPERATION_LVL_NM
		FROM
		   R_OPERATION_LVL_MST  /*操作レベルマスター */
		WHERE
			OPERATION_LVL_KBN = #{operationLvlKbn}  /*1:警備 2:出入 3:出退勤 */
			AND DEL_FLG = 0
		GROUP BY OPERATION_LVL_ID
		ORDER BY OPERATION_LVL_ID ASC
        ]]>
	</select>

	<!-- 操作権限ロールの内容を取得する -->
	<select id="selectInfoList" parameterType="java.util.HashMap" resultMap="BaseResultMap">
		SELECT
		T1.UPDATE_TS lvlUpdateTs,
		T2.UPDATE_TS roleUpdateTs,
		T2.LN_OPERATION_AUTH_ROLE,
		T2.OPERATION_AUTH_ROLE_NM,
		T3.OPERATION_LVL_ID,
		T3.OPERATION_LVL_KBN,
		'0' OPERATION_LVL_ID1,
		'0' OPERATION_LVL_ID2,
		'0'
		OPERATION_LVL_ID3
		FROM
		R_OPERATION_AUTH_ROLE_LVL T1
		INNER JOIN
		R_OPERATION_AUTH_ROLE T2 ON T1.LN_OPERATION_AUTH_ROLE = T2.LN_OPERATION_AUTH_ROLE
		INNER
		JOIN R_OPERATION_LVL_MST T3 ON T1.OPERATION_LVL_ID =
		T3.OPERATION_LVL_ID
		LEFT JOIN M_CD T4 ON T3.OPERATION_LVL_KBN = T4.CD_VALUE
		WHERE T4.CD_ID =
		'CD165'
		AND T4.CD_VALUE IN
		<foreach item="item" index="index" collection="cdValue" open="(" separator="," close=")">
			#{item}
		</foreach>
		AND T1.DEL_FLG = 0
		AND T2.DEL_FLG = 0
		AND T3.DEL_FLG = 0;
	</select>

	<!-- 操作権限ロールの楽観ロック処理 -->
	<select id="selectROperationAuthRoleLockInfo" parameterType="java.lang.String" resultType="int">
		SELECT
		COUNT(OPERATION_AUTH_ROLE_NM)
		FROM
		R_OPERATION_AUTH_ROLE
		WHERE
		DEL_FLG = "0"
		AND UPDATE_TS > #{updateTs,jdbcType=CHAR}
		AND LN_OPERATION_AUTH_ROLE = #{lnOperationAuthRole,jdbcType=CHAR}
	</select>

	<!-- 操作権限ロール-レベル連関の楽観ロック処理 -->
	<select id="selectROperationAuthRoleLvlLockInfo" parameterType="java.lang.String" resultType="int">
		SELECT
		COUNT(LN_OPERATION_AUTH_ROLE)
		FROM
		R_OPERATION_AUTH_ROLE_LVL
		WHERE
		DEL_FLG = "0"
		AND UPDATE_TS > #{updateTs,jdbcType=CHAR}
		AND LN_OPERATION_AUTH_ROLE = #{lnOperationAuthRole,jdbcType=CHAR}
	</select>

	<!-- 操作権限ロール-レベル連関削除を実行する -->
	<update id="deleteROperationAuthRoleLvl" parameterType="java.util.HashMap">
        <![CDATA[
	    DELETE FROM R_OPERATION_AUTH_ROLE_LVL WHERE LN_OPERATION_AUTH_ROLE = #{lnOperationAuthRole};
    ]]>
	</update>

</mapper>