<?xml version="1.0" encoding="UTF-8" ?>
<!DOCTYPE mapper
        PUBLIC "-//mybatis.org//DTD Mapper 3.0//EN"
        "http://mybatis.org/dtd/mybatis-3-mapper.dtd">
<mapper namespace="jp.co.alsok.g6.zwu.dao.mapper.g6.SZWU6710Mapper">
	<!-- 返却用 -->
	<resultMap id="BaseResultMap" type="jp.co.alsok.g6.zwu.entity.g6.SZWU6710Info">
		<result column="LN_KEIBI" jdbcType="CHAR" property="lnKeibi" />
		<result column="LN_KB_CHIKU" jdbcType="CHAR" property="lnKbChiku" />
		<result column="KEIBI_NAME1" jdbcType="CHAR" property="keibiName1" />
		<result column="SD_KOBETU_NM" jdbcType="CHAR" property="sdKobetuNm" />
		<result column="PATH_INF" jdbcType="CHAR" property="pathInf" />
		<result column="NUM" jdbcType="CHAR" property="num" />
		<result column="CHIKU" jdbcType="CHAR" property="chiku" />
	</resultMap>

	<!-- A1)警備先地区情報の取得 -->
	<select id="selectSZWU6710Name1" parameterType="java.util.HashMap" resultMap="BaseResultMap">
		SELECT
		T1.LN_KEIBI,
		T1.KEIBI_NAME1,
		COUNT(T2.LN_KB_CHIKU) AS NUM
		FROM
		R_KEIBI T1 /* -- 警備先 */
		LEFT JOIN
		R_KB_CHIKU T2 /* --警備先地区 */
		ON
		T2.LN_KEIBI=T1.LN_KEIBI
		AND
		T2.DEL_FLG = '0'
		WHERE 1=1
		<if test="lnKeibis != null and lnKeibis.length > 0">
			AND T1.LN_KEIBI IN
			<foreach item="item" index="index" collection="lnKeibis" open="(" separator="," close=")">
				'${item}'
			</foreach>
		</if>
		AND T1.DEL_FLG = '0'
		GROUP BY T1.LN_KEIBI,T1.KEIBI_NAME1
		ORDER BY T1.KEIBI_NAME1,T1.LN_KEIBI ASC
	</select>

	<select id="selectSZWU6710Name1Count" parameterType="java.util.HashMap" resultType="java.lang.Integer">
		SELECT
		COUNT(Distinct T1.KEIBI_NAME1)
		FROM R_KEIBI T1 /* -- 警備先 */
		LEFT JOIN R_KB_CHIKU T2 /* -- 警備先地区 */
		ON
		T2.LN_KEIBI=T1.LN_KEIBI
		AND T2.DEL_FLG = '0'
		WHERE 1=1
		<if test="lnKeibis != null and lnKeibis.length > 0">
			AND T1.LN_KEIBI IN
			<foreach item="item" index="index" collection="lnKeibis" open="(" separator="," close=")">
				'${item}'
			</foreach>
		</if>
		AND T1.DEL_FLG = '0'
	</select>

	<select id="selectSZWU6710Info1" parameterType="java.util.HashMap" resultMap="BaseResultMap">
		SELECT
		T2.LN_KEIBI, /* -- 警備先地区.LN_警備先論理番号 */
		T2.LN_KB_CHIKU, /* -- 警備先地区.LN_警備先地区論理番号 */
		T1.KEIBI_NAME1, /* --警備先.警備先名１*/
		T2.SD_KOBETU_NM /* -- 警備先地区.警備先地区名称*/
		,T2.CHIKU
		FROM R_KEIBI T1 /* -- 警備先 */
		LEFT JOIN R_KB_CHIKU T2 /* -- 警備先地区 */
		ON
		T2.LN_KEIBI=T1.LN_KEIBI
		AND T2.DEL_FLG = '0'
		WHERE 1=1
		<if test="lnKeibis != null and lnKeibis.length > 0">
			AND T1.LN_KEIBI IN
			<foreach item="item" index="index" collection="lnKeibis" open="(" separator="," close=")">
				'${item}'
			</foreach>
		</if>
		<if test=" null != keibiName1">
			AND T1.KEIBI_NAME1 = '${keibiName1}' /* -- 警備先.警備先名１ */
		</if>
		AND T1.DEL_FLG = '0'
		ORDER BY ${column} ${orderBy}

	</select>

	<!-- A2)警備先地区情報の取得 -->
	<select id="selectSZWU6710Name2" parameterType="java.util.HashMap" resultMap="BaseResultMap">
		SELECT
		T1.LN_KEIBI,
		T1.KEIBI_NAME1,
		COUNT(T2.LN_KB_CHIKU) AS NUM
		FROM R_KEIBI T1 /* -- 警備先 */
		LEFT JOIN
		R_KB_CHIKU T2 /* --警備先地区 */
		ON
		T2.LN_KEIBI=T1.LN_KEIBI
		AND T2.DEL_FLG = '0'
		LEFT JOIN
		A_USER_OPERATION_HANI T3 /*利用者操作範囲*/
		ON
		T3.LN_ACNT_USER_COMMON = #{lnAcntUserCommon} /*リクエスト情報.アカウントID*/
		AND
		(
	      T2.PATH_INF = T3.PATH_INF
	      OR  LEFT (T2.PATH_INF, 41) = T3.PATH_INF
	      OR  LEFT (T2.PATH_INF, 20) = T3.PATH_INF
    	)
		WHERE
		1=1
		<if test="lnKeibis != null and lnKeibis.length > 0">
			AND T1.LN_KEIBI IN
			<foreach item="item" index="index" collection="lnKeibis" open="(" separator="," close=")">
				'${item}'
			</foreach>
		</if>
		AND T1.DEL_FLG = '0'
		GROUP BY T1.LN_KEIBI,T1.KEIBI_NAME1
		ORDER BY T1.KEIBI_NAME1,T1.LN_KEIBI ASC
	</select>

	<select id="selectSZWU6710Name2Count" parameterType="java.util.HashMap" resultType="java.lang.Integer">
		SELECT
		COUNT(Distinct T1.KEIBI_NAME1)
		FROM R_KEIBI T1 /* -- 警備先 */
		LEFT JOIN
		R_KB_CHIKU T2 /* -- 警備先地区 */
		ON
		T2.LN_KEIBI=T1.LN_KEIBI
		AND T2.DEL_FLG = '0'
		LEFT JOIN
		A_USER_OPERATION_HANI T3 /*利用者操作範囲*/
		ON
		T3.LN_ACNT_USER_COMMON = #{lnAcntUserCommon} /*リクエスト情報.アカウントID*/
		AND
		(
	      T2.PATH_INF = T3.PATH_INF
	      OR  LEFT (T2.PATH_INF, 41) = T3.PATH_INF
	      OR  LEFT (T2.PATH_INF, 20) = T3.PATH_INF
    	)
		WHERE
		1=1
		<if test="lnKeibis != null and lnKeibis.length > 0">
			AND T1.LN_KEIBI IN
			<foreach item="item" index="index" collection="lnKeibis" open="(" separator="," close=")">
				'${item}'
			</foreach>
		</if>
		AND T1.DEL_FLG = '0'
	</select>

	<select id="selectSZWU6710Info2" parameterType="java.util.HashMap" resultMap="BaseResultMap">
		SELECT
		T2.LN_KEIBI, /* -- 警備先地区.LN_警備先論理番号 */
		T2.LN_KB_CHIKU, /* -- 警備先地区.LN_警備先地区論理番号 */
		T1.KEIBI_NAME1, /* -- 警備先.警備先名１*/
		T2.SD_KOBETU_NM, /* -- 警備先地区.警備先地区名称*/
		T2.PATH_INF /*警備先地区.パス情報*/
		,T2.CHIKU
		FROM R_KEIBI T1 /* -- 警備先 */
		LEFT JOIN
		R_KB_CHIKU T2
		/* -- 警備先地区 */
		ON
		T2.LN_KEIBI=T1.LN_KEIBI
		AND T2.DEL_FLG = '0'
		LEFT JOIN
		A_USER_OPERATION_HANI T3 /*利用者操作範囲*/
		ON
		T3.LN_ACNT_USER_COMMON = #{lnAcntUserCommon} /*リクエスト情報.アカウントID*/
		AND
		(
	      T2.PATH_INF = T3.PATH_INF
	      OR  LEFT (T2.PATH_INF, 41) = T3.PATH_INF
	      OR  LEFT (T2.PATH_INF, 20) = T3.PATH_INF
    	)
		WHERE
		1=1
		<if test="lnKeibis != null and lnKeibis.length > 0">
			AND T1.LN_KEIBI IN
			<foreach item="item" index="index" collection="lnKeibis" open="(" separator="," close=")">
				'${item}'
			</foreach>
		</if>
		AND T1.DEL_FLG = '0'
		ORDER BY ${column} ${orderBy}
	</select>
</mapper>
