<?xml version="1.0" encoding="UTF-8" ?>
<!DOCTYPE mapper
        PUBLIC "-//mybatis.org//DTD Mapper 3.0//EN"
        "http://mybatis.org/dtd/mybatis-3-mapper.dtd">
<mapper namespace="jp.co.alsok.g6.zwu.dao.mapper.g6.SZWU9203Mapper">
	<!-- 返却用 -->
	<resultMap id="BaseResultMap" type="jp.co.alsok.g6.zwu.entity.g6.SZWU9203Info">
		<result column="lnKbChikuKnrnMeibo" jdbcType="CHAR" property="lnKbChikuKnrnMeibo" />
		<result column="meiboTitle" jdbcType="CHAR" property="meiboTitle" />
		<result column="updateNm" jdbcType="CHAR" property="updateNm" />
		<result column="updateTs" jdbcType="DATE" property="updateTs" />
		<result column="mdUpdateTs" jdbcType="CHAR" property="mdUpdateTs" />
		<result column="lnKbChikuKnrnMeiboDtl" jdbcType="CHAR" property="lnKbChikuKnrnMeiboDtl" />
		<result column="nm" jdbcType="CHAR" property="nm" />
		<result column="nmKana" jdbcType="CHAR" property="nmKana" />
		<result column="yakusyoku" jdbcType="CHAR" property="yakusyoku" />
		<result column="telNum1" jdbcType="CHAR" property="telNum1" />
		<result column="telNum2" jdbcType="CHAR" property="telNum2" />
		<result column="orderNum" jdbcType="CHAR" property="orderNum" />
	</resultMap>
	<!-- 警備先緊急連絡先名簿詳細一覧情報の取得-->
	<select id="selectKbChikuMeiboInfo" resultMap="BaseResultMap">
		SELECT 
			m.LN_KB_CHIKU_KNRN_MEIBO AS lnKbChikuKnrnMeibo
			,m.MEIBO_TITLE AS meiboTitle
			,m.UPDATE_NM AS updateNm
			,m.UPDATE_TS AS updateTs
			,md.LN_KB_CHIKU_KNRN_MEIBO_DTL AS lnKbChikuKnrnMeiboDtl
			,md.NM AS nm
			,md.NM_KANA AS nmKana
			,md.UPDATE_TS AS mdUpdateTs
			,md.YAKUSYOKU AS yakusyoku
			,md.TEL_NUM_1 AS telNum1
			,md.TEL_NUM_2 AS telNum2 
			,md.ORDER_NUM AS orderNum 
		FROM R_KB_CHIKU_KNRN_MEIBO m
		INNER JOIN R_KB_CHIKU_KNRN_MEIBO_DTL md
			ON  md.LN_KB_CHIKU_KNRN_MEIBO=m.LN_KB_CHIKU_KNRN_MEIBO
		WHERE m.LN_KB_CHIKU_KNRN_MEIBO=#{meibo}
			AND m.DEL_FLG='0'
			AND md.DEL_FLG='0'
		ORDER BY md.ORDER_NUM ASC
	</select>
	
	<!-- 警備先緊急連絡先名簿詳細の楽観ロック処理 -->
	<select id="selectKebiMeibo" parameterType="java.lang.String" resultType="int">
		SELECT
		COUNT(LN_KB_CHIKU_KNRN_MEIBO)
		FROM
		R_KB_CHIKU_KNRN_MEIBO
		WHERE
	    UPDATE_TS > #{updateTs,jdbcType=CHAR}
		AND LN_KB_CHIKU_KNRN_MEIBO = #{meibo}
	</select>
	
	<!-- 警備先緊急連絡先名簿詳細の楽観ロック処理 -->
	<select id="selectKebiMeiboMei" parameterType="java.lang.String" resultType="int">
		SELECT
		COUNT(LN_KB_CHIKU_KNRN_MEIBO)
		FROM
		R_KB_CHIKU_KNRN_MEIBO_DTL
		WHERE
	    UPDATE_TS > #{updateTs,jdbcType=CHAR}
		AND LN_KB_CHIKU_KNRN_MEIBO_DTL = #{meiboDtl}
	</select>
	
	<!-- 警備先地区緊急連絡先名簿更新処理 -->
	<update id="updateKebiMeibo" parameterType="java.util.HashMap">
		UPDATE R_KB_CHIKU_KNRN_MEIBO
		set
		MEIBO_TITLE = #{meiboTitle}
		,UPDATE_ID = #{updId}
		,UPDATE_NM = #{updNm}
		,UPDATE_TS = #{updTs}
		where LN_KB_CHIKU_KNRN_MEIBO = #{meibo};
	</update>
	
	<!-- 警備先地区緊急連絡先名簿詳細更新処理 -->
	<update id="updateKebiMeiboMei" parameterType="java.util.HashMap">
		UPDATE R_KB_CHIKU_KNRN_MEIBO_DTL
		set
		ORDER_NUM = #{orderNum}
		,NM = #{nm}
		,NM_KANA = #{nmKana}
		,YAKUSYOKU = #{yakusyoku}
		,TEL_NUM_1 = #{telNum1}
		,TEL_NUM_2 = #{telNum2}
		,UPDATE_ID = #{updId}
		,UPDATE_NM = #{updNm}
		,UPDATE_TS = #{updTs}
		where LN_KB_CHIKU_KNRN_MEIBO_DTL = #{meiboDtl};
	</update>
	<!-- 警備先地区緊急連絡先名簿詳細削除処理 -->
	<update id="deleteKebiMeiboMei" parameterType="java.util.HashMap">
		UPDATE R_KB_CHIKU_KNRN_MEIBO_DTL
		set
		DEL_FLG = #{delFlg}
		,UPDATE_ID = #{updId}
		,UPDATE_NM = #{updNm}
		,UPDATE_TS = #{updTs}
		where LN_KB_CHIKU_KNRN_MEIBO_DTL = #{meiboDtl};
	</update>
	<!--D)警備先地区緊急連絡先名簿詳細登録処理-->
	<insert id="insertKebiMeiboMei">
	INSERT INTO R_KB_CHIKU_KNRN_MEIBO_DTL (
	LN_KB_CHIKU_KNRN_MEIBO_DTL,
	LN_KB_CHIKU_KNRN_MEIBO,
	ORDER_NUM,
	NM,
	NM_KANA,
	YAKUSYOKU,
	TEL_NUM_1,
	TEL_NUM_2,
	DEL_FLG,
	INSERT_ID,
	INSERT_NM,
	INSERT_TS,
	UPDATE_ID,
	UPDATE_NM,
	UPDATE_TS
	)
	VALUES
	(#{record.lnKbChikuKnrnMeiboDtl},
	#{record.lnKbChikuKnrnMeibo},
	#{record.orderNum},
	#{record.nm},
	#{record.nmKana},
	#{record.yakusyoku},
	#{record.telNum1},
	#{record.telNum2},
	#{record.delFlg},
	#{record.insertId},
	#{record.insertNm},
	NOW(),
	#{record.updateId},
	#{record.updateNm},
	NOW()
	)
  </insert>
</mapper>