<?xml version="1.0" encoding="UTF-8" ?>
<!DOCTYPE mapper
		PUBLIC "-//mybatis.org//DTD Mapper 3.0//EN"
		"http://mybatis.org/dtd/mybatis-3-mapper.dtd">
<mapper namespace="jp.co.alsok.g6.zwu.dao.mapper.g6.SZWU6900Mapper">
 	<!--返却用 -->
	<resultMap id = "BaseResultMap" type="jp.co.alsok.g6.zwu.web.form.SZWU6900Form">
		<id column="acntId" jdbcType="CHAR" property="acntId" />
		<result column="lnacntUserCommon" jdbcType="CHAR" property="lnacntUserCommon" />
		<result column="mlAddr1" jdbcType="CHAR" property="mlAddr1" />
	    <result column="mlAddr2" jdbcType="CHAR" property="mlAddr2" />
	    <result column="passWd1" jdbcType="CHAR" property="passWd1" />
	    <result column="passWd2" jdbcType="CHAR" property="passWd2" />
	    <result column="acntNm" jdbcType="CHAR" property="acntNm" />    
	    <result column="acntNmKana" jdbcType="CHAR" property="acntNmKana" />
	    <result column="syainCd" jdbcType="CHAR" property="syainCd" />
	    <result column="busyoNm" jdbcType="CHAR" property="busyoNm" />
	    <result column="busyoNmKana" jdbcType="CHAR" property="busyoNmKana" />
	    <result column="yakusyokuNm" jdbcType="CHAR" property="yakusyokuNm" />
	    <result column="yakusyokuNmKana" jdbcType="CHAR" property="yakusyokuNmKana" />
	    <result column="telNm1" jdbcType="CHAR" property="telNm1" />
	    <result column="lnUserRole" jdbcType="CHAR" property="lnUserRole" />
	    <result column="userRoleNm" jdbcType="CHAR" property="userRoleNm" />
	    <result column="lnKeibiGroup" jdbcType="CHAR" property="lnKeibiGroup" />
	    <result column="keibiGroupNm" jdbcType="CHAR" property="keibiGroupNm" />
	    <result column="insertId" jdbcType="CHAR" property="insertId" />
	    <result column="insertNm" jdbcType="CHAR" property="insertNm" />
	    <result column="insertTs" jdbcType="DATE" property="insertTs" />
	    <result column="updateId" jdbcType="CHAR" property="updateId" />
	    <result column="updateNm" jdbcType="CHAR" property="updateNm" />
	    <result column="updateTs" jdbcType="DATE" property="updateTs" />
	    <result column="lnKeibi" jdbcType="CHAR" property="lnKeibi" />
	    <result column="lnKbChiku" jdbcType="CHAR" property="lnKbChiku" />
	    <result column="updateTsRole" jdbcType="CHAR" property="updateTsRole" />
	    <result column="updateTsUser" jdbcType="CHAR" property="updateTsUser" />
	    <result column="updateTsPreUser" jdbcType="CHAR" property="updateTsPreUser" />
	</resultMap>

	<!-- ロック用の利用者アカウント.更新日時取得 -->
	<select id="selectUserByIdUpdateTs" resultMap="BaseResultMap">
		SELECT
		t1.UPDATE_TS AS updateTsUser
		FROM
		A_ACNT_USER t1
		WHERE
		t1.LN_ACNT_USER_COMMON = #{record.lnAcntUserCommonEdit}
	</select>

	<!-- 利用者アカウントのロック -->
	<select id="selectUserById" resultMap="BaseResultMap">
		SELECT
		t1.LN_ACNT_USER_COMMON AS lnacntUserCommon
		FROM
		A_ACNT_USER t1
		WHERE
		t1.LN_ACNT_USER_COMMON = #{record.lnAcntUserCommonEdit}
		AND t1.UPDATE_TS = #{record.updateTsUser}
	</select>

	<!-- 利用者アカウントロールのロック -->
	<select id="selectUserRoleById" resultMap="BaseResultMap">
		SELECT
		t1.LN_ACNT_USER_COMMON AS lnacntUserCommon
		FROM
		A_ACNT_USER_ROLE t1
		WHERE
		t1.LN_ACNT_USER_COMMON = #{record.lnAcntUserCommonEdit}
		AND t1.UPDATE_TS = #{record.updateTsRole}
	</select>

	<!-- ロック用の利用者アカウント仮登録 .更新日時取得 -->
	<select id="selectUserPreByIdUpdateTs" resultMap="BaseResultMap">
		SELECT
		t1.UPDATE_TS AS updateTsPreUser
		FROM
		A_ACNT_PRE_USER t1
		WHERE
		t1.LN_ACNT_USER_COMMON = #{record.lnAcntUserCommonEdit}
		LIMIT 1
	</select>

	<!-- 利用者アカウント仮登録のロック -->
	<select id="selectUserPreById" resultMap="BaseResultMap">
		SELECT
		t1.LN_ACNT_PRE_RGST AS lnacntUserCommon
		FROM
		A_ACNT_PRE_USER t1
		WHERE
		t1.LN_ACNT_USER_COMMON = #{record.lnAcntUserCommonEdit}
		AND t1.UPDATE_TS = #{record.updateTsPreUser}
	</select>

	<!--アカウント情報登録処理 -->
	<insert id="insertAcntUser">
		INSERT INTO A_ACNT_USER (
		LN_ACNT_USER_COMMON,
		KNRN_FLG,
		CARD_FLG,
		ML_STS,
		ML_SEND_FLG,
		ML_SEND_STS,
		CHECK_STS,
		STS_UPD_TS,
		INSERT_ID,
		INSERT_NM,
		INSERT_TS,
		UPDATE_ID,
		UPDATE_NM,
		UPDATE_TS
		)
		VALUES
		(#{record.lnacntUserCommonSeqNo},
		1,
		0,
		0,
		0,
		0,
		1,
		#{record.stsUpdTs},
		#{record.insertId},
		#{record.insertNm},
		NOW(),
		#{record.updateId},
		#{record.updateNm},
		NOW()
		)
	</insert>

	<!--アカウント仮登録情報の登録 -->
	<insert id="insertAcntPreUser">
		INSERT INTO A_ACNT_PRE_USER (
		LN_ACNT_PRE_RGST,
		ACNT_TYPE,
		LN_ACNT_USER_COMMON,
		STS,
		ACNT_PRE_RGST_TS,
		INSERT_ID,
		INSERT_NM,
		INSERT_TS,
		UPDATE_ID,
		UPDATE_NM,
		UPDATE_TS
		)
		VALUES(
		#{record.lnAcntPreRgst},
		1,
		#{record.lnacntUserCommonSeqNo},
		0,
		#{record.stsUpdTs},
		#{record.insertId},
		#{record.insertNm},
		NOW(),
		#{record.insertId},
		#{record.insertNm},
		NOW()
		)
	</insert>

	<!--メール配信トリガーキュー登録 -->
	<insert id="insertQueMlTrig">
		INSERT INTO C_QUE_ML_TRIG
		(
		LN_ML_TRIG,
		KIND,
		STS,
		LN_ACNT_USER_COMMON,
		ITEM10,
		ITEM11,
		ITEM14,
		ITEM15,
		ITEM16,
		ITEM17,
		ITEM19,
		ITEM20,
		ITEM22,
		INSERT_ID,
		INSERT_NM,
		INSERT_TS,
		UPDATE_ID,
		UPDATE_NM,
		UPDATE_TS
		)
		VALUES(
		#{record.lnMlTrig},
		50,
		0,
		#{record.lnacntUserCommonSeqNo},
		#{record.loginUrl},
		#{record.acntInsertDateNum},
		#{record.juchuJigyouNm},
		#{record.jisshiJigyouNm},
		#{record.juchuJigyouTelNum},
		#{record.jisshiJigyouTelNum},
		#{record.acntNmEdit},
		#{record.acntNmEdit},
		#{record.mlAddr1},
		#{record.insertId},
		#{record.insertNm},
		NOW(),
		#{record.updateId},
		#{record.updateNm},
		NOW()
		)
	</insert>

	<!--アカウント登録メール送信依頼 -->
	<insert id="insertQueMlTrig2">
		INSERT INTO C_QUE_ML_TRIG
		(
		LN_ML_TRIG,
		KIND,
		STS,
		LN_ACNT_USER_COMMON,
		ITEM10,
		ITEM11,
		ITEM14,
		ITEM15,
		ITEM16,
		ITEM17,
		ITEM19,
		ITEM20,
		ITEM22,
		INSERT_ID,
		INSERT_NM,
		INSERT_TS,
		UPDATE_ID,
		UPDATE_NM,
		UPDATE_TS
		)
		VALUES(
		#{record.lnMlTrig},
		52,
		0,
		#{record.lnAcntUserCommonEdit},
		#{record.loginUrl},
		#{record.acntInsertDateNum},
		#{record.juchuJigyouNm},
		#{record.jisshiJigyouNm},
		#{record.juchuJigyouTelNum},
		#{record.jisshiJigyouTelNum},
		#{record.acntNmEdit},
		#{record.acntNmEdit},
		#{record.mlAddr1},
		#{record.insertId},
		#{record.insertNm},
		NOW(),
		#{record.updateId},
		#{record.updateNm},
		NOW()
		)
	</insert>

	<!--パスワード変更メール送信依頼 -->
	<insert id="insertQueMlTrig3">
		INSERT INTO C_QUE_ML_TRIG
		(
		LN_ML_TRIG,
		KIND,
		STS,
		LN_ACNT_USER_COMMON,
		ITEM10,
		ITEM11,
		ITEM14,
		ITEM15,
		ITEM16,
		ITEM17,
		ITEM19,
		ITEM20,
		ITEM22,
		INSERT_ID,
		INSERT_NM,
		INSERT_TS,
		UPDATE_ID,
		UPDATE_NM,
		UPDATE_TS
		)
		VALUES(
		#{record.lnMlTrig},
		54,
		0,
		#{record.lnAcntUserCommonEdit},
		#{record.loginUrl},
		#{record.acntInsertDateNum},
		#{record.juchuJigyouNm},
		#{record.jisshiJigyouNm},
		#{record.juchuJigyouTelNum},
		#{record.jisshiJigyouTelNum},
		#{record.acntNmEdit},
		#{record.acntNmEdit},
		#{record.mlAddr1},
		#{record.insertId},
		#{record.insertNm},
		NOW(),
		#{record.updateId},
		#{record.updateNm},
		NOW()
		)
	</insert>

	<!--アカウント設定変更メール送信依頼 -->
	<insert id="insertQueMlTrig4">
		INSERT INTO C_QUE_ML_TRIG
		(
		LN_ML_TRIG,
		KIND,
		STS,
		LN_ACNT_USER_COMMON,
		ITEM10,
		ITEM11,
		ITEM14,
		ITEM15,
		ITEM16,
		ITEM17,
		ITEM19,
		ITEM20,
		ITEM22,
		ITEM31,
		INSERT_ID,
		INSERT_NM,
		INSERT_TS,
		UPDATE_ID,
		UPDATE_NM,
		UPDATE_TS
		)
		VALUES(
		#{record.lnMlTrig},
		53,
		0,
		#{record.lnAcntUserCommonEdit},
		#{record.loginUrl},
		#{record.acntInsertDateNum},
		#{record.juchuJigyouNm},
		#{record.jisshiJigyouNm},
		#{record.juchuJigyouTelNum},
		#{record.jisshiJigyouTelNum},
		#{record.acntNmEdit},
		#{record.acntNmEdit},
		#{record.mlAddr1},
		#{record.item31},
		#{record.insertId},
		#{record.insertNm},
		NOW(),
		#{record.updateId},
		#{record.updateNm},
		NOW()
		)
	</insert>

	<!--アカウント情報更新処理 -->
	<update id="updateAcntUser">
		UPDATE A_ACNT_USER t1 SET
		KNRN_FLG = 1,
		CARD_FLG = 0,
		ML_STS = 0,
		ML_SEND_STS = 0,
		CHECK_STS = 1,
		STS_UPD_TS = #{record.stsUpdTs},
		INSERT_ID = #{record.insertId},
		INSERT_NM = #{record.insertNm},
		INSERT_TS = NOW(),
		UPDATE_ID = #{record.updateId},
		UPDATE_NM = #{record.updateNm},
		UPDATE_TS = NOW()
		WHERE
		t1.LN_ACNT_USER_COMMON = #{record.lnAcntUserCommonEdit}
	</update>

	<!--アカウント情報更新処理 -->
	<update id="updateAcntUser2">
		UPDATE A_ACNT_USER t1 SET
		KNRN_FLG = 1,
		CARD_FLG = 0,
		ML_STS = 0,
		INSERT_ID = #{record.insertId},
		INSERT_NM = #{record.insertNm},
		INSERT_TS = NOW(),
		UPDATE_ID = #{record.updateId},
		UPDATE_NM = #{record.updateNm},
		UPDATE_TS = NOW()
		WHERE
		t1.LN_ACNT_USER_COMMON = #{record.lnAcntUserCommonEdit}
	</update>

	<!--アカウント仮登録情報の更新 -->
	<update id="updateAcntPreUser">
		UPDATE A_ACNT_PRE_USER t1 SET
		ACNT_TYPE = 1,
		STS = 0,
		ACNT_PRE_RGST_TS = #{record.stsUpdTs},
		UPDATE_ID = #{record.updateId},
		UPDATE_NM = #{record.updateNm},
		UPDATE_TS = NOW()
		WHERE
		t1.LN_ACNT_USER_COMMON = #{record.lnAcntUserCommonEdit}
	</update>

	<!-- A)契約先情報検索 -->
	<select id="getKeiYkNmById" resultType="java.lang.String">
		SELECT
		t1.KEIYK_NM
		FROM
		R_KEIYK t1
		WHERE
		t1.LN_KEIYK = #{record.lnKeiyk}
	</select>

	<!-- B)ロール一覧検索 -->
	<select id="getAUserRoleInfoList" resultMap="BaseResultMap">
		SELECT
		A.LN_USER_ROLE AS lnUserRole,
		A.USER_ROLE_NM AS userRoleNm
		FROM
		A_USER_ROLE A
		WHERE
		A.PATH_INF LIKE CONCAT(#{record.lnKeiyk},'%')
		AND A.ACNT_USER_KBN = '1'
		AND A.KOBETSU_FLG = '0'
		ORDER BY A.USER_ROLE_NM ASC
	</select>

	<!-- C)警備先グループ一覧検索 -->
	<select id="getRKeibiGroupInfoList" resultMap="BaseResultMap">
		SELECT
		R.LN_KEIBI_GROUP AS lnKeibiGroup,
		R.KEIBI_GROUP_NM AS keibiGroupNm
		FROM
		R_KEIBI_GROUP R
		WHERE
		R.PATH_INF LIKE CONCAT(#{record.lnKeiyk},"%")
		AND R.DEL_FLG = '0'
		ORDER BY R.KEIBI_GROUP_NM ASC
	</select>

	<!-- B)ロール一覧検索 -->
	<select id="getAUserRoleInfo" resultMap="BaseResultMap">
		SELECT
		A.LN_USER_ROLE AS lnUserRole,
		A.USER_ROLE_NM AS userRoleNm
		FROM
		A_USER_ROLE A
		WHERE
		A.PATH_INF = #{record.pathInf}
		LIMIT 1
	</select>

	<!-- C)警備先グループ一覧検索 -->
	<select id="getRKeibiGroupInfo" resultMap="BaseResultMap">
		SELECT
		R.LN_KEIBI_GROUP AS lnKeibiGroup,
		R.KEIBI_GROUP_NM AS keibiGroupNm
		FROM
		R_KEIBI_GROUP R
		WHERE
		R.PATH_INF = #{record.pathInf}
		LIMIT 1
	</select>

	<!-- 利用者アカウント-ロール連関情報取得処理 -->
	<select id="getAAcntUserRoleInfo" resultMap="BaseResultMap">
		SELECT
		A.LN_ACNT_USER_COMMON AS lnacntUserCommon,
		A.LN_USER_ROLE AS lnUserRole,
		A.PATH_INF AS
		pathInf
		FROM
		A_ACNT_USER_ROLE A
		WHERE
		A.LN_ACNT_USER_COMMON = #{record.lnacntUserCommon}
		LIMIT 1
	</select>

	<!--利用者アカウント-ロール連関 -->
	<insert id="insertAAcntUserAuth">
		INSERT INTO A_ACNT_USER_ROLE
		(
		LN_ACNT_USER_COMMON,
		LN_USER_ROLE,
		PATH_INF,
		INSERT_ID,
		INSERT_NM,
		INSERT_TS,
		UPDATE_ID,
		UPDATE_NM,
		UPDATE_TS
		)
		VALUES(
		#{record.lnacntUserCommonSeqNo},
		#{record.lnUserRoleNew},
		#{record.lnKeiyk},
		#{record.insertId},
		#{record.insertNm},
		NOW(),
		#{record.updateId},
		#{record.updateNm},
		NOW()
		)
	</insert>

	<!--利用者操作範囲 -->
	<insert id="insertAUserOperationHani">
		INSERT INTO A_USER_OPERATION_HANI
		(
		LN_ACNT_USER_COMMON,
		PATH_INF,
		LN_KEIBI_GROUP,
		INSERT_ID,
		INSERT_NM,
		INSERT_TS,
		UPDATE_ID,
		UPDATE_NM,
		UPDATE_TS
		)
		VALUES(
		#{record.lnacntUserCommonSeqNo},
		#{record.pathInfStr},
		#{record.lnKeibiGroup},
		#{record.insertId},
		#{record.insertNm},
		NOW(),
		#{record.updateId},
		#{record.updateNm},
		NOW()
		)
	</insert>

	<!-- 利用者操作範囲削除処理を行う. -->
	<delete id="deleteAUserOperationHani"
		parameterType="java.util.HashMap">
		DELETE
		FROM
		A_USER_OPERATION_HANI
		WHERE
		LN_ACNT_USER_COMMON
		= #{record.lnAcntUserCommonEdit}
	</delete>

	<!--利用者操作範囲 -->
	<insert id="insertAUserOperationHani2">
		INSERT INTO A_USER_OPERATION_HANI
		(
		LN_ACNT_USER_COMMON,
		PATH_INF,
		LN_KEIBI_GROUP,
		INSERT_ID,
		INSERT_NM,
		INSERT_TS,
		UPDATE_ID,
		UPDATE_NM,
		UPDATE_TS
		)
		VALUES(
		#{record.lnAcntUserCommonEdit},
		#{record.pathInfStr},
		#{record.lnKeibiGroup},
		#{record.insertId},
		#{record.insertNm},
		NOW(),
		#{record.updateId},
		#{record.updateNm},
		NOW()
		)
	</insert>

	<!--利用者アカウント-ロール連関更新処理 -->
	<update id="updateAAcntUserAuth">
		UPDATE A_ACNT_USER_ROLE t1 SET
		LN_USER_ROLE = #{record.lnUserRoleNew},
		PATH_INF = #{record.lnKeiyk},
		UPDATE_ID = #{record.updateId},
		UPDATE_NM = #{record.updateNm},
		UPDATE_TS = NOW()
		WHERE
		t1.LN_ACNT_USER_COMMON = #{record.lnAcntUserCommonEdit}
	</update>

	<!-- 利用者操作範囲取得処理 -->
	<select id="getAUserOperationHaniInfoList"
		resultMap="BaseResultMap">
		SELECT
		A.PATH_INF AS pathInf,
		A.LN_KEIBI_GROUP AS lnKeibiGroup
		FROM
		A_USER_OPERATION_HANI A
		WHERE
		A.LN_ACNT_USER_COMMON = #{record.lnAcntUserCommonEdit}
	</select>

	<!-- G)編集対象利用者ロール情報取得処理 -->
	<select id="selectLnUserRole" resultMap="BaseResultMap">
		SELECT
		LN_USER_ROLE AS lnUserRole,
		UPDATE_TS AS updateTsRole
		FROM A_ACNT_USER_ROLE
		WHERE
		LN_ACNT_USER_COMMON =#{lnAcntUserCommonEdit}
		LIMIT 1
	</select>

	<!-- J)利用者ロール-権限連関削除 -->
	<delete id="deleteAUserRoleAuth"
		parameterType="java.util.HashMap">
		DELETE FROM A_USER_ROLE_AUTH
		WHERE
		LN_USER_ROLE IN
		(SELECT LN_USER_ROLE
		FROM A_USER_ROLE
		WHERE LN_USER_ROLE = #{record.lnUserRoleStr}
		AND CHG_FLG = '0'
		AND KOBETSU_FLG = '1'
		GROUP BY LN_USER_ROLE)
	</delete>

	<!-- I)利用者ロール削除 -->
	<delete id="deleteAUserRole" parameterType="java.util.HashMap">
		DELETE FROM A_USER_ROLE
		WHERE LN_USER_ROLE = #{record.lnUserRoleStr}
		AND CHG_FLG = '0'
		AND KOBETSU_FLG = '1'
	</delete>

	<!-- G)警備先グループ配下地区情報取得 -->
	<select id="selectAreaSettingInfo" resultMap="BaseResultMap">
		SELECT
		R1.LN_KEIBI_GROUP AS lnKeibiGroup,
		R3.LN_KEIBI AS lnKeibi
		FROM
		R_KEIBI_GROUP R1
		INNER JOIN R_KEIBI_GROUP_KEIBI R2 ON R1.LN_KEIBI_GROUP = R2.LN_KEIBI_GROUP
		INNER JOIN R_KEIBI R3 ON R2.LN_KEIBI = R3.LN_KEIBI
		WHERE
		R1.LN_KEIBI_GROUP = #{record.lnKeibiGroup}
		AND R1.DEL_FLG = '0'
		AND R2.DEL_FLG = '0'
		ORDER BY
		R3.LN_KEIBI
	</select>

</mapper>
