<?xml version="1.0" encoding="UTF-8" ?>
<!DOCTYPE mapper
        PUBLIC "-//mybatis.org//DTD Mapper 3.0//EN"
        "http://mybatis.org/dtd/mybatis-3-mapper.dtd">
<mapper namespace="jp.co.alsok.g6.zwu.dao.mapper.g6.SZWU0700Mapper">
	<!-- 返却用 -->
	<resultMap id="BaseResultMap" type="jp.co.alsok.g6.zwu.entity.g6.SZWU0700Info">
		<id column="lnKeibi" jdbcType="CHAR" property="lnKeibi"/>
		<result column="KEIBI_NAME1" jdbcType="CHAR" property="keibiName1"/>
		<result column="KEIBI_NAME2" jdbcType="CHAR" property="keibiName2"/>
		<result column="KEIBI_ADDR_1" jdbcType="CHAR" property="keibiAddr1"/>
		<result column="KEIBI_ADDR_2" jdbcType="CHAR" property="keibiAddr2"/>
		<result column="keibiName" jdbcType="CHAR" property="keibiName"/>
		<result column="keibiAddr" jdbcType="CHAR" property="keibiAddr"/>
		<result column="keibiType" jdbcType="CHAR" property="keibiType"/>
		<result column="lnKeiyk" jdbcType="CHAR" property="lnKeiyk"/>
		<result column="lnKbChiku" jdbcType="CHAR" property="lnKbChiku"/>
	</resultMap>
	<!-- 検索結果一覧の取得 -->
	<select id="searchKeiBiListInfo" resultMap="BaseResultMap">
		SELECT
		RKI.LN_KEIBI as lnKeibi,
		RKI.KEIBI_NAME1,
		RKI.KEIBI_NAME2,
		RKI.KEIBI_ADDR_1,
		RKI.KEIBI_ADDR_2,
		concat(RKI.KEIBI_NAME1,RKI.KEIBI_NAME2) as keibiName,
		concat(RKI.KEIBI_ADDR_1,RKI.KEIBI_ADDR_2) as keibiAddr,
		'G6' as keibiType,
		RKK.LN_KEIYK as lnKeiyk
		FROM
		<!-- 契約先 -->
		R_KEIYK RKK
		<!-- 契約先-物件連関 -->
		INNER JOIN R_KEIYK_BUKKEN RKB
		<!-- 契約先.LN_契約先論理番号 ＝ 契約先-物件連関.LN_契約先論理番号 -->
		ON RKK.LN_KEIYK = RKB.LN_KEIYK
		<!-- 警備先 -->
		INNER JOIN R_KEIBI RKI
		<!-- 契約先-物件連関.LN_物件論理番号 ＝ 警備先.LN_物件論理番号 -->
		ON RKB.LN_BUKKEN = RKI.LN_BUKKEN
		WHERE
		<!-- 契約先.削除フラグ ＝ 0：未削除 -->
		RKK.DEL_FLG = '0'
		<!-- 契約先-物件連関.削除フラグ ＝ 0：未削除 -->
		AND RKB.DEL_FLG = '0'
		<!-- 警備先.削除フラグ ＝ 0：未削除 -->
		AND RKI.DEL_FLG = '0'
		<if test="lnKeiykList != null and lnKeiykList.length > 0">
			AND RKK.LN_KEIYK IN
			<foreach item="item" index="index" collection="lnKeiykList" open="(" separator="," close=")">
				'${item}'
			</foreach>
		</if>
		<if test="lnKeibiList != null and lnKeibiList.length > 0">
			AND RKI.LN_KEIBI IN
			<foreach item="item" index="index" collection="lnKeibiList" open="(" separator="," close=")">
				'${item}'
			</foreach>
		</if>
		<if test="keiBi != null and keiBi != ''">
			AND (RKI.KEIBI_NAME1 LIKE CONCAT(CONCAT('%', #{keiBi}, '%')) ESCAPE '/'
			OR RKI.KEIBI_NAME2 LIKE CONCAT(CONCAT('%', #{keiBi}, '%')) ESCAPE '/'
			OR RKI.KEIBI_NAME1_KANA LIKE CONCAT(CONCAT('%', #{keiBi}, '%')) ESCAPE '/'
			OR RKI.KEIBI_NAME2_KANA LIKE CONCAT(CONCAT('%', #{keiBi}, '%')) ESCAPE '/')
		</if>
		ORDER BY RKI.KEIBI_NAME1 ASC,
		RKI.KEIBI_NAME2 ASC,
		RKI.LN_KEIBI ASC

<!-- 		LIMIT #{offset} , #{pageSize} -->
	</select>

	<!-- 検索結果一覧の取得 -->
	<select id="searchKeiBiListInfoCnt" resultType="java.lang.Integer">
		SELECT
		COUNT(RKI.LN_KEIBI)
		FROM
		<!-- 契約先 -->
		R_KEIYK RKK
		<!-- 契約先-物件連関 -->
		INNER JOIN R_KEIYK_BUKKEN RKB
		<!-- 契約先.LN_契約先論理番号 ＝ 契約先-物件連関.LN_契約先論理番号 -->
		ON RKK.LN_KEIYK = RKB.LN_KEIYK
		<!-- 警備先 -->
		INNER JOIN R_KEIBI RKI
		<!-- 契約先-物件連関.LN_物件論理番号 ＝ 警備先.LN_物件論理番号 -->
		ON RKB.LN_BUKKEN = RKI.LN_BUKKEN
		WHERE
		<!-- 契約先.削除フラグ ＝ 0：未削除 -->
		RKK.DEL_FLG = '0'
		<!-- 契約先-物件連関.削除フラグ ＝ 0：未削除 -->
		AND RKB.DEL_FLG = '0'
		<!-- 警備先.削除フラグ ＝ 0：未削除 -->
		AND RKI.DEL_FLG = '0'
		<if test="lnKeiykList != null and lnKeiykList.length > 0">
			AND RKK.LN_KEIYK IN
			<foreach item="item" index="index" collection="lnKeiykList" open="(" separator="," close=")">
				'${item}'
			</foreach>
		</if>
		<if test="lnKeibiList != null and lnKeibiList.length > 0">
			AND RKI.LN_KEIBI IN
			<foreach item="item" index="index" collection="lnKeibiList" open="(" separator="," close=")">
				'${item}'
			</foreach>
		</if>
		<if test="keiBi != null and keiBi != ''">
			AND (KEIBI_NAME1 LIKE CONCAT(CONCAT('%', #{keiBi}, '%')) ESCAPE '/'
			OR KEIBI_NAME2 LIKE CONCAT(CONCAT('%', #{keiBi}, '%')) ESCAPE '/'
			OR KEIBI_NAME1_KANA LIKE CONCAT(CONCAT('%', #{keiBi}, '%')) ESCAPE '/'
			OR KEIBI_NAME2_KANA LIKE CONCAT(CONCAT('%', #{keiBi}, '%')) ESCAPE '/')
		</if>
	</select>
	
	<!-- A)警備先地区論理番号リストの取得(次期警備) -->
	<select id="searchRkbChiku" resultMap="BaseResultMap">
		SELECT
			RKC.LN_KB_CHIKU as lnKbChiku
		FROM
		<!-- 警備先地区-->
			R_KB_CHIKU RKC
		WHERE
			RKC.LN_KEIBI = '${lnKeibi}'
		ORDER BY
			RKC.SUB_ADDR
	</select>
	
</mapper>