<?xml version="1.0" encoding="UTF-8" ?>
<!DOCTYPE mapper
        PUBLIC "-//mybatis.org//DTD Mapper 3.0//EN"
        "http://mybatis.org/dtd/mybatis-3-mapper.dtd">
<mapper namespace="jp.co.alsok.g6.zwu.dao.mapper.com.SZWU0600ComMapper">
	<resultMap id="BaseResultMap" type="jp.co.alsok.g6.zwu.entity.g6.SZWU0600Info">
		<id column="lnAcntUserCommon" jdbcType="CHAR" property="lnAcntUserCommon"/>
		<result column="acntNm" jdbcType="CHAR" property="acntNm"/>
		<result column="mlAddr" jdbcType="CHAR" property="mlAddr"/>
		<result column="passwd" jdbcType="CHAR" property="password"/>
		<result column="acntUserKbn" jdbcType="CHAR" property="acntUserKbn"/>
		<result column="flgLoginSts" jdbcType="CHAR" property="flgLoginSts"/>
		<result column="cntLoginErr" jdbcType="CHAR" property="cntLoginErr"/>
		<result column="jigyouNm" jdbcType="CHAR" property="jigyouNm"/>
		<result column="jigyouTelNum" jdbcType="CHAR" property="jigyouTelNum"/>
		<result column="updateTs" jdbcType="CHAR" property="updateTs" />
		<result column="question1" jdbcType="CHAR" property="question1" />
		<result column="answer1" jdbcType="CHAR" property="answer1" />
		<result column="question2" jdbcType="CHAR" property="question2" />
		<result column="answer2" jdbcType="CHAR" property="answer2" />
		<result column="question3" jdbcType="CHAR" property="question3" />
		<result column="answer3" jdbcType="CHAR" property="answer3" />
	</resultMap>

	<!-- 利用者アカウント共通情報の取得する -->
	<select id="selectAcntUserCommon" resultMap="BaseResultMap">
		SELECT
		LN_ACNT_USER_COMMON AS lnAcntUserCommon, <!-- 利用者アカウント共通.LN_利用者アカウント共通論理番号 -->
		ACNT_NM AS acntNm, <!-- 利用者アカウント共通.アカウント名称 -->
		ML_ADDR AS mlAddr, <!-- 利用者アカウント共通.メールアドレス -->
		PASSWD AS passwd, <!-- 利用者アカウント共通.パスワード -->
		ACNT_USER_KBN AS acntUserKbn, <!-- 利用者アカウント共通.利用者アカウント区分 -->
		UPDATE_TS AS updateTs,
		QUESTION_1 AS question1,
		ANSWER_1 AS answer1,
		QUESTION_2 AS question2,
		ANSWER_2 AS answer2,
		QUESTION_3 AS question3,
		ANSWER_3 AS answer3
		FROM
		K_ACNT_USER_COMMON
		WHERE
		ACNT_ID = #{acntId}
		<if test="updateTs != null and updateTs != ''">
			AND UPDATE_TS = '${updateTs}'
		</if>
		limit 1
	</select>

	<!-- 利用者ログイン状態の取得する -->
	<select id="searchKAcntUserLoginSts" resultMap="BaseResultMap">
		SELECT
		<!-- 利用者ログイン状態.ログイン状態フラグ -->
		FLG_LOGIN_STS as flgLoginSts,
		<!-- 利用者ログイン状態.ログイン失敗回数 -->
		CNT_LOGIN_ERR as cntLoginErr,
		UPDATE_TS AS updateTs
		FROM
		K_ACNT_USER_LOGIN_STS
		WHERE LN_ACNT_USER_COMMON = #{lnAcntUserCommon}
		<if test="updateTs != null and updateTs != ''">
			AND UPDATE_TS = '${updateTs}'
		</if>
	</select>

	<!-- 利用者ログイン状態 (利用者アカウントをパスワードロックする) -->
	<update id="updateKAcntUserLoginSts" parameterType="java.util.HashMap">
		UPDATE K_ACNT_USER_LOGIN_STS
		<set>
			<if test="errCout != 0">
				CNT_LOGIN_ERR = CNT_LOGIN_ERR + 1
			</if>

			<if test="errCout == 0">
				FLG_LOGIN_STS = #{loginSts}
				,CNT_LOGIN_ERR = #{errCout}
			</if>

			,UPDATE_ID = #{updateId}
			,UPDATE_NM = #{updateNm}
			,UPDATE_TS = #{updateTs}
		</set>
		where LN_ACNT_USER_COMMON = #{lnAcntUserCommon};
	</update>

	<!-- アカウント共通情報更新処理 -->
	<update id="updateKacntUserCommon" parameterType="java.util.HashMap">
		UPDATE
		K_ACNT_USER_COMMON
		SET
		PASSWD = #{passwd},
		ACNT_NM = #{acntNm},
		QUESTION_1 = #{question1},
		ANSWER_1 = #{answer1},
		<if test="question2 != null">
			QUESTION_2 = #{question2},
		</if>
		<if test="answer2 != null">
			ANSWER_2 = #{answer2},
		</if>
		<if test="question3 != null">
			QUESTION_3 = #{question3},
		</if>
		<if test="answer3 != null">
			ANSWER_3 = #{answer3},
		</if>
		UPDATE_ID = #{updateId}
		,UPDATE_NM = #{updateNm}
		,UPDATE_TS = #{updateTs}
		WHERE
		LN_ACNT_USER_COMMON = #{lnAcntUserCommon}
	</update>

	<!-- 受注事業所情報の取得 -->
	<select id="searchJuchuJigyou" resultMap="BaseResultMap">
		SELECT
		k.JIGYOU_NM AS jigyouNm,
		k.JIGYOU_TEL_NUM AS jigyouTelNum
		FROM
		commondb.K_JIGYOU k
		INNER JOIN
		g6db.R_KEIBI r
		ON
		r.JUCHU_JIGYOU_CD = k.JIGYOU_CD
		WHERE
		r.LN_KEIBI = #{lnKeiBi}
	</select>

	<!-- 実施事業所情報の取得 -->
	<select id="searchJisshiJigyou" resultMap="BaseResultMap">
		SELECT
		k.JIGYOU_NM AS jigyouNm,
		k.JIGYOU_TEL_NUM AS jigyouTelNum
		FROM
		commondb.K_JIGYOU k
		INNER JOIN
		g6db.R_KEIBI r
		ON
		r.JISSHI_JIGYOU_CD = k.JIGYOU_CD
		WHERE
		r.LN_KEIBI = #{lnKeiBi}
	</select>

</mapper>