<?xml version="1.0" encoding="UTF-8" ?>
<!DOCTYPE mapper
		PUBLIC "-//mybatis.org//DTD Mapper 3.0//EN"
		"http://mybatis.org/dtd/mybatis-3-mapper.dtd">
<mapper namespace="jp.co.alsok.g6.zwu.dao.mapper.com.SZWU6900ComMapper">
 <!--返却用 -->
 <resultMap id = "BaseResultMap" type="jp.co.alsok.g6.zwu.web.form.SZWU6900Form">
   <id column="acntId" jdbcType="CHAR" property="acntId" />
    <result column="lnacntUserCommon" jdbcType="CHAR" property="lnacntUserCommon" />
    <result column="acntId" jdbcType="CHAR" property="acntId" />
    <result column="mlAddr1" jdbcType="CHAR" property="mlAddr1" />
    <result column="mlAddr2" jdbcType="CHAR" property="mlAddr2" />
    <result column="passWd1" jdbcType="CHAR" property="passWd1" />
    <result column="passWd2" jdbcType="CHAR" property="passWd2" />
    <result column="acntNm" jdbcType="CHAR" property="acntNm" />    
    <result column="acntNmKana" jdbcType="CHAR" property="acntNmKana" />
    <result column="syainCd" jdbcType="CHAR" property="syainCd" />
    <result column="busyoNm" jdbcType="CHAR" property="busyoNm" />
    <result column="busyoNmKana" jdbcType="CHAR" property="busyoNmKana" />
    <result column="yakusyokuNm" jdbcType="CHAR" property="yakusyokuNm" />
    <result column="yakusyokuNmKana" jdbcType="CHAR" property="yakusyokuNmKana" />
    <result column="acntUserKbn" jdbcType="CHAR" property="acntUserKbn" />
    <result column="telNm1" jdbcType="CHAR" property="telNm1" />
    <result column="telNm2" jdbcType="CHAR" property="telNm2" />
    <result column="insertId" jdbcType="CHAR" property="insertId" />
    <result column="insertNm" jdbcType="CHAR" property="insertNm" />
    <result column="insertTs" jdbcType="DATE" property="insertTs" />
    <result column="updateId" jdbcType="CHAR" property="updateId" />
    <result column="updateNm" jdbcType="CHAR" property="updateNm" />
    <result column="updateTs" jdbcType="DATE" property="updateTs" />
    <result column="juchuJigyouNm" jdbcType="CHAR" property="juchuJigyouNm" />
	<result column="juchuJigyouTelNum" jdbcType="CHAR" property="juchuJigyouTelNum" />
	<result column="jisshiJigyouNm" jdbcType="CHAR" property="jisshiJigyouNm" />
	<result column="jisshiJigyouTelNum" jdbcType="CHAR" property="jisshiJigyouTelNum" />
	<result column="updateTsCommon" jdbcType="CHAR" property="updateTsCommon" />
	<result column="updateTsSts" jdbcType="CHAR" property="updateTsSts" />
</resultMap>
 <!-- 利用者メールアドレス検索  -->
  <select id="selectUserCommon" resultMap="BaseResultMap">
   SELECT 
	t1.LN_ACNT_USER_COMMON AS lnacntUserCommon,
	t1.ACNT_ID AS acntId,
	t1.ML_ADDR AS mlAddr1,
	t1.ML_ADDR AS mlAddr2,
	t1.PASSWD AS passWd1,
	t1.PASSWD AS passWd2,
	t1.ACNT_NM AS acntNm,
	t1.ACNT_NM_KANA AS acntNmKana,
	t1.SYAIN_CD AS syainCd,
	t1.BUSYO_NM AS busyoNm,
	t1.BUSYO_NM_KANA AS busyoNmKana,
	t1.YAKUSYOKU_NM AS yakusyokuNm,
	t1.YAKUSYOKU_KANA AS yakusyokuNmKana,
	t1.ACNT_USER_KBN AS acntUserKbn,
	t1.TEL_NUM_1 AS telNm1,
	t1.TEL_NUM_1 AS telNm2,
	t1.INSERT_ID AS insertId,
	t1.INSERT_NM AS insertNm,
	t1.INSERT_TS AS insertTs,
	t1.UPDATE_ID AS updateId,
	t1.UPDATE_NM AS updateNm,
	t1.UPDATE_TS AS updateTs
   FROM
		K_ACNT_USER_COMMON t1    
   WHERE 
   		t1.ACNT_ID = #{record.mlAddr1}
  </select>
   <!-- 利用者メールアドレス検索  -->
  <select id="selectUserCommonById" resultMap="BaseResultMap">
   SELECT 
	t1.LN_ACNT_USER_COMMON AS lnacntUserCommon,
	t1.ACNT_ID AS acntId,
	t1.ML_ADDR AS mlAddr1,
	t1.ML_ADDR AS mlAddr2,
	t1.PASSWD AS passWd1,
	t1.PASSWD AS passWd2,
	t1.ACNT_NM AS acntNm,
	t1.ACNT_NM_KANA AS acntNmKana,
	t1.SYAIN_CD AS syainCd,
	t1.BUSYO_NM AS busyoNm,
	t1.BUSYO_NM_KANA AS busyoNmKana,
	t1.YAKUSYOKU_NM AS yakusyokuNm,
	t1.YAKUSYOKU_KANA AS yakusyokuNmKana,
	t1.ACNT_USER_KBN AS acntUserKbn,
	t1.TEL_NUM_1 AS telNm1,
	t1.TEL_NUM_1 AS telNm2,
	t1.INSERT_ID AS insertId,
	t1.INSERT_NM AS insertNm,
	t1.INSERT_TS AS insertTs,
	t1.UPDATE_ID AS updateId,
	t1.UPDATE_NM AS updateNm,
	t1.UPDATE_TS AS updateTsCommon
   FROM
		K_ACNT_USER_COMMON t1    
   WHERE 
   		t1.LN_ACNT_USER_COMMON = #{record.lnAcntUserCommonEdit}
  </select>


   <!-- 利用者アカウント共通のロック  -->
  <select id="selectUserCommonByIdLock" resultMap="BaseResultMap">
   SELECT 
	t1.LN_ACNT_USER_COMMON AS lnacntUserCommon
   FROM
		K_ACNT_USER_COMMON t1    
   WHERE 
   		t1.LN_ACNT_USER_COMMON = #{record.lnAcntUserCommonEdit}
   		AND t1.UPDATE_TS = #{record.updateTsCommon}
  </select>
  
   <!-- 利用者ログイン状態のロック  -->
  <select id="selectUserStatusById" resultMap="BaseResultMap">
   SELECT 
		t1.LN_ACNT_USER_COMMON AS lnacntUserCommon
   FROM
		K_ACNT_USER_LOGIN_STS t1    
   WHERE 
   		t1.LN_ACNT_USER_COMMON = #{record.lnAcntUserCommonEdit}
	    AND t1.UPDATE_TS = #{record.updateTsSts}
  </select>
  <!--アカウント情報登録処理-->
  <insert id="insertUserCommon">
  INSERT INTO K_ACNT_USER_COMMON (
	LN_ACNT_USER_COMMON,
	ACNT_ID,
	ML_ADDR,
	PASSWD,
	ACNT_NM,
	ACNT_NM_KANA,
	SYAIN_CD,
	BUSYO_NM,
	BUSYO_NM_KANA,
	YAKUSYOKU_NM,
	YAKUSYOKU_KANA,
	ACNT_USER_KBN,
	TEL_NUM_1,
	INSERT_ID,
	INSERT_NM,
	INSERT_TS,
	UPDATE_ID,
	UPDATE_NM,
	UPDATE_TS
) VALUES(
	#{record.lnacntUserCommonSeqNo},
	#{record.mlAddr1},
	#{record.mlAddr1},
	#{record.passWd1},
	#{record.acntNmEdit},
	#{record.acntNmKana},
	#{record.syainCd},
	#{record.busyoNm},
	#{record.busyoNmKana},
	#{record.yakusyokuNm},
	#{record.yakusyokuNmKana},
	1,
	#{record.telNm1},
	#{record.insertId},
	#{record.insertNm},
	NOW(),
	#{record.updateId},
	#{record.updateNm},
	NOW()
)
  </insert>
    <!--アカウントログイン状態の登録-->
  <insert id="insertAcntUserLoginSts">
	INSERT INTO K_ACNT_USER_LOGIN_STS (
	LN_ACNT_USER_COMMON,
	LAST_LOGIN_TS,
	LAST_LOGOUT_TS,
	FLG_LOGIN_STS,
	CNT_LOGIN_ERR,
	SELECT_LANG,
	INSERT_ID,
	INSERT_NM,
	INSERT_TS,
	UPDATE_ID,
	UPDATE_NM,
	UPDATE_TS
)
VALUES
	(
		#{record.lnacntUserCommonSeqNo},
		NULL,
		NULL,
		0,
		0,
		#{record.selectLang},
		#{record.insertId},
		#{record.insertNm},
		NOW(),
		#{record.updateId},
		#{record.updateNm},
		NOW()
	)
  </insert>
      <!--アカウントログイン状態の登録-->
  <update id="updateAcntUserLoginSts">
	UPDATE  K_ACNT_USER_LOGIN_STS t1 SET
	LAST_LOGIN_TS = NULL,
	LAST_LOGOUT_TS = NULL,
	FLG_LOGIN_STS = 0,
	CNT_LOGIN_ERR = 0,
	UPDATE_ID = #{record.updateId},
	UPDATE_NM = #{record.updateNm},
	UPDATE_TS = NOW()
	WHERE 
   	t1.LN_ACNT_USER_COMMON = #{record.lnAcntUserCommonEdit}
  </update>
    <!--アカウント共通情報更新処理-->
  <update id="updateUserCommon">
  UPDATE  K_ACNT_USER_COMMON t1 SET
	ACNT_ID = #{record.mlAddr1},
	ML_ADDR = #{record.mlAddr1},
	PASSWD = #{record.passWd1},
	ACNT_NM = #{record.acntNmEdit},
	ACNT_NM_KANA = #{record.acntNmKana},
	SYAIN_CD = #{record.syainCd},
	BUSYO_NM = #{record.busyoNm},
	BUSYO_NM_KANA = #{record.busyoNmKana},
	YAKUSYOKU_NM = #{record.yakusyokuNm},
	YAKUSYOKU_KANA = #{record.yakusyokuNmKana},
	ACNT_USER_KBN = 1,
	TEL_NUM_1 = #{record.telNm1},
	INSERT_ID = #{record.insertId},
	INSERT_NM = #{record.insertNm},
	INSERT_TS = NOW(),
	UPDATE_ID = #{record.updateId},
	UPDATE_NM = #{record.updateNm},
	UPDATE_TS = NOW()
   WHERE 
   		t1.LN_ACNT_USER_COMMON = #{record.lnAcntUserCommonEdit}
</update>

 <!-- アカウント作成ユーザの言語情報取得  -->
<select id="getSelectLangById" resultType="java.lang.String">
    SELECT 
		K.SELECT_LANG 
	FROM 
		K_ACNT_USER_LOGIN_STS K 
	WHERE 
		K.LN_ACNT_USER_COMMON = #{record.lnacntUserCommon}
</select>

<!-- 受注事業所情報の取得  -->
<select id="getKJigyouJuchu" resultMap="BaseResultMap">
	SELECT
		K.JIGYOU_NM AS juchuJigyouNm,
		K.JIGYOU_TEL_NUM AS juchuJigyouTelNum
	FROM
		 g6db.R_KEIBI R INNER JOIN commondb.K_JIGYOU K
		   ON R.JUCHU_JIGYOU_CD = K.JIGYOU_CD
	WHERE
		R.LN_KEIBI = #{record.lnKeibi}
</select>

 <!-- 実施事業所情報の取得  -->
<select id="getKJigyouJisshi" resultMap="BaseResultMap">
	SELECT
		K.JIGYOU_NM AS jisshiJigyouNm,
		K.JIGYOU_TEL_NUM AS jisshiJigyouTelNum
	FROM
		 g6db.R_KEIBI R INNER JOIN commondb.K_JIGYOU K
		   ON R.JISSHI_JIGYOU_CD = K.JIGYOU_CD
	WHERE
		R.LN_KEIBI = #{record.lnKeibi}
</select>

<!--利用者アカウント共通-利用者アカウント連関の登録-->
  <insert id="insertKAcntUserCommonAcntUser">
	INSERT INTO K_ACNT_USER_COMMON_ACNT_USER (
	LN_ACNT_USER_COMMON_ACNT_USER,
	LN_ACNT_USER,
	ACNT_KIND,
	LN_ACNT_USER_COMMON,
	INSERT_ID,
	INSERT_NM,
	INSERT_TS,
	UPDATE_ID,
	UPDATE_NM,
	UPDATE_TS
)
VALUES
	(
		#{record.lnAcntUserCommonAcntUser},
		' ',
		'0',
		#{record.lnacntUserCommonSeqNo},
		#{record.insertId},
		#{record.insertNm},
		NOW(),
		#{record.updateId},
		#{record.updateNm},
		NOW()
	)
</insert>

   <!-- ロック用の利用者ログイン状態.更新日時取得  -->
  <select id="selectUserStatusByIdUpdateTs" resultMap="BaseResultMap">
   SELECT 
		t1.UPDATE_TS AS updateTsSts
   FROM
		K_ACNT_USER_LOGIN_STS t1    
   WHERE 
   		t1.LN_ACNT_USER_COMMON = #{record.lnAcntUserCommonEdit}
  </select>
  

</mapper>