<?xml version="1.0" encoding="UTF-8" ?>
<!DOCTYPE mapper PUBLIC "-//mybatis.org//DTD Mapper 3.0//EN" "http://mybatis.org/dtd/mybatis-3-mapper.dtd">
<mapper namespace="jp.co.alsok.g6.zwu.dao.mapper.com.SZWU7500ComMapper">
	<resultMap id="BaseResultMap" type="jp.co.alsok.g6.zwu.entity.g6.SZWU7500Info">
		<id column="lnAcntUserCommon" jdbcType="CHAR" property="lnAcntUserCommon" />
		<result column="jigyouNm" jdbcType="CHAR" property="jigyouNm" />
		<result column="jigyouTelNum" jdbcType="CHAR" property="jigyouTelNum" />
		<result column="passwd" jdbcType="CHAR" property="passwd" />
		<result column="updateTs" jdbcType="CHAR" property="updateTs" />
	</resultMap>

	<!-- 利用者アカウント共通情報の更新対象をロックする -->
	<select id="searchKAcntUserCommonLock" resultMap="BaseResultMap">
		SELECT
		LN_ACNT_USER_COMMON AS lnAcntUserCommon,
		PASSWD AS passwd,
		UPDATE_TS AS updateTs
		FROM
		K_ACNT_USER_COMMON
		WHERE
		LN_ACNT_USER_COMMON = #{lnAcntUserCommon}
		<if test="updateTs != null  and updateTs != ''">
			AND UPDATE_TS = '${updateTs}'
		</if>
	</select>

	<!-- 利用者ログイン状態の更新対象をロック -->
	<select id="searchKAcntUserLoginStsLock" resultMap="BaseResultMap">
		SELECT
		LN_ACNT_USER_COMMON AS lnAcntUserCommon,
		UPDATE_TS AS updateTs
		FROM
		K_ACNT_USER_LOGIN_STS
		WHERE
		LN_ACNT_USER_COMMON = #{lnAcntUserCommon}
		<if test="updateTs != null">
			AND UPDATE_TS = '${updateTs}'
		</if>
	</select>

	<!-- 利用者アカウント共通情報更新処理 -->
	<update id="updateKAcntUserCommon" parameterType="java.util.HashMap">
		UPDATE K_ACNT_USER_COMMON
		<set>
			<if test="lnAcntUserCommon != null">
				LN_ACNT_USER_COMMON = #{lnAcntUserCommon},
			</if>
			<if test="password != null">
				PASSWD = #{password},
			</if>
			<if test="updateId != null">
				UPDATE_ID = #{updateId},
			</if>
			<if test="updateNm != null">
				UPDATE_NM = #{updateNm},
			</if>
			<if test="updateTs != null">
				UPDATE_TS = #{updateTs}
			</if>
		</set>
		WHERE LN_ACNT_USER_COMMON = #{lnAcntUserCommon};
	</update>

	<!-- アカウントログイン状態を更新 -->
	<update id="updateKAcntUserLoginSts" parameterType="java.util.HashMap">
		UPDATE K_ACNT_USER_LOGIN_STS
		<set>
		    <if test="lastLogoutTs != null">
				LAST_LOGOUT_TS = #{lastLogoutTs},
			</if>
			<if test="cntLoginErr != null">
				CNT_LOGIN_ERR = #{cntLoginErr},
			</if>
			<if test="updateId != null">
				UPDATE_ID = #{updateId},
			</if>
			<if test="updateNm != null">
				UPDATE_NM = #{updateNm},
			</if>
			<if test="updateTs != null">
				UPDATE_TS = #{updateTs}
			</if>
		</set>
		WHERE LN_ACNT_USER_COMMON = #{lnAcntUserCommon};
	</update>

	<!-- 受注事業所情報の取得 -->
	<select id="searchJuchuJigyou" resultMap="BaseResultMap">
		SELECT
		k.JIGYOU_NM AS jigyouNm,
		k.JIGYOU_TEL_NUM AS jigyouTelNum
		FROM
		commondb.K_JIGYOU k
		INNER
		JOIN
		g6db.R_KEIBI r
		ON
		r.JUCHU_JIGYOU_CD = k.JIGYOU_CD
		WHERE
		r.LN_KEIBI = #{lnKeiBi}
	</select>

	<!-- 実施事業所情報の取得 -->
	<select id="searchJisshiJigyou" resultMap="BaseResultMap">
		SELECT
		k.JIGYOU_NM AS jigyouNm,
		k.JIGYOU_TEL_NUM AS jigyouTelNum
		FROM
		commondb.K_JIGYOU k
		INNER
		JOIN
		g6db.R_KEIBI r
		ON
		r.JISSHI_JIGYOU_CD = k.JIGYOU_CD
		WHERE
		r.LN_KEIBI = #{lnKeiBi}
	</select>

</mapper>