<?xml version="1.0" encoding="UTF-8" ?>
<!DOCTYPE mapper
        PUBLIC "-//mybatis.org//DTD Mapper 3.0//EN"
        "http://mybatis.org/dtd/mybatis-3-mapper.dtd">
<mapper namespace="jp.co.alsok.g6.zwu.dao.mapper.com.SZWU0000ComMapper">
	<!-- 返却用 -->
	<resultMap id="BaseResultMap" type="jp.co.alsok.g6.zwu.entity.g6.SZWU0000Info">
		<id column="LN_ACNT_USER_COMMON" jdbcType="CHAR" property="lnAcntUserCommon" />
		<result column="ACNT_NM" jdbcType="CHAR" property="acntNm" />
		<result column="ACNT_NM_KANA" jdbcType="CHAR" property="acntNmKana" />
		<result column="ML_ADDR" jdbcType="CHAR" property="mlAddr" />
		<result column="PASSWD" jdbcType="CHAR" property="passWd" />
		<result column="ML_SEND_STS" jdbcType="CHAR" property="mlSendSts" />
		<result column="CHECK_STS" jdbcType="CHAR" property="checkSts" />
		<result column="UPDATE_TS" jdbcType="DATE" property="updateTs" />
		<result column="LAST_LOGIN_TS" jdbcType="DATE" property="lastLoginTs" />
	</resultMap>
	<!-- ログイン失敗回数を取得 -->
	<select id="getloginErrorCount" resultType="java.lang.String">
		SELECT
		CNT_LOGIN_ERR
		FROM K_ACNT_USER_LOGIN_STS
		WHERE LN_ACNT_USER_COMMON = #{acntUserCommon}
	</select>
	
	<!--  利用者ログイン状態のロック -->
	<select id="getKacntUserLoginStsLock" resultMap="BaseResultMap">
		SELECT
		UPDATE_TS
		FROM K_ACNT_USER_LOGIN_STS
		WHERE LN_ACNT_USER_COMMON = #{acntUserCommon}
		<if test="updateTs != null">
			AND UPDATE_TS = '${updateTs}'
		</if>
	</select>
	
	<!-- 利用者アカウントのログインエラー回数を更新 -->
	<update id="updateLoginErrorCount" parameterType="java.util.HashMap">
		UPDATE K_ACNT_USER_LOGIN_STS
		<set>
			<if test="loginSts != null">
				FLG_LOGIN_STS = #{loginSts},
			</if>
			<if test="errCout == 0">
				CNT_LOGIN_ERR = #{errCout},
			</if>
			<if test="errCout != 0 ">
				CNT_LOGIN_ERR = CNT_LOGIN_ERR + 1,
			</if>
			LAST_LOGIN_TS = #{lastLoginTs}
			,UPDATE_ID = #{updateId}
			,UPDATE_NM = #{updateNm}
			,UPDATE_TS = #{updateTs}
		</set>
		where LN_ACNT_USER_COMMON = #{acntUserCommon};
	</update>
	
	<!-- 最終ログイン日時の取得 -->
	<select id="getLoginlastLoginTs" resultMap="BaseResultMap">
		SELECT
		LAST_LOGIN_TS
		FROM K_ACNT_USER_LOGIN_STS
		WHERE LN_ACNT_USER_COMMON = #{acntUserCommon}
	</select>
	
</mapper>