<?xml version="1.0" encoding="UTF-8" ?>
<!DOCTYPE mapper
		PUBLIC "-//mybatis.org//DTD Mapper 3.0//EN"
		"http://mybatis.org/dtd/mybatis-3-mapper.dtd">
<mapper namespace="jp.co.alsok.g6.zwu.dao.mapper.com.SZWU6500ComMapper">

	<resultMap id="BaseResultMap" type="jp.co.alsok.g6.zwu.entity.g6.SZWU6500Info">
		<result column="GC_CD" jdbcType="CHAR" property="gcCd"/>
		<result column="GC_TEL_NUM" jdbcType="CHAR" property="gcTelNum"/>
		<result column="JIGYOU_TEL_NUM" jdbcType="CHAR" property="jigyouTelNum"/>
		<result column="JIGYOU_CD" jdbcType="CHAR" property="jigyouCd"/>
		<result column="JIGYOU_NM" jdbcType="CHAR" property="jigyouNm"/>
	</resultMap>

	<!-- ガードセンター(GC電話番号) -->
	<select id="selectGcTelNumG6" parameterType="java.util.HashMap" resultMap="BaseResultMap">
		SELECT
		    GC_TEL_NUM
		FROM
		    K_GC
		WHERE
		    GC_CD = #{gcCd}
	</select>

	<!-- 事業所(事業所名称) -->
	<select id="selectJigyouNmG6" parameterType="java.util.HashMap" resultMap="BaseResultMap">
		SELECT
		    JIGYOU_NM,
		    JIGYOU_TEL_NUM
		FROM
		    K_JIGYOU
		WHERE
		    JIGYOU_CD = #{JisshiJigyouCd}
	</select>

</mapper>