<?xml version="1.0" encoding="UTF-8" ?>
<!DOCTYPE mapper
        PUBLIC "-//mybatis.org//DTD Mapper 3.0//EN" "http://mybatis.org/dtd/mybatis-3-mapper.dtd">
<mapper namespace="jp.co.alsok.g6.zwu.dao.mapper.gv.SZWU0700GvMapper">
    <!-- 返却用 -->
	<resultMap id="BaseResultMap" type="jp.co.alsok.g6.zwu.entity.g6.SZWU0700Info">
		<id column="lnKeibi" jdbcType="CHAR" property="lnKeibi"/>
		<result column="keibiName" jdbcType="CHAR" property="keibiName"/>
		<result column="keibiAddr" jdbcType="CHAR" property="keibiAddr"/>
		<result column="keibiType" jdbcType="CHAR" property="keibiType"/>
		<result column="lnKeiyk" jdbcType="CHAR" property="lnKeiyk"/>
		<result column="USER_ID" jdbcType="CHAR" property="userId"/>
		<result column="PASSWORD" jdbcType="CHAR" property="password"/>
	</resultMap>
	
	<!-- 検索結果一覧の取得: 警備先の取得(ＧⅤ)-->
	<select id="searchKeiBiListInfoGv" resultMap="BaseResultMap">
		SELECT
		KM.LN_KEIBI as lnKeibi,
		concat(KM.KEIBI_NAME1,KM.KEIBI_NAME2) as keibiName,
		concat(AM.ADDR_NM1,AM.ADDR_NM2,AM.ADDR_NM3,AM.ADDR_NM4,BM.ID_ADDR_CD5,BM.ID_ADDR_CD6,BM.ADDR_OPT1,BM.ADDR_OPT2) as keibiAddr,
		'G5' as keibiType,
		KM.LN_KEIYAKU as lnKeiyk
		FROM
		<!-- 警備先マスタ -->
		KEIBI_MST KM
		<!-- 契約先個人マスタ -->
		INNER JOIN KEIYK_KOJIN_MST KKM
		<!-- 警備先マスタ.LN_警備先論理番号 ＝ 契約先個人マスタ.LN_警備先論理番号-->
		ON KM.LN_KEIBI = KKM.LN_KEIBI
		<!-- 物件マスタ -->
		INNER JOIN BUKKEN_MST BM
		<!-- 警備先マスタ.LN_物件論理番号 ＝ 物件マスタ.LN_物件論理番号 -->
		ON KM.LN_BUKKEN = BM.LN_BUKKEN
		<!-- 住所マスタ -->
		INNER JOIN ADDR_MST AM
		<!-- 物件マスタ.都道府県_ID ＝ 住所マスタ.都道府県_ID -->
		ON BM.ID_ADDR_CD1 = AM.ID_ADDR_CD1
		AND BM.ID_ADDR_CD2 = AM.ID_ADDR_CD2
		AND BM.ID_ADDR_CD3 = AM.ID_ADDR_CD3
		AND BM.ID_ADDR_CD4 = AM.ID_ADDR_CD4
		WHERE
		KKM.LN_KEIYK_KOJIN = #{lnAcntUser}
		<if test="keiBi != null and keiBi != ''">
			AND (KM.KEIBI_NAME1 LIKE CONCAT(CONCAT('%', #{keiBi}, '%')) ESCAPE '/'
			OR KM.KEIBI_NAME2 LIKE CONCAT(CONCAT('%', #{keiBi}, '%')) ESCAPE '/'
			OR KM.KEIBI_NAME1_KANA LIKE CONCAT(CONCAT('%', #{keiBi}, '%')) ESCAPE '/'
			OR KM.KEIBI_NAME2_KANA LIKE CONCAT(CONCAT('%', #{keiBi}, '%')) ESCAPE '/')
		</if>
		ORDER BY KM.KEIBI_NAME1 ASC,
		KM.KEIBI_NAME2 ASC,
		KM.LN_KEIBI ASC
<!-- 		LIMIT #{offset} , #{pageSize} -->
	</select>
	
	<!-- 検索結果一覧の取得:警備先件数の取得(ＧⅤ)-->
	<select id="searchKeiBiListInfoCntGv" resultType="java.lang.Integer">
	    SELECT
		COUNT(KM.LN_KEIBI)
		FROM
		<!-- 警備先マスタ -->
		KEIBI_MST KM
		<!-- 契約先個人マスタ -->
		INNER JOIN KEIYK_KOJIN_MST KKM
		<!-- 警備先マスタ.LN_警備先論理番号 ＝ 契約先個人マスタ.LN_警備先論理番号-->
		ON KM.LN_KEIBI = KKM.LN_KEIBI
		<!-- 物件マスタ -->
		INNER JOIN BUKKEN_MST BM
		<!-- 警備先マスタ.LN_物件論理番号 ＝ 物件マスタ.LN_物件論理番号 -->
		ON KM.LN_BUKKEN = BM.LN_BUKKEN
		<!-- 住所マスタ -->
		INNER JOIN ADDR_MST AM
		<!-- 物件マスタ.都道府県_ID ＝ 住所マスタ.都道府県_ID -->
		ON BM.ID_ADDR_CD1 = AM.ID_ADDR_CD1
		AND BM.ID_ADDR_CD2 = AM.ID_ADDR_CD2
		AND BM.ID_ADDR_CD3 = AM.ID_ADDR_CD3
		AND BM.ID_ADDR_CD4 = AM.ID_ADDR_CD4
		WHERE
		KKM.LN_KEIYK_KOJIN = #{lnAcntUser}
		<if test="keiBi != null and keiBi != ''">
			AND (KM.KEIBI_NAME1 LIKE CONCAT(CONCAT('%', #{keiBi}, '%')) ESCAPE '/'
			OR KM.KEIBI_NAME2 LIKE CONCAT(CONCAT('%', #{keiBi}, '%')) ESCAPE '/'
			OR KM.KEIBI_NAME1_KANA LIKE CONCAT(CONCAT('%', #{keiBi}, '%')) ESCAPE '/'
			OR KM.KEIBI_NAME2_KANA LIKE CONCAT(CONCAT('%', #{keiBi}, '%')) ESCAPE '/')
		</if>
	</select>
	
	<!--GⅤユーザー情報の取得 -->
	<select id="searchHsUserMst" resultMap="BaseResultMap">
		SELECT
			MAIL_ADDR as USER_ID,
			MAIL_PASSWORD as PASSWORD
		FROM
		<!-- 契約先個人マスタ-->
		   KEIYK_KOJIN_MST
		WHERE
			LN_KEIYK_KOJIN = #{lnHsUser}
	</select>
	
</mapper>