<?xml version="1.0" encoding="UTF-8"?>
<beans xmlns="http://www.springframework.org/schema/beans"
	xmlns:xsi="http://www.w3.org/2001/XMLSchema-instance"
	xsi:schemaLocation="http://www.springframework.org/schema/beans http://www.springframework.org/schema/beans/spring-beans.xsd">

	<bean id="_biometricIdService"
		class="com.nec.biomatcher.comp.bioevent.impl.BiometricIdServiceImpl">
		<property name="biometricEventDao" ref="biometricEventDao" />
	</bean>
	
	<bean id="biometricIdGenerator"
		class="com.nec.biomatcher.comp.util.BiometricIdGenerator">
		<property name="biometricIdService" ref="biometricIdService" />
		<property name="bioMatcherConfigService" ref="bioMatcherConfigService" />
		<property name="bioParameterService" ref="bioParameterService" />
	</bean>

	<bean id="_biometricEventService"
		class="com.nec.biomatcher.comp.bioevent.impl.BiometricEventServiceImpl">
		<property name="biometricEventDao" ref="biometricEventDao" />
		<property name="bioMatchManagerDao" ref="bioMatchManagerDao" />
		<property name="templateDataService" ref="templateDataService" />
		<property name="biometricIdGenerator" ref="biometricIdGenerator" />
		<property name="concurrentSequenceGenerator" ref="concurrentSequenceGenerator" />
		<property name="bioMatcherConfigService" ref="bioMatcherConfigService" />
		<property name="bioParameterService" ref="bioParameterService" />
		<property name="bioLockingService" ref="bioLockingService" />
	</bean>
	
	<bean id="biometricEventDao"
		class="com.nec.biomatcher.comp.bioevent.dataAccess.impl.BiometricEventHibernateImpl"
		parent="abstractDao" lazy-init="true">
	</bean>

	<bean id="biometricEventBulkQuery"
		class="com.nec.biomatcher.comp.bioevent.util.BiometricEventBulkQuery">
		<property name="biometricEventService" ref="biometricEventService" />
		<property name="adminClusterInstance" ref="adminClusterInstance" />
		<property name="bioParameterService" ref="bioParameterService" />
	</bean>

</beans>
