<?xml version="1.0" encoding="UTF-8"?>
<beans xmlns="http://www.springframework.org/schema/beans"
	xmlns:xsi="http://www.w3.org/2001/XMLSchema-instance"
	xsi:schemaLocation="http://www.springframework.org/schema/beans http://www.springframework.org/schema/beans/spring-beans.xsd">

	<bean id="_bioSequenceGenerator"
		class="com.nec.biomatcher.comp.common.sequence.impl.BioSequenceGeneratorImpl">
		<property name="dao" ref="sequenceGeneratorDao" />
		<property name="lockingService" ref="bioLockingService"  />
	</bean>

	<bean id="sequenceGeneratorDao"
		class="com.nec.biomatcher.comp.common.sequence.dataAccess.impl.BioSequenceGeneratorHibernateImpl"
		parent="abstractDao" lazy-init="true">
	</bean>

	<bean id="concurrentSequenceGenerator"
		class="com.nec.biomatcher.comp.util.ConcurrentSequenceGenerator">
		<property name="bioSequenceGenerator" ref="bioSequenceGenerator" />
	</bean>

	<bean id="jobIdGenerator"
		class="com.nec.biomatcher.comp.util.JobIdGenerator" lazy-init="false">
		<property name="bioSequenceGenerator" ref="bioSequenceGenerator" />
	</bean>	
	
</beans>
