<?xml version="1.0" encoding="UTF-8"?>
<beans xmlns="http://www.springframework.org/schema/beans"
	xmlns:xsi="http://www.w3.org/2001/XMLSchema-instance"
	xsi:schemaLocation="http://www.springframework.org/schema/beans http://www.springframework.org/schema/beans/spring-beans.xsd">
 	
    <bean id="jdbcDatasource" destroy-method="close" class="org.apache.commons.dbcp2.BasicDataSource">
		<!-- For mysql -->
		<!--        
		<property name="driverClassName" value="com.mysql.jdbc.Driver" />
		<property name="url" value="jdbc:mysql://10.4.35.7:1521/LAITDB" />
		<property name="validationQuery" value="SELECT 1" />
		 -->
		 
		 <!-- For oracle -->
		<property name="driverClassName" value="oracle.jdbc.driver.OracleDriver" />
        <property name="url" value="jdbc:oracle:thin:@10.4.35.7:1521:LAITDB" />
        <property name="validationQuery" value="SELECT 'X' FROM DUAL" />
        
        <property name="username" value="BIO_MATCHER" />
        <property name="password" value="password1" />
        <property name="initialSize" value="10" />
        <property name="maxTotal" value="50" />
        <property name="testOnBorrow" value="true" />
        
    </bean>
    
	<bean id="etlContext" class="com.nec.biomatcher.tools.templatestorage.etl.EtlContext">
		<property name="extractorBatchSize" value="5000" />
		<property name="loaderBatchSize" value="50" />

		<property name="maxTransformerQueueSize" value="20000" />
		<property name="maxLoaderQueueSize" value="1000" />

		<property name="transformerConcurrency" value="50" />
		<property name="loaderConcurrency" value="10" />

		<!-- 
		This catchupFromDateTime value should be set only during the catchup mode. 
		Format of the value should be yyyyMMddHHmmss 
		-->
		<property name="catchupFromDateTime">
			<null/>
		</property>

	</bean>

</beans>